-- Generated by Oracle SQL Developer Data Modeler 21.2.0.183.1957
--   at:        2021-12-13 01:02:35 CET
--   site:      Oracle Database 11g
--   type:      Oracle Database 11g



-- predefined type, no DDL - MDSYS.SDO_GEOMETRY

-- predefined type, no DDL - XMLTYPE

CREATE TABLE ambulancia (
    ambulancia_id          INTEGER NOT NULL,
    ambulancia_nazov       VARCHAR2(50 CHAR) NOT NULL,
    ambulancia_popis       VARCHAR2(100 CHAR),
    ambulancia_poschodie   VARCHAR2(30 CHAR),
    oddelenie_oddelenie_id INTEGER NOT NULL,
    lekari_lekari_id       INTEGER NOT NULL
);

ALTER TABLE ambulancia ADD CONSTRAINT ambulancia_pk PRIMARY KEY ( ambulancia_id );

CREATE TABLE asistenti (
    asistenti_id         INTEGER NOT NULL,
    asistenti_meno       VARCHAR2(50 CHAR),
    asistenti_priezvisko VARCHAR2(50 CHAR),
    asistenti_uvazok     VARCHAR2(50 CHAR),
    asistenti_plat       INTEGER,
    lekari_lekari_id     INTEGER NOT NULL
);

ALTER TABLE asistenti ADD CONSTRAINT asistenti_pk PRIMARY KEY ( asistenti_id );

CREATE TABLE lek_pac (
    lekari_lekari_id         INTEGER NOT NULL,
    pacienti_pacienti_rodcis INTEGER NOT NULL
);

ALTER TABLE lek_pac ADD CONSTRAINT lek_pac_pk PRIMARY KEY ( lekari_lekari_id,
                                                            pacienti_pacienti_rodcis );

CREATE TABLE lekari (
    lekari_id         INTEGER NOT NULL,
    lekari_titul      VARCHAR2(15 CHAR) NOT NULL,
    lekari_meno       VARCHAR2(50 CHAR) NOT NULL,
    lekari_priezvisko VARCHAR2(50 CHAR) NOT NULL,
    lekari_zameranie  VARCHAR2(50 CHAR),
    lekari_uvazok     VARCHAR2(50 CHAR),
    lekari_plat       INTEGER
);

ALTER TABLE lekari ADD CONSTRAINT lekari_pk PRIMARY KEY ( lekari_id );

CREATE TABLE nemocnica (
    nemocnica_id     INTEGER NOT NULL,
    nemocnica_nazov  VARCHAR2(50 CHAR) NOT NULL,
    nemocnica_ulica  VARCHAR2(50 CHAR) NOT NULL,
    nemocnica_supcis INTEGER NOT NULL,
    nemocnica_mesto  VARCHAR2(50 CHAR) NOT NULL
);

ALTER TABLE nemocnica ADD CONSTRAINT nemocnica_pk PRIMARY KEY ( nemocnica_id );

CREATE TABLE odd_lek (
    oddelenie_oddelenie_id INTEGER NOT NULL,
    lekari_lekari_id       INTEGER NOT NULL
);

ALTER TABLE odd_lek ADD CONSTRAINT odd_lek_pk PRIMARY KEY ( oddelenie_oddelenie_id,
                                                            lekari_lekari_id );

CREATE TABLE oddelenie (
    oddelenie_id           INTEGER NOT NULL,
    oddelenie_nazov        VARCHAR2(50 CHAR) NOT NULL,
    oddelenie_popis        VARCHAR2(100 CHAR),
    nemocnica_nemocnica_id INTEGER NOT NULL
);

ALTER TABLE oddelenie ADD CONSTRAINT oddelenie_pk PRIMARY KEY ( oddelenie_id );

CREATE TABLE pacienti (
    pacienti_rodcis     INTEGER NOT NULL,
    pacienti_meno       VARCHAR2(50 CHAR) NOT NULL,
    pacienti_priezvisko VARCHAR2(50 CHAR) NOT NULL,
    pacienti_telefon    INTEGER
);

ALTER TABLE pacienti ADD CONSTRAINT pacienti_pk PRIMARY KEY ( pacienti_rodcis );

CREATE TABLE vybavenie (
    vybavenie_id             INTEGER NOT NULL,
    vybavenie_nazov          VARCHAR2(50 CHAR) NOT NULL,
    vybavenie_popis          VARCHAR2(100 CHAR),
    ambulancia_ambulancia_id INTEGER
);

ALTER TABLE vybavenie ADD CONSTRAINT vybavenie_pk PRIMARY KEY ( vybavenie_id );

ALTER TABLE ambulancia
    ADD CONSTRAINT ambulancia_lekari_fk FOREIGN KEY ( lekari_lekari_id )
        REFERENCES lekari ( lekari_id );

ALTER TABLE ambulancia
    ADD CONSTRAINT ambulancia_oddelenie_fk FOREIGN KEY ( oddelenie_oddelenie_id )
        REFERENCES oddelenie ( oddelenie_id );

ALTER TABLE asistenti
    ADD CONSTRAINT asistenti_lekari_fk FOREIGN KEY ( lekari_lekari_id )
        REFERENCES lekari ( lekari_id );

ALTER TABLE lek_pac
    ADD CONSTRAINT lek_pac_lekari_fk FOREIGN KEY ( lekari_lekari_id )
        REFERENCES lekari ( lekari_id );

ALTER TABLE lek_pac
    ADD CONSTRAINT lek_pac_pacienti_fk FOREIGN KEY ( pacienti_pacienti_rodcis )
        REFERENCES pacienti ( pacienti_rodcis );

ALTER TABLE odd_lek
    ADD CONSTRAINT odd_lek_lekari_fk FOREIGN KEY ( lekari_lekari_id )
        REFERENCES lekari ( lekari_id );

ALTER TABLE odd_lek
    ADD CONSTRAINT odd_lek_oddelenie_fk FOREIGN KEY ( oddelenie_oddelenie_id )
        REFERENCES oddelenie ( oddelenie_id );

ALTER TABLE oddelenie
    ADD CONSTRAINT oddelenie_nemocnica_fk FOREIGN KEY ( nemocnica_nemocnica_id )
        REFERENCES nemocnica ( nemocnica_id );

ALTER TABLE vybavenie
    ADD CONSTRAINT vybavenie_ambulancia_fk FOREIGN KEY ( ambulancia_ambulancia_id )
        REFERENCES ambulancia ( ambulancia_id );



-- Oracle SQL Developer Data Modeler Summary Report: 
-- 
-- CREATE TABLE                             9
-- CREATE INDEX                             0
-- ALTER TABLE                             18
-- CREATE VIEW                              0
-- ALTER VIEW                               0
-- CREATE PACKAGE                           0
-- CREATE PACKAGE BODY                      0
-- CREATE PROCEDURE                         0
-- CREATE FUNCTION                          0
-- CREATE TRIGGER                           0
-- ALTER TRIGGER                            0
-- CREATE COLLECTION TYPE                   0
-- CREATE STRUCTURED TYPE                   0
-- CREATE STRUCTURED TYPE BODY              0
-- CREATE CLUSTER                           0
-- CREATE CONTEXT                           0
-- CREATE DATABASE                          0
-- CREATE DIMENSION                         0
-- CREATE DIRECTORY                         0
-- CREATE DISK GROUP                        0
-- CREATE ROLE                              0
-- CREATE ROLLBACK SEGMENT                  0
-- CREATE SEQUENCE                          0
-- CREATE MATERIALIZED VIEW                 0
-- CREATE MATERIALIZED VIEW LOG             0
-- CREATE SYNONYM                           0
-- CREATE TABLESPACE                        0
-- CREATE USER                              0
-- 
-- DROP TABLESPACE                          0
-- DROP DATABASE                            0
-- 
-- REDACTION POLICY                         0
-- 
-- ORDS DROP SCHEMA                         0
-- ORDS ENABLE SCHEMA                       0
-- ORDS ENABLE OBJECT                       0
-- 
-- ERRORS                                   0
-- WARNINGS                                 0





insert into NEMOCNICA (nemocnica_id, nemocnica_nazov, nemocnica_ulica, nemocnica_supcis, nemocnica_mesto) values (1, 'Wiza Group', 'Welch', '37', 'Wanmingang');
insert into NEMOCNICA (nemocnica_id, nemocnica_nazov, nemocnica_ulica, nemocnica_supcis, nemocnica_mesto) values (2, 'Nitzsche-Runte', 'Rusk', '38180', 'Al Qiţena');
insert into NEMOCNICA (nemocnica_id, nemocnica_nazov, nemocnica_ulica, nemocnica_supcis, nemocnica_mesto) values (3, 'Schulist and Sons', 'Holmberg', '061', 'Kobeřice');
insert into NEMOCNICA (nemocnica_id, nemocnica_nazov, nemocnica_ulica, nemocnica_supcis, nemocnica_mesto) values (4, 'Morar, Harvey and Thiel', 'Thackeray', '106', 'Dongkan');
insert into NEMOCNICA (nemocnica_id, nemocnica_nazov, nemocnica_ulica, nemocnica_supcis, nemocnica_mesto) values (5, 'Tromp LLC', 'Grasskamp', '11', 'Al Muharraq');
insert into NEMOCNICA (nemocnica_id, nemocnica_nazov, nemocnica_ulica, nemocnica_supcis, nemocnica_mesto) values (6, 'Hodkiewicz, Kunde and Frami', 'Nova', '60477', 'Kafr al Labad');
insert into NEMOCNICA (nemocnica_id, nemocnica_nazov, nemocnica_ulica, nemocnica_supcis, nemocnica_mesto) values (7, 'Boyle, Lemke and Lakin', 'Holmberg', '475', 'Kibiti');
insert into NEMOCNICA (nemocnica_id, nemocnica_nazov, nemocnica_ulica, nemocnica_supcis, nemocnica_mesto) values (8, 'Williamson, Hills and Hamill', 'Mifflin', '90', 'Matadi');
insert into NEMOCNICA (nemocnica_id, nemocnica_nazov, nemocnica_ulica, nemocnica_supcis, nemocnica_mesto) values (9, 'Yost Group', 'Buell', '98496', 'Seririt');
insert into NEMOCNICA (nemocnica_id, nemocnica_nazov, nemocnica_ulica, nemocnica_supcis, nemocnica_mesto) values (10, 'Nader, Senger and Weber', 'Sloan', '5011', 'Smołdzino');
insert into NEMOCNICA (nemocnica_id, nemocnica_nazov, nemocnica_ulica, nemocnica_supcis, nemocnica_mesto) values (11, 'Runolfsdottir, Koelpin and Farrell', 'Goodland', '870', 'Sukasirna');
insert into NEMOCNICA (nemocnica_id, nemocnica_nazov, nemocnica_ulica, nemocnica_supcis, nemocnica_mesto) values (12, 'Schowalter-Glover', 'Prairie Rose', '476', 'Sarzedo');
insert into NEMOCNICA (nemocnica_id, nemocnica_nazov, nemocnica_ulica, nemocnica_supcis, nemocnica_mesto) values (13, 'Monahan Group', 'Duke', '77', 'Mucifal');
insert into NEMOCNICA (nemocnica_id, nemocnica_nazov, nemocnica_ulica, nemocnica_supcis, nemocnica_mesto) values (14, 'Murphy, Feest and Bechtelar', 'Basil', '9', 'Kuleqi');
insert into NEMOCNICA (nemocnica_id, nemocnica_nazov, nemocnica_ulica, nemocnica_supcis, nemocnica_mesto) values (15, 'Ferry, Emard and Bogisich', 'New Castle', '5887', 'Dąbie');
insert into NEMOCNICA (nemocnica_id, nemocnica_nazov, nemocnica_ulica, nemocnica_supcis, nemocnica_mesto) values (16, 'Abshire Inc', 'Boyd', '7', 'Křížová');
insert into NEMOCNICA (nemocnica_id, nemocnica_nazov, nemocnica_ulica, nemocnica_supcis, nemocnica_mesto) values (17, 'Sipes Inc', 'Southridge', '40066', 'Colomi');
insert into NEMOCNICA (nemocnica_id, nemocnica_nazov, nemocnica_ulica, nemocnica_supcis, nemocnica_mesto) values (18, 'Reichert, Hoppe and Zboncak', 'Homewood', '7', 'Sembungin');
insert into NEMOCNICA (nemocnica_id, nemocnica_nazov, nemocnica_ulica, nemocnica_supcis, nemocnica_mesto) values (19, 'Fadel, Smith and Kihn', 'John Wall', '1456', 'As Salţ');
insert into NEMOCNICA (nemocnica_id, nemocnica_nazov, nemocnica_ulica, nemocnica_supcis, nemocnica_mesto) values (20, 'Larson, Carroll and Bins', 'Forest Run', '4', 'Yongfeng');
insert into NEMOCNICA (nemocnica_id, nemocnica_nazov, nemocnica_ulica, nemocnica_supcis, nemocnica_mesto) values (21, 'Metz-Cremin', 'Loeprich', '1707', 'Leskovac');
insert into NEMOCNICA (nemocnica_id, nemocnica_nazov, nemocnica_ulica, nemocnica_supcis, nemocnica_mesto) values (22, 'Spencer-Wintheiser', 'Thompson', '6447', 'Sidomukti');
insert into NEMOCNICA (nemocnica_id, nemocnica_nazov, nemocnica_ulica, nemocnica_supcis, nemocnica_mesto) values (23, 'Johns-Metz', 'Jackson', '74', 'Sitabamba');
insert into NEMOCNICA (nemocnica_id, nemocnica_nazov, nemocnica_ulica, nemocnica_supcis, nemocnica_mesto) values (24, 'Roob Inc', 'Orin', '0', 'Jampang Kulon');
insert into NEMOCNICA (nemocnica_id, nemocnica_nazov, nemocnica_ulica, nemocnica_supcis, nemocnica_mesto) values (25, 'Gusikowski, Parisian and Wolff', 'High Crossing', '75', 'Ribamar');
insert into NEMOCNICA (nemocnica_id, nemocnica_nazov, nemocnica_ulica, nemocnica_supcis, nemocnica_mesto) values (26, 'Stiedemann Group', 'Gulseth', '4336', 'Bluri');
insert into NEMOCNICA (nemocnica_id, nemocnica_nazov, nemocnica_ulica, nemocnica_supcis, nemocnica_mesto) values (27, 'Wolff Group', 'Forest Run', '35624', 'Tianmen');
insert into NEMOCNICA (nemocnica_id, nemocnica_nazov, nemocnica_ulica, nemocnica_supcis, nemocnica_mesto) values (28, 'Harris LLC', 'Forest Dale', '1993', 'Fuming');
insert into NEMOCNICA (nemocnica_id, nemocnica_nazov, nemocnica_ulica, nemocnica_supcis, nemocnica_mesto) values (29, 'Corwin, Rice and Fay', 'Brentwood', '3', 'Ajung');
insert into NEMOCNICA (nemocnica_id, nemocnica_nazov, nemocnica_ulica, nemocnica_supcis, nemocnica_mesto) values (30, 'Nolan LLC', 'Transport', '4125', 'Guotan');
insert into NEMOCNICA (nemocnica_id, nemocnica_nazov, nemocnica_ulica, nemocnica_supcis, nemocnica_mesto) values (31, 'Ledner LLC', 'Lukken', '074', 'Ōdate');
insert into NEMOCNICA (nemocnica_id, nemocnica_nazov, nemocnica_ulica, nemocnica_supcis, nemocnica_mesto) values (32, 'Schneider, Yundt and Koepp', 'Petterle', '14', 'Lhabupu');
insert into NEMOCNICA (nemocnica_id, nemocnica_nazov, nemocnica_ulica, nemocnica_supcis, nemocnica_mesto) values (33, 'Purdy, Gleichner and Schultz', 'Sachs', '3714', 'Oeiras');
insert into NEMOCNICA (nemocnica_id, nemocnica_nazov, nemocnica_ulica, nemocnica_supcis, nemocnica_mesto) values (34, 'Maggio, Leannon and Rohan', 'Spohn', '877', 'Bendo');
insert into NEMOCNICA (nemocnica_id, nemocnica_nazov, nemocnica_ulica, nemocnica_supcis, nemocnica_mesto) values (35, 'Tillman, Toy and Considine', 'Bartelt', '27', '‘Anīn');
insert into NEMOCNICA (nemocnica_id, nemocnica_nazov, nemocnica_ulica, nemocnica_supcis, nemocnica_mesto) values (36, 'Bartoletti Inc', 'Northland', '65', 'Ziroudani');
insert into NEMOCNICA (nemocnica_id, nemocnica_nazov, nemocnica_ulica, nemocnica_supcis, nemocnica_mesto) values (37, 'Jacobson-Ruecker', 'Bay', '362', 'Jichang');
insert into NEMOCNICA (nemocnica_id, nemocnica_nazov, nemocnica_ulica, nemocnica_supcis, nemocnica_mesto) values (38, 'Ferry LLC', 'Cody', '54', 'Tabatinga');
insert into NEMOCNICA (nemocnica_id, nemocnica_nazov, nemocnica_ulica, nemocnica_supcis, nemocnica_mesto) values (39, 'Renner Inc', 'Westridge', '11462', 'Huiwan');
insert into NEMOCNICA (nemocnica_id, nemocnica_nazov, nemocnica_ulica, nemocnica_supcis, nemocnica_mesto) values (40, 'Kohler, Schoen and Mann', 'Acker', '0116', 'Currais');
insert into NEMOCNICA (nemocnica_id, nemocnica_nazov, nemocnica_ulica, nemocnica_supcis, nemocnica_mesto) values (41, 'Pfannerstill-Nicolas', 'Knutson', '2', 'Diapaga');
insert into NEMOCNICA (nemocnica_id, nemocnica_nazov, nemocnica_ulica, nemocnica_supcis, nemocnica_mesto) values (42, 'Klein-Conroy', 'Harbort', '9', 'Stakhanov');
insert into NEMOCNICA (nemocnica_id, nemocnica_nazov, nemocnica_ulica, nemocnica_supcis, nemocnica_mesto) values (43, 'Nikolaus-Kerluke', 'Glacier Hill', '4', 'Karangtengah Lor');
insert into NEMOCNICA (nemocnica_id, nemocnica_nazov, nemocnica_ulica, nemocnica_supcis, nemocnica_mesto) values (44, 'Bruen-Heller', 'Fulton', '4560', 'Tirapata');
insert into NEMOCNICA (nemocnica_id, nemocnica_nazov, nemocnica_ulica, nemocnica_supcis, nemocnica_mesto) values (45, 'Haley Inc', 'Packers', '199', 'Rozhnyativ');
insert into NEMOCNICA (nemocnica_id, nemocnica_nazov, nemocnica_ulica, nemocnica_supcis, nemocnica_mesto) values (46, 'Adams and Sons', 'Rutledge', '5340', 'Temirtau');
insert into NEMOCNICA (nemocnica_id, nemocnica_nazov, nemocnica_ulica, nemocnica_supcis, nemocnica_mesto) values (47, 'Dickinson Group', 'Basil', '679', 'Kuanfeu');
insert into NEMOCNICA (nemocnica_id, nemocnica_nazov, nemocnica_ulica, nemocnica_supcis, nemocnica_mesto) values (48, 'Schulist-Kling', 'South', '45', 'Chornukhy');
insert into NEMOCNICA (nemocnica_id, nemocnica_nazov, nemocnica_ulica, nemocnica_supcis, nemocnica_mesto) values (49, 'Von, Bode and Hilpert', 'Springs', '56334', 'Lagodekhi');
insert into NEMOCNICA (nemocnica_id, nemocnica_nazov, nemocnica_ulica, nemocnica_supcis, nemocnica_mesto) values (50, 'Hand-Barton', 'Jenifer', '18538', 'Đưc Trọng');
insert into NEMOCNICA (nemocnica_id, nemocnica_nazov, nemocnica_ulica, nemocnica_supcis, nemocnica_mesto) values (51, 'Morissette-Kozey', 'Forest', '99838', 'Al Khāniq');
insert into NEMOCNICA (nemocnica_id, nemocnica_nazov, nemocnica_ulica, nemocnica_supcis, nemocnica_mesto) values (52, 'Muller and Sons', 'Oxford', '471', 'Akademgorodok');
insert into NEMOCNICA (nemocnica_id, nemocnica_nazov, nemocnica_ulica, nemocnica_supcis, nemocnica_mesto) values (53, 'Harber-Jacobi', 'Moulton', '43593', 'Caraguatatuba');
insert into NEMOCNICA (nemocnica_id, nemocnica_nazov, nemocnica_ulica, nemocnica_supcis, nemocnica_mesto) values (54, 'Gorczany Inc', 'Basil', '9440', 'Qalyūb');
insert into NEMOCNICA (nemocnica_id, nemocnica_nazov, nemocnica_ulica, nemocnica_supcis, nemocnica_mesto) values (55, 'Hudson and Sons', 'Ramsey', '0932', 'Koysinceq');
insert into NEMOCNICA (nemocnica_id, nemocnica_nazov, nemocnica_ulica, nemocnica_supcis, nemocnica_mesto) values (56, 'King-Lowe', 'Hallows', '8827', 'Termas de Río Hondo');
insert into NEMOCNICA (nemocnica_id, nemocnica_nazov, nemocnica_ulica, nemocnica_supcis, nemocnica_mesto) values (57, 'Halvorson-Kulas', 'Charing Cross', '1', 'Dingcheng');
insert into NEMOCNICA (nemocnica_id, nemocnica_nazov, nemocnica_ulica, nemocnica_supcis, nemocnica_mesto) values (58, 'Kunde Inc', 'Prairieview', '4569', 'Kisanga');
insert into NEMOCNICA (nemocnica_id, nemocnica_nazov, nemocnica_ulica, nemocnica_supcis, nemocnica_mesto) values (59, 'Kovacek, Mills and Gislason', 'Gateway', '991', 'Tchamba');
insert into NEMOCNICA (nemocnica_id, nemocnica_nazov, nemocnica_ulica, nemocnica_supcis, nemocnica_mesto) values (60, 'Gleason, Botsford and Dibbert', 'Utah', '22', 'Guayabal de Síquima');
insert into NEMOCNICA (nemocnica_id, nemocnica_nazov, nemocnica_ulica, nemocnica_supcis, nemocnica_mesto) values (61, 'Aufderhar-Schamberger', 'Mifflin', '7298', 'Tangwei');
insert into NEMOCNICA (nemocnica_id, nemocnica_nazov, nemocnica_ulica, nemocnica_supcis, nemocnica_mesto) values (62, 'Dickinson, King and Rolfson', 'Autumn Leaf', '2857', 'Khemisset');
insert into NEMOCNICA (nemocnica_id, nemocnica_nazov, nemocnica_ulica, nemocnica_supcis, nemocnica_mesto) values (63, 'Gutmann-Tromp', 'Golden Leaf', '29', 'Luoyang');
insert into NEMOCNICA (nemocnica_id, nemocnica_nazov, nemocnica_ulica, nemocnica_supcis, nemocnica_mesto) values (64, 'McDermott-Brekke', 'Westport', '4', 'Tualeu');
insert into NEMOCNICA (nemocnica_id, nemocnica_nazov, nemocnica_ulica, nemocnica_supcis, nemocnica_mesto) values (65, 'Von, Maggio and Mann', 'Erie', '4815', 'Galleh Manda');
insert into NEMOCNICA (nemocnica_id, nemocnica_nazov, nemocnica_ulica, nemocnica_supcis, nemocnica_mesto) values (66, 'Herzog Inc', 'Pawling', '752', 'Petaẖ Tiqwa');
insert into NEMOCNICA (nemocnica_id, nemocnica_nazov, nemocnica_ulica, nemocnica_supcis, nemocnica_mesto) values (67, 'Block, Mayer and Collins', 'Daystar', '688', 'Huangpu');
insert into NEMOCNICA (nemocnica_id, nemocnica_nazov, nemocnica_ulica, nemocnica_supcis, nemocnica_mesto) values (68, 'Frami-Zieme', 'Bayside', '2477', 'Zhamao');
insert into NEMOCNICA (nemocnica_id, nemocnica_nazov, nemocnica_ulica, nemocnica_supcis, nemocnica_mesto) values (69, 'Hansen, Kertzmann and Turner', 'Maple Wood', '95', 'Chýnov');
insert into NEMOCNICA (nemocnica_id, nemocnica_nazov, nemocnica_ulica, nemocnica_supcis, nemocnica_mesto) values (70, 'Bartoletti and Sons', 'West', '37', 'Dassa-Zoumé');
insert into NEMOCNICA (nemocnica_id, nemocnica_nazov, nemocnica_ulica, nemocnica_supcis, nemocnica_mesto) values (71, 'McKenzie LLC', 'Cascade', '5', 'Gobernador Costa');
insert into NEMOCNICA (nemocnica_id, nemocnica_nazov, nemocnica_ulica, nemocnica_supcis, nemocnica_mesto) values (72, 'Jacobson, Welch and Volkman', 'Kennedy', '4', 'Caigangan');
insert into NEMOCNICA (nemocnica_id, nemocnica_nazov, nemocnica_ulica, nemocnica_supcis, nemocnica_mesto) values (73, 'Breitenberg-Steuber', 'Rusk', '725', 'Kallinge');
insert into NEMOCNICA (nemocnica_id, nemocnica_nazov, nemocnica_ulica, nemocnica_supcis, nemocnica_mesto) values (74, 'Jakubowski-Bergnaum', 'Towne', '55274', 'Yunyang');
insert into NEMOCNICA (nemocnica_id, nemocnica_nazov, nemocnica_ulica, nemocnica_supcis, nemocnica_mesto) values (75, 'Emmerich Group', 'Waubesa', '1246', 'Nanshan');
insert into NEMOCNICA (nemocnica_id, nemocnica_nazov, nemocnica_ulica, nemocnica_supcis, nemocnica_mesto) values (76, 'Marquardt, Jenkins and Wehner', 'Waxwing', '1', 'Zhuhe');
insert into NEMOCNICA (nemocnica_id, nemocnica_nazov, nemocnica_ulica, nemocnica_supcis, nemocnica_mesto) values (77, 'Ernser and Sons', 'Graceland', '05', 'Tiền Hải');
insert into NEMOCNICA (nemocnica_id, nemocnica_nazov, nemocnica_ulica, nemocnica_supcis, nemocnica_mesto) values (78, 'Wiza, Zboncak and Conroy', 'Gateway', '7', 'Tangban');
insert into NEMOCNICA (nemocnica_id, nemocnica_nazov, nemocnica_ulica, nemocnica_supcis, nemocnica_mesto) values (79, 'Friesen and Sons', 'Magdeline', '36', 'Uppsala');
insert into NEMOCNICA (nemocnica_id, nemocnica_nazov, nemocnica_ulica, nemocnica_supcis, nemocnica_mesto) values (80, 'Feil LLC', 'Sunnyside', '578', 'Vancouver');
insert into NEMOCNICA (nemocnica_id, nemocnica_nazov, nemocnica_ulica, nemocnica_supcis, nemocnica_mesto) values (81, 'Mosciski, Schmitt and Stehr', 'Hintze', '6889', 'Sebuku');
insert into NEMOCNICA (nemocnica_id, nemocnica_nazov, nemocnica_ulica, nemocnica_supcis, nemocnica_mesto) values (82, 'Hyatt-Pollich', 'Bluestem', '2', 'Dorval');
insert into NEMOCNICA (nemocnica_id, nemocnica_nazov, nemocnica_ulica, nemocnica_supcis, nemocnica_mesto) values (83, 'Durgan LLC', 'Heffernan', '77', 'Chishtiān Mandi');
insert into NEMOCNICA (nemocnica_id, nemocnica_nazov, nemocnica_ulica, nemocnica_supcis, nemocnica_mesto) values (84, 'Maggio Inc', 'Graedel', '50', 'Fengshan');
insert into NEMOCNICA (nemocnica_id, nemocnica_nazov, nemocnica_ulica, nemocnica_supcis, nemocnica_mesto) values (85, 'Schmeler, Keebler and Watsica', 'Center', '15184', 'Maple Ridge');
insert into NEMOCNICA (nemocnica_id, nemocnica_nazov, nemocnica_ulica, nemocnica_supcis, nemocnica_mesto) values (86, 'Nicolas-Conn', 'Vera', '435', 'Taocheng');
insert into NEMOCNICA (nemocnica_id, nemocnica_nazov, nemocnica_ulica, nemocnica_supcis, nemocnica_mesto) values (87, 'Little-Mann', 'Moland', '23', 'Herrera');
insert into NEMOCNICA (nemocnica_id, nemocnica_nazov, nemocnica_ulica, nemocnica_supcis, nemocnica_mesto) values (88, 'Jacobson-Kunze', 'Fairfield', '80', 'Staffanstorp');
insert into NEMOCNICA (nemocnica_id, nemocnica_nazov, nemocnica_ulica, nemocnica_supcis, nemocnica_mesto) values (89, 'Willms Inc', 'Mcbride', '45396', 'Lugu');
insert into NEMOCNICA (nemocnica_id, nemocnica_nazov, nemocnica_ulica, nemocnica_supcis, nemocnica_mesto) values (90, 'Berge-Frami', 'Northport', '5', 'Jiangshi');
insert into NEMOCNICA (nemocnica_id, nemocnica_nazov, nemocnica_ulica, nemocnica_supcis, nemocnica_mesto) values (91, 'Lowe-Wilkinson', 'Village', '9', 'Chaloem Phra Kiat');
insert into NEMOCNICA (nemocnica_id, nemocnica_nazov, nemocnica_ulica, nemocnica_supcis, nemocnica_mesto) values (92, 'Corwin, Cruickshank and Thompson', 'Claremont', '59', 'Naikoten Dua');
insert into NEMOCNICA (nemocnica_id, nemocnica_nazov, nemocnica_ulica, nemocnica_supcis, nemocnica_mesto) values (93, 'Abbott, Mohr and Cartwright', 'Coleman', '18', '‘Akko');
insert into NEMOCNICA (nemocnica_id, nemocnica_nazov, nemocnica_ulica, nemocnica_supcis, nemocnica_mesto) values (94, 'Connelly-Trantow', 'Merry', '3096', 'Akropong');
insert into NEMOCNICA (nemocnica_id, nemocnica_nazov, nemocnica_ulica, nemocnica_supcis, nemocnica_mesto) values (95, 'Bins, Morissette and Torp', 'Farwell', '134', 'Stavanger');
insert into NEMOCNICA (nemocnica_id, nemocnica_nazov, nemocnica_ulica, nemocnica_supcis, nemocnica_mesto) values (96, 'Rippin, Kirlin and Schneider', 'Gina', '69', 'La Sarre');
insert into NEMOCNICA (nemocnica_id, nemocnica_nazov, nemocnica_ulica, nemocnica_supcis, nemocnica_mesto) values (97, 'Dach Group', 'Oneill', '85', 'Zambrów');
insert into NEMOCNICA (nemocnica_id, nemocnica_nazov, nemocnica_ulica, nemocnica_supcis, nemocnica_mesto) values (98, 'Erdman, Hagenes and Paucek', 'Stephen', '429', 'Szczaniec');
insert into NEMOCNICA (nemocnica_id, nemocnica_nazov, nemocnica_ulica, nemocnica_supcis, nemocnica_mesto) values (99, 'Satterfield, Stiedemann and Bauch', 'Vermont', '5', 'Floriana');
insert into NEMOCNICA (nemocnica_id, nemocnica_nazov, nemocnica_ulica, nemocnica_supcis, nemocnica_mesto) values (100, 'Abbott Inc', 'Del Mar', '6996', 'Mexico');
insert into NEMOCNICA (nemocnica_id, nemocnica_nazov, nemocnica_ulica, nemocnica_supcis, nemocnica_mesto) values (101, 'Gleason Inc', 'Twin Pines', '16764', 'Baunu-Timbangan');
insert into NEMOCNICA (nemocnica_id, nemocnica_nazov, nemocnica_ulica, nemocnica_supcis, nemocnica_mesto) values (102, 'Lubowitz, Monahan and Hammes', 'Dakota', '5', 'Trindade');
insert into NEMOCNICA (nemocnica_id, nemocnica_nazov, nemocnica_ulica, nemocnica_supcis, nemocnica_mesto) values (103, 'Miller and Sons', 'Prairie Rose', '96', 'Remolino');
insert into NEMOCNICA (nemocnica_id, nemocnica_nazov, nemocnica_ulica, nemocnica_supcis, nemocnica_mesto) values (104, 'Bailey, Glover and Cummings', 'Warrior', '74614', 'Rassvet');
insert into NEMOCNICA (nemocnica_id, nemocnica_nazov, nemocnica_ulica, nemocnica_supcis, nemocnica_mesto) values (105, 'Funk LLC', 'Chive', '04', 'Xishaping');
insert into NEMOCNICA (nemocnica_id, nemocnica_nazov, nemocnica_ulica, nemocnica_supcis, nemocnica_mesto) values (106, 'Ernser, Hudson and O''Conner', 'Fisk', '49712', 'Atakpamé');
insert into NEMOCNICA (nemocnica_id, nemocnica_nazov, nemocnica_ulica, nemocnica_supcis, nemocnica_mesto) values (107, 'Luettgen and Sons', 'Bobwhite', '47460', 'Tarimbang');
insert into NEMOCNICA (nemocnica_id, nemocnica_nazov, nemocnica_ulica, nemocnica_supcis, nemocnica_mesto) values (108, 'Lind-Aufderhar', 'Kim', '08257', 'Calizo');
insert into NEMOCNICA (nemocnica_id, nemocnica_nazov, nemocnica_ulica, nemocnica_supcis, nemocnica_mesto) values (109, 'Lehner LLC', 'Farmco', '6119', 'Vlachovo Březí');
insert into NEMOCNICA (nemocnica_id, nemocnica_nazov, nemocnica_ulica, nemocnica_supcis, nemocnica_mesto) values (110, 'Balistreri, Kiehn and Schowalter', 'Barby', '137', 'El Carmen');

insert into ODDELENIE (oddelenie_id, oddelenie_nazov, oddelenie_popis, Nemocnica_nemocnica_id) values (1, 'Ondricka Group', 'Ecles', 27);
insert into ODDELENIE (oddelenie_id, oddelenie_nazov, oddelenie_popis, Nemocnica_nemocnica_id) values (2, 'Spinka and Sons', null, 11);
insert into ODDELENIE (oddelenie_id, oddelenie_nazov, oddelenie_popis, Nemocnica_nemocnica_id) values (3, 'Goyette LLC', null, 68);
insert into ODDELENIE (oddelenie_id, oddelenie_nazov, oddelenie_popis, Nemocnica_nemocnica_id) values (4, 'Paucek, McClure and Boyle', null, 87);
insert into ODDELENIE (oddelenie_id, oddelenie_nazov, oddelenie_popis, Nemocnica_nemocnica_id) values (5, 'Sipes, Breitenberg and Yost', null, 19);
insert into ODDELENIE (oddelenie_id, oddelenie_nazov, oddelenie_popis, Nemocnica_nemocnica_id) values (6, 'Stroman, Legros and Crooks', null, 79);
insert into ODDELENIE (oddelenie_id, oddelenie_nazov, oddelenie_popis, Nemocnica_nemocnica_id) values (7, 'Herzog and Sons', null, 110);
insert into ODDELENIE (oddelenie_id, oddelenie_nazov, oddelenie_popis, Nemocnica_nemocnica_id) values (8, 'Auer-Jones', null, 24);
insert into ODDELENIE (oddelenie_id, oddelenie_nazov, oddelenie_popis, Nemocnica_nemocnica_id) values (9, 'Kshlerin, Abernathy and MacGyver', null, 6);
insert into ODDELENIE (oddelenie_id, oddelenie_nazov, oddelenie_popis, Nemocnica_nemocnica_id) values (10, 'Koelpin-Turcotte', null, 2);
insert into ODDELENIE (oddelenie_id, oddelenie_nazov, oddelenie_popis, Nemocnica_nemocnica_id) values (11, 'Block Inc', null, 11);
insert into ODDELENIE (oddelenie_id, oddelenie_nazov, oddelenie_popis, Nemocnica_nemocnica_id) values (12, 'Harber, Toy and Swift', null, 48);
insert into ODDELENIE (oddelenie_id, oddelenie_nazov, oddelenie_popis, Nemocnica_nemocnica_id) values (13, 'Larson LLC', null, 46);
insert into ODDELENIE (oddelenie_id, oddelenie_nazov, oddelenie_popis, Nemocnica_nemocnica_id) values (14, 'Reilly LLC', null, 60);
insert into ODDELENIE (oddelenie_id, oddelenie_nazov, oddelenie_popis, Nemocnica_nemocnica_id) values (15, 'Glover-Stiedemann', null, 72);
insert into ODDELENIE (oddelenie_id, oddelenie_nazov, oddelenie_popis, Nemocnica_nemocnica_id) values (16, 'Becker, Gorczany and Boehm', null, 24);
insert into ODDELENIE (oddelenie_id, oddelenie_nazov, oddelenie_popis, Nemocnica_nemocnica_id) values (17, 'Hartmann, Ullrich and Crist', null, 78);
insert into ODDELENIE (oddelenie_id, oddelenie_nazov, oddelenie_popis, Nemocnica_nemocnica_id) values (18, 'Crona Group', null, 4);
insert into ODDELENIE (oddelenie_id, oddelenie_nazov, oddelenie_popis, Nemocnica_nemocnica_id) values (19, 'Haag and Sons', null, 77);
insert into ODDELENIE (oddelenie_id, oddelenie_nazov, oddelenie_popis, Nemocnica_nemocnica_id) values (20, 'Wuckert-Wisoky', null, 48);
insert into ODDELENIE (oddelenie_id, oddelenie_nazov, oddelenie_popis, Nemocnica_nemocnica_id) values (21, 'O''Hara Group', null, 46);
insert into ODDELENIE (oddelenie_id, oddelenie_nazov, oddelenie_popis, Nemocnica_nemocnica_id) values (22, 'Mayer, Fahey and Orn', null, 10);
insert into ODDELENIE (oddelenie_id, oddelenie_nazov, oddelenie_popis, Nemocnica_nemocnica_id) values (23, 'Johns, Heller and Schuster', null, 70);
insert into ODDELENIE (oddelenie_id, oddelenie_nazov, oddelenie_popis, Nemocnica_nemocnica_id) values (24, 'Abshire, Wehner and Raynor', null, 19);
insert into ODDELENIE (oddelenie_id, oddelenie_nazov, oddelenie_popis, Nemocnica_nemocnica_id) values (25, 'Rau-Fritsch', null, 76);
insert into ODDELENIE (oddelenie_id, oddelenie_nazov, oddelenie_popis, Nemocnica_nemocnica_id) values (26, 'Kessler Inc', null, 10);
insert into ODDELENIE (oddelenie_id, oddelenie_nazov, oddelenie_popis, Nemocnica_nemocnica_id) values (27, 'Cremin LLC', null, 87);
insert into ODDELENIE (oddelenie_id, oddelenie_nazov, oddelenie_popis, Nemocnica_nemocnica_id) values (28, 'Ernser-Kuvalis', null, 75);
insert into ODDELENIE (oddelenie_id, oddelenie_nazov, oddelenie_popis, Nemocnica_nemocnica_id) values (29, 'Kutch, Heaney and Funk', null, 28);
insert into ODDELENIE (oddelenie_id, oddelenie_nazov, oddelenie_popis, Nemocnica_nemocnica_id) values (30, 'Carter and Sons', null, 97);
insert into ODDELENIE (oddelenie_id, oddelenie_nazov, oddelenie_popis, Nemocnica_nemocnica_id) values (31, 'Keebler LLC', null, 60);
insert into ODDELENIE (oddelenie_id, oddelenie_nazov, oddelenie_popis, Nemocnica_nemocnica_id) values (32, 'O''Hara, Shanahan and Zulauf', null, 80);
insert into ODDELENIE (oddelenie_id, oddelenie_nazov, oddelenie_popis, Nemocnica_nemocnica_id) values (33, 'Bergstrom Group', null, 89);
insert into ODDELENIE (oddelenie_id, oddelenie_nazov, oddelenie_popis, Nemocnica_nemocnica_id) values (34, 'Schowalter-Durgan', null, 63);
insert into ODDELENIE (oddelenie_id, oddelenie_nazov, oddelenie_popis, Nemocnica_nemocnica_id) values (35, 'Bechtelar-Gorczany', null, 64);
insert into ODDELENIE (oddelenie_id, oddelenie_nazov, oddelenie_popis, Nemocnica_nemocnica_id) values (36, 'Powlowski-Lehner', null, 72);
insert into ODDELENIE (oddelenie_id, oddelenie_nazov, oddelenie_popis, Nemocnica_nemocnica_id) values (37, 'Runolfsdottir-Dietrich', null, 105);
insert into ODDELENIE (oddelenie_id, oddelenie_nazov, oddelenie_popis, Nemocnica_nemocnica_id) values (38, 'Metz, Ruecker and Fisher', null, 70);
insert into ODDELENIE (oddelenie_id, oddelenie_nazov, oddelenie_popis, Nemocnica_nemocnica_id) values (39, 'Bradtke-Treutel', null, 71);
insert into ODDELENIE (oddelenie_id, oddelenie_nazov, oddelenie_popis, Nemocnica_nemocnica_id) values (40, 'Dietrich, Roob and Anderson', 'Eitter', 100);
insert into ODDELENIE (oddelenie_id, oddelenie_nazov, oddelenie_popis, Nemocnica_nemocnica_id) values (41, 'Corkery-Hayes', null, 46);
insert into ODDELENIE (oddelenie_id, oddelenie_nazov, oddelenie_popis, Nemocnica_nemocnica_id) values (42, 'Adams-Hane', null, 13);
insert into ODDELENIE (oddelenie_id, oddelenie_nazov, oddelenie_popis, Nemocnica_nemocnica_id) values (43, 'Altenwerth LLC', null, 93);
insert into ODDELENIE (oddelenie_id, oddelenie_nazov, oddelenie_popis, Nemocnica_nemocnica_id) values (44, 'Watsica Inc', null, 17);
insert into ODDELENIE (oddelenie_id, oddelenie_nazov, oddelenie_popis, Nemocnica_nemocnica_id) values (45, 'Will LLC', null, 99);
insert into ODDELENIE (oddelenie_id, oddelenie_nazov, oddelenie_popis, Nemocnica_nemocnica_id) values (46, 'Wintheiser-Block', null, 73);
insert into ODDELENIE (oddelenie_id, oddelenie_nazov, oddelenie_popis, Nemocnica_nemocnica_id) values (47, 'Hodkiewicz Inc', null, 50);
insert into ODDELENIE (oddelenie_id, oddelenie_nazov, oddelenie_popis, Nemocnica_nemocnica_id) values (48, 'Brakus, Wolff and Muller', null, 85);
insert into ODDELENIE (oddelenie_id, oddelenie_nazov, oddelenie_popis, Nemocnica_nemocnica_id) values (49, 'Ondricka LLC', 'Curd', 11);
insert into ODDELENIE (oddelenie_id, oddelenie_nazov, oddelenie_popis, Nemocnica_nemocnica_id) values (50, 'Williamson, Waters and Prosacco', null, 27);
insert into ODDELENIE (oddelenie_id, oddelenie_nazov, oddelenie_popis, Nemocnica_nemocnica_id) values (51, 'Roob-Daniel', null, 63);
insert into ODDELENIE (oddelenie_id, oddelenie_nazov, oddelenie_popis, Nemocnica_nemocnica_id) values (52, 'Predovic, Ondricka and Davis', null, 89);
insert into ODDELENIE (oddelenie_id, oddelenie_nazov, oddelenie_popis, Nemocnica_nemocnica_id) values (53, 'Hahn LLC', null, 56);
insert into ODDELENIE (oddelenie_id, oddelenie_nazov, oddelenie_popis, Nemocnica_nemocnica_id) values (54, 'Gaylord-Luettgen', null, 60);
insert into ODDELENIE (oddelenie_id, oddelenie_nazov, oddelenie_popis, Nemocnica_nemocnica_id) values (55, 'Conroy, Klein and Powlowski', null, 64);
insert into ODDELENIE (oddelenie_id, oddelenie_nazov, oddelenie_popis, Nemocnica_nemocnica_id) values (56, 'Smith, Lehner and Connelly', null, 37);
insert into ODDELENIE (oddelenie_id, oddelenie_nazov, oddelenie_popis, Nemocnica_nemocnica_id) values (57, 'Hamill-Ebert', null, 81);
insert into ODDELENIE (oddelenie_id, oddelenie_nazov, oddelenie_popis, Nemocnica_nemocnica_id) values (58, 'Frami, Pfannerstill and Lakin', null, 67);
insert into ODDELENIE (oddelenie_id, oddelenie_nazov, oddelenie_popis, Nemocnica_nemocnica_id) values (59, 'Hessel-Pollich', null, 14);
insert into ODDELENIE (oddelenie_id, oddelenie_nazov, oddelenie_popis, Nemocnica_nemocnica_id) values (60, 'Marvin-Reilly', null, 39);
insert into ODDELENIE (oddelenie_id, oddelenie_nazov, oddelenie_popis, Nemocnica_nemocnica_id) values (61, 'McDermott and Sons', null, 110);
insert into ODDELENIE (oddelenie_id, oddelenie_nazov, oddelenie_popis, Nemocnica_nemocnica_id) values (62, 'Pollich-Treutel', null, 1);
insert into ODDELENIE (oddelenie_id, oddelenie_nazov, oddelenie_popis, Nemocnica_nemocnica_id) values (63, 'Boyle, Keebler and Dietrich', null, 54);
insert into ODDELENIE (oddelenie_id, oddelenie_nazov, oddelenie_popis, Nemocnica_nemocnica_id) values (64, 'Kuhic LLC', null, 46);
insert into ODDELENIE (oddelenie_id, oddelenie_nazov, oddelenie_popis, Nemocnica_nemocnica_id) values (65, 'Schaefer, Tillman and Farrell', null, 39);
insert into ODDELENIE (oddelenie_id, oddelenie_nazov, oddelenie_popis, Nemocnica_nemocnica_id) values (66, 'Nicolas, Herman and Lockman', null, 93);
insert into ODDELENIE (oddelenie_id, oddelenie_nazov, oddelenie_popis, Nemocnica_nemocnica_id) values (67, 'Fritsch, Powlowski and Schmidt', null, 104);
insert into ODDELENIE (oddelenie_id, oddelenie_nazov, oddelenie_popis, Nemocnica_nemocnica_id) values (68, 'Daugherty, Mayer and Willms', null, 39);
insert into ODDELENIE (oddelenie_id, oddelenie_nazov, oddelenie_popis, Nemocnica_nemocnica_id) values (69, 'Roberts, Lynch and Brekke', null, 46);
insert into ODDELENIE (oddelenie_id, oddelenie_nazov, oddelenie_popis, Nemocnica_nemocnica_id) values (70, 'Walter, Gibson and Armstrong', null, 24);
insert into ODDELENIE (oddelenie_id, oddelenie_nazov, oddelenie_popis, Nemocnica_nemocnica_id) values (71, 'Rogahn, Rippin and Koch', null, 76);
insert into ODDELENIE (oddelenie_id, oddelenie_nazov, oddelenie_popis, Nemocnica_nemocnica_id) values (72, 'Mraz Group', null, 22);
insert into ODDELENIE (oddelenie_id, oddelenie_nazov, oddelenie_popis, Nemocnica_nemocnica_id) values (73, 'Bednar-Parker', null, 37);
insert into ODDELENIE (oddelenie_id, oddelenie_nazov, oddelenie_popis, Nemocnica_nemocnica_id) values (74, 'Becker, Zieme and McGlynn', 'Sphinxe', 94);
insert into ODDELENIE (oddelenie_id, oddelenie_nazov, oddelenie_popis, Nemocnica_nemocnica_id) values (75, 'Bednar-Mayert', null, 14);
insert into ODDELENIE (oddelenie_id, oddelenie_nazov, oddelenie_popis, Nemocnica_nemocnica_id) values (76, 'Rempel Inc', null, 24);
insert into ODDELENIE (oddelenie_id, oddelenie_nazov, oddelenie_popis, Nemocnica_nemocnica_id) values (77, 'Renner, Wilderman and Denesik', null, 2);
insert into ODDELENIE (oddelenie_id, oddelenie_nazov, oddelenie_popis, Nemocnica_nemocnica_id) values (78, 'Schmitt-Leuschke', null, 72);
insert into ODDELENIE (oddelenie_id, oddelenie_nazov, oddelenie_popis, Nemocnica_nemocnica_id) values (79, 'Stanton, Ferry and Herzog', null, 4);
insert into ODDELENIE (oddelenie_id, oddelenie_nazov, oddelenie_popis, Nemocnica_nemocnica_id) values (80, 'Prohaska, Schimmel and Johnson', null, 33);
insert into ODDELENIE (oddelenie_id, oddelenie_nazov, oddelenie_popis, Nemocnica_nemocnica_id) values (81, 'Herzog LLC', null, 62);
insert into ODDELENIE (oddelenie_id, oddelenie_nazov, oddelenie_popis, Nemocnica_nemocnica_id) values (82, 'Jacobs-Nader', null, 98);
insert into ODDELENIE (oddelenie_id, oddelenie_nazov, oddelenie_popis, Nemocnica_nemocnica_id) values (83, 'Kessler LLC', null, 23);
insert into ODDELENIE (oddelenie_id, oddelenie_nazov, oddelenie_popis, Nemocnica_nemocnica_id) values (84, 'Dickens-Upton', null, 97);
insert into ODDELENIE (oddelenie_id, oddelenie_nazov, oddelenie_popis, Nemocnica_nemocnica_id) values (85, 'Hudson, Bauch and Hammes', null, 104);
insert into ODDELENIE (oddelenie_id, oddelenie_nazov, oddelenie_popis, Nemocnica_nemocnica_id) values (86, 'Bailey, Buckridge and Hackett', null, 22);
insert into ODDELENIE (oddelenie_id, oddelenie_nazov, oddelenie_popis, Nemocnica_nemocnica_id) values (87, 'Daugherty and Sons', null, 61);
insert into ODDELENIE (oddelenie_id, oddelenie_nazov, oddelenie_popis, Nemocnica_nemocnica_id) values (88, 'Von-Flatley', null, 78);
insert into ODDELENIE (oddelenie_id, oddelenie_nazov, oddelenie_popis, Nemocnica_nemocnica_id) values (89, 'Nicolas and Sons', null, 86);
insert into ODDELENIE (oddelenie_id, oddelenie_nazov, oddelenie_popis, Nemocnica_nemocnica_id) values (90, 'Ritchie, Ryan and Muller', null, 29);
insert into ODDELENIE (oddelenie_id, oddelenie_nazov, oddelenie_popis, Nemocnica_nemocnica_id) values (91, 'Hansen, Grady and Harris', null, 78);
insert into ODDELENIE (oddelenie_id, oddelenie_nazov, oddelenie_popis, Nemocnica_nemocnica_id) values (92, 'Nader-Ullrich', null, 55);
insert into ODDELENIE (oddelenie_id, oddelenie_nazov, oddelenie_popis, Nemocnica_nemocnica_id) values (93, 'Grant Inc', null, 76);
insert into ODDELENIE (oddelenie_id, oddelenie_nazov, oddelenie_popis, Nemocnica_nemocnica_id) values (94, 'Koss-Koelpin', null, 110);
insert into ODDELENIE (oddelenie_id, oddelenie_nazov, oddelenie_popis, Nemocnica_nemocnica_id) values (95, 'Pollich-Dibbert', null, 87);
insert into ODDELENIE (oddelenie_id, oddelenie_nazov, oddelenie_popis, Nemocnica_nemocnica_id) values (96, 'Swift, Mraz and Kuphal', null, 21);
insert into ODDELENIE (oddelenie_id, oddelenie_nazov, oddelenie_popis, Nemocnica_nemocnica_id) values (97, 'Sporer, Walter and Langworth', null, 92);
insert into ODDELENIE (oddelenie_id, oddelenie_nazov, oddelenie_popis, Nemocnica_nemocnica_id) values (98, 'Kuhlman-Leuschke', null, 69);
insert into ODDELENIE (oddelenie_id, oddelenie_nazov, oddelenie_popis, Nemocnica_nemocnica_id) values (99, 'Armstrong, Hermann and Kertzmann', null, 84);
insert into ODDELENIE (oddelenie_id, oddelenie_nazov, oddelenie_popis, Nemocnica_nemocnica_id) values (100, 'Kulas, Carroll and Hagenes', null, 77);
insert into ODDELENIE (oddelenie_id, oddelenie_nazov, oddelenie_popis, Nemocnica_nemocnica_id) values (101, 'Bogan Group', null, 30);
insert into ODDELENIE (oddelenie_id, oddelenie_nazov, oddelenie_popis, Nemocnica_nemocnica_id) values (102, 'Leuschke-Hilll', null, 72);
insert into ODDELENIE (oddelenie_id, oddelenie_nazov, oddelenie_popis, Nemocnica_nemocnica_id) values (103, 'Becker Inc', null, 35);
insert into ODDELENIE (oddelenie_id, oddelenie_nazov, oddelenie_popis, Nemocnica_nemocnica_id) values (104, 'Keeling Inc', null, 19);
insert into ODDELENIE (oddelenie_id, oddelenie_nazov, oddelenie_popis, Nemocnica_nemocnica_id) values (105, 'Barrows and Sons', null, 108);
insert into ODDELENIE (oddelenie_id, oddelenie_nazov, oddelenie_popis, Nemocnica_nemocnica_id) values (106, 'Herzog, Klocko and Wisoky', null, 36);
insert into ODDELENIE (oddelenie_id, oddelenie_nazov, oddelenie_popis, Nemocnica_nemocnica_id) values (107, 'Nitzsche, White and Larson', null, 43);
insert into ODDELENIE (oddelenie_id, oddelenie_nazov, oddelenie_popis, Nemocnica_nemocnica_id) values (108, 'Hintz, Brakus and Stiedemann', null, 18);
insert into ODDELENIE (oddelenie_id, oddelenie_nazov, oddelenie_popis, Nemocnica_nemocnica_id) values (109, 'Morissette Group', null, 65);
insert into ODDELENIE (oddelenie_id, oddelenie_nazov, oddelenie_popis, Nemocnica_nemocnica_id) values (110, 'Brakus-Glover', null, 53);
insert into ODDELENIE (oddelenie_id, oddelenie_nazov, oddelenie_popis, Nemocnica_nemocnica_id) values (111, 'Rippin LLC', null, 36);
insert into ODDELENIE (oddelenie_id, oddelenie_nazov, oddelenie_popis, Nemocnica_nemocnica_id) values (112, 'Bode-Bernhard', 'Fransewich', 84);
insert into ODDELENIE (oddelenie_id, oddelenie_nazov, oddelenie_popis, Nemocnica_nemocnica_id) values (113, 'Dicki, Streich and Will', null, 17);
insert into ODDELENIE (oddelenie_id, oddelenie_nazov, oddelenie_popis, Nemocnica_nemocnica_id) values (114, 'Kessler LLC', null, 99);
insert into ODDELENIE (oddelenie_id, oddelenie_nazov, oddelenie_popis, Nemocnica_nemocnica_id) values (115, 'Aufderhar LLC', null, 51);
insert into ODDELENIE (oddelenie_id, oddelenie_nazov, oddelenie_popis, Nemocnica_nemocnica_id) values (116, 'Little, Ortiz and Fahey', null, 2);
insert into ODDELENIE (oddelenie_id, oddelenie_nazov, oddelenie_popis, Nemocnica_nemocnica_id) values (117, 'Erdman-Hermiston', null, 108);
insert into ODDELENIE (oddelenie_id, oddelenie_nazov, oddelenie_popis, Nemocnica_nemocnica_id) values (118, 'Erdman, Kunze and Schneider', null, 13);
insert into ODDELENIE (oddelenie_id, oddelenie_nazov, oddelenie_popis, Nemocnica_nemocnica_id) values (119, 'Kertzmann Inc', null, 107);
insert into ODDELENIE (oddelenie_id, oddelenie_nazov, oddelenie_popis, Nemocnica_nemocnica_id) values (120, 'Conroy Group', null, 109);
insert into ODDELENIE (oddelenie_id, oddelenie_nazov, oddelenie_popis, Nemocnica_nemocnica_id) values (121, 'Fisher, Deckow and Zboncak', null, 28);
insert into ODDELENIE (oddelenie_id, oddelenie_nazov, oddelenie_popis, Nemocnica_nemocnica_id) values (122, 'Borer-O''Reilly', null, 100);
insert into ODDELENIE (oddelenie_id, oddelenie_nazov, oddelenie_popis, Nemocnica_nemocnica_id) values (123, 'Yundt-Douglas', null, 21);
insert into ODDELENIE (oddelenie_id, oddelenie_nazov, oddelenie_popis, Nemocnica_nemocnica_id) values (124, 'Franecki, Yost and Yost', null, 75);
insert into ODDELENIE (oddelenie_id, oddelenie_nazov, oddelenie_popis, Nemocnica_nemocnica_id) values (125, 'Botsford-Kautzer', null, 39);
insert into ODDELENIE (oddelenie_id, oddelenie_nazov, oddelenie_popis, Nemocnica_nemocnica_id) values (126, 'Kerluke, Kautzer and Davis', null, 73);
insert into ODDELENIE (oddelenie_id, oddelenie_nazov, oddelenie_popis, Nemocnica_nemocnica_id) values (127, 'Wiza-Ruecker', null, 49);
insert into ODDELENIE (oddelenie_id, oddelenie_nazov, oddelenie_popis, Nemocnica_nemocnica_id) values (128, 'Franecki Group', null, 85);
insert into ODDELENIE (oddelenie_id, oddelenie_nazov, oddelenie_popis, Nemocnica_nemocnica_id) values (129, 'Gerhold Inc', null, 9);
insert into ODDELENIE (oddelenie_id, oddelenie_nazov, oddelenie_popis, Nemocnica_nemocnica_id) values (130, 'Considine, King and Kilback', null, 38);
insert into ODDELENIE (oddelenie_id, oddelenie_nazov, oddelenie_popis, Nemocnica_nemocnica_id) values (131, 'O''Keefe-Padberg', null, 19);
insert into ODDELENIE (oddelenie_id, oddelenie_nazov, oddelenie_popis, Nemocnica_nemocnica_id) values (132, 'Herzog, Dare and Bogisich', null, 30);
insert into ODDELENIE (oddelenie_id, oddelenie_nazov, oddelenie_popis, Nemocnica_nemocnica_id) values (133, 'O''Hara Inc', null, 21);
insert into ODDELENIE (oddelenie_id, oddelenie_nazov, oddelenie_popis, Nemocnica_nemocnica_id) values (134, 'Morar-Beahan', null, 29);
insert into ODDELENIE (oddelenie_id, oddelenie_nazov, oddelenie_popis, Nemocnica_nemocnica_id) values (135, 'Ullrich LLC', null, 29);
insert into ODDELENIE (oddelenie_id, oddelenie_nazov, oddelenie_popis, Nemocnica_nemocnica_id) values (136, 'Botsford Group', null, 5);
insert into ODDELENIE (oddelenie_id, oddelenie_nazov, oddelenie_popis, Nemocnica_nemocnica_id) values (137, 'Kessler-Romaguera', null, 102);
insert into ODDELENIE (oddelenie_id, oddelenie_nazov, oddelenie_popis, Nemocnica_nemocnica_id) values (138, 'Ledner Group', null, 26);
insert into ODDELENIE (oddelenie_id, oddelenie_nazov, oddelenie_popis, Nemocnica_nemocnica_id) values (139, 'Fahey, Ferry and Ryan', null, 63);
insert into ODDELENIE (oddelenie_id, oddelenie_nazov, oddelenie_popis, Nemocnica_nemocnica_id) values (140, 'Labadie, Stokes and Marks', null, 8);
insert into ODDELENIE (oddelenie_id, oddelenie_nazov, oddelenie_popis, Nemocnica_nemocnica_id) values (141, 'Smith and Sons', null, 2);
insert into ODDELENIE (oddelenie_id, oddelenie_nazov, oddelenie_popis, Nemocnica_nemocnica_id) values (142, 'Littel, Dooley and Considine', null, 5);
insert into ODDELENIE (oddelenie_id, oddelenie_nazov, oddelenie_popis, Nemocnica_nemocnica_id) values (143, 'Conroy, Bartoletti and Pacocha', null, 79);
insert into ODDELENIE (oddelenie_id, oddelenie_nazov, oddelenie_popis, Nemocnica_nemocnica_id) values (144, 'Klocko, Dicki and Batz', null, 58);
insert into ODDELENIE (oddelenie_id, oddelenie_nazov, oddelenie_popis, Nemocnica_nemocnica_id) values (145, 'Wunsch LLC', null, 18);
insert into ODDELENIE (oddelenie_id, oddelenie_nazov, oddelenie_popis, Nemocnica_nemocnica_id) values (146, 'Lemke LLC', null, 75);
insert into ODDELENIE (oddelenie_id, oddelenie_nazov, oddelenie_popis, Nemocnica_nemocnica_id) values (147, 'Skiles Group', null, 86);
insert into ODDELENIE (oddelenie_id, oddelenie_nazov, oddelenie_popis, Nemocnica_nemocnica_id) values (148, 'Brown-Hoeger', null, 21);
insert into ODDELENIE (oddelenie_id, oddelenie_nazov, oddelenie_popis, Nemocnica_nemocnica_id) values (149, 'Stokes-Schmitt', null, 36);
insert into ODDELENIE (oddelenie_id, oddelenie_nazov, oddelenie_popis, Nemocnica_nemocnica_id) values (150, 'Beahan and Sons', null, 94);
insert into ODDELENIE (oddelenie_id, oddelenie_nazov, oddelenie_popis, Nemocnica_nemocnica_id) values (151, 'Rolfson, Armstrong and Lind', null, 74);
insert into ODDELENIE (oddelenie_id, oddelenie_nazov, oddelenie_popis, Nemocnica_nemocnica_id) values (152, 'Bruen-Christiansen', null, 40);
insert into ODDELENIE (oddelenie_id, oddelenie_nazov, oddelenie_popis, Nemocnica_nemocnica_id) values (153, 'Hermiston, Schroeder and Bruen', null, 41);
insert into ODDELENIE (oddelenie_id, oddelenie_nazov, oddelenie_popis, Nemocnica_nemocnica_id) values (154, 'Dickens, Hand and Streich', null, 24);
insert into ODDELENIE (oddelenie_id, oddelenie_nazov, oddelenie_popis, Nemocnica_nemocnica_id) values (155, 'Mitchell LLC', null, 35);
insert into ODDELENIE (oddelenie_id, oddelenie_nazov, oddelenie_popis, Nemocnica_nemocnica_id) values (156, 'Kerluke-Schroeder', null, 66);
insert into ODDELENIE (oddelenie_id, oddelenie_nazov, oddelenie_popis, Nemocnica_nemocnica_id) values (157, 'Wolf LLC', null, 96);
insert into ODDELENIE (oddelenie_id, oddelenie_nazov, oddelenie_popis, Nemocnica_nemocnica_id) values (158, 'Bartell, Casper and Armstrong', null, 35);
insert into ODDELENIE (oddelenie_id, oddelenie_nazov, oddelenie_popis, Nemocnica_nemocnica_id) values (159, 'Kovacek, Harvey and Monahan', null, 73);
insert into ODDELENIE (oddelenie_id, oddelenie_nazov, oddelenie_popis, Nemocnica_nemocnica_id) values (160, 'Mueller and Sons', null, 79);
insert into ODDELENIE (oddelenie_id, oddelenie_nazov, oddelenie_popis, Nemocnica_nemocnica_id) values (161, 'Harber-Lakin', null, 67);
insert into ODDELENIE (oddelenie_id, oddelenie_nazov, oddelenie_popis, Nemocnica_nemocnica_id) values (162, 'Gleason LLC', null, 86);
insert into ODDELENIE (oddelenie_id, oddelenie_nazov, oddelenie_popis, Nemocnica_nemocnica_id) values (163, 'Goodwin-Stroman', null, 54);
insert into ODDELENIE (oddelenie_id, oddelenie_nazov, oddelenie_popis, Nemocnica_nemocnica_id) values (164, 'Cartwright, Brown and Tillman', null, 22);
insert into ODDELENIE (oddelenie_id, oddelenie_nazov, oddelenie_popis, Nemocnica_nemocnica_id) values (165, 'Kuhn-Collins', null, 12);
insert into ODDELENIE (oddelenie_id, oddelenie_nazov, oddelenie_popis, Nemocnica_nemocnica_id) values (166, 'Hills LLC', null, 99);
insert into ODDELENIE (oddelenie_id, oddelenie_nazov, oddelenie_popis, Nemocnica_nemocnica_id) values (167, 'Weimann-Kris', null, 25);
insert into ODDELENIE (oddelenie_id, oddelenie_nazov, oddelenie_popis, Nemocnica_nemocnica_id) values (168, 'Rau, Emmerich and McDermott', null, 33);
insert into ODDELENIE (oddelenie_id, oddelenie_nazov, oddelenie_popis, Nemocnica_nemocnica_id) values (169, 'Berge, Stark and Larson', null, 67);
insert into ODDELENIE (oddelenie_id, oddelenie_nazov, oddelenie_popis, Nemocnica_nemocnica_id) values (170, 'Grant, Harvey and Ullrich', 'Lloyd', 90);
insert into ODDELENIE (oddelenie_id, oddelenie_nazov, oddelenie_popis, Nemocnica_nemocnica_id) values (171, 'Runolfsson, Macejkovic and Hudson', null, 71);
insert into ODDELENIE (oddelenie_id, oddelenie_nazov, oddelenie_popis, Nemocnica_nemocnica_id) values (172, 'Mann-Kris', null, 104);
insert into ODDELENIE (oddelenie_id, oddelenie_nazov, oddelenie_popis, Nemocnica_nemocnica_id) values (173, 'Abshire-Nikolaus', null, 14);
insert into ODDELENIE (oddelenie_id, oddelenie_nazov, oddelenie_popis, Nemocnica_nemocnica_id) values (174, 'Nitzsche-Cartwright', null, 34);
insert into ODDELENIE (oddelenie_id, oddelenie_nazov, oddelenie_popis, Nemocnica_nemocnica_id) values (175, 'Hettinger-Murphy', null, 64);
insert into ODDELENIE (oddelenie_id, oddelenie_nazov, oddelenie_popis, Nemocnica_nemocnica_id) values (176, 'Legros-Carroll', null, 84);
insert into ODDELENIE (oddelenie_id, oddelenie_nazov, oddelenie_popis, Nemocnica_nemocnica_id) values (177, 'Lehner-Wintheiser', null, 59);
insert into ODDELENIE (oddelenie_id, oddelenie_nazov, oddelenie_popis, Nemocnica_nemocnica_id) values (178, 'Sauer Inc', null, 71);
insert into ODDELENIE (oddelenie_id, oddelenie_nazov, oddelenie_popis, Nemocnica_nemocnica_id) values (179, 'Kuphal, Homenick and Brekke', null, 96);
insert into ODDELENIE (oddelenie_id, oddelenie_nazov, oddelenie_popis, Nemocnica_nemocnica_id) values (180, 'Rosenbaum LLC', null, 91);
insert into ODDELENIE (oddelenie_id, oddelenie_nazov, oddelenie_popis, Nemocnica_nemocnica_id) values (181, 'Friesen Inc', null, 88);
insert into ODDELENIE (oddelenie_id, oddelenie_nazov, oddelenie_popis, Nemocnica_nemocnica_id) values (182, 'Corkery LLC', null, 47);
insert into ODDELENIE (oddelenie_id, oddelenie_nazov, oddelenie_popis, Nemocnica_nemocnica_id) values (183, 'Maggio-Hintz', null, 16);
insert into ODDELENIE (oddelenie_id, oddelenie_nazov, oddelenie_popis, Nemocnica_nemocnica_id) values (184, 'Hintz and Sons', null, 75);
insert into ODDELENIE (oddelenie_id, oddelenie_nazov, oddelenie_popis, Nemocnica_nemocnica_id) values (185, 'Moen, Muller and Stoltenberg', null, 102);
insert into ODDELENIE (oddelenie_id, oddelenie_nazov, oddelenie_popis, Nemocnica_nemocnica_id) values (186, 'Heathcote LLC', null, 37);
insert into ODDELENIE (oddelenie_id, oddelenie_nazov, oddelenie_popis, Nemocnica_nemocnica_id) values (187, 'Altenwerth-Weimann', null, 93);
insert into ODDELENIE (oddelenie_id, oddelenie_nazov, oddelenie_popis, Nemocnica_nemocnica_id) values (188, 'Jenkins Inc', 'Ivanyukov', 44);
insert into ODDELENIE (oddelenie_id, oddelenie_nazov, oddelenie_popis, Nemocnica_nemocnica_id) values (189, 'Mohr-Wilkinson', null, 47);
insert into ODDELENIE (oddelenie_id, oddelenie_nazov, oddelenie_popis, Nemocnica_nemocnica_id) values (190, 'Abshire Inc', null, 80);
insert into ODDELENIE (oddelenie_id, oddelenie_nazov, oddelenie_popis, Nemocnica_nemocnica_id) values (191, 'Rodriguez, Bernier and Nikolaus', null, 96);
insert into ODDELENIE (oddelenie_id, oddelenie_nazov, oddelenie_popis, Nemocnica_nemocnica_id) values (192, 'Lemke-Schaefer', null, 81);
insert into ODDELENIE (oddelenie_id, oddelenie_nazov, oddelenie_popis, Nemocnica_nemocnica_id) values (193, 'Schaefer-Armstrong', null, 106);
insert into ODDELENIE (oddelenie_id, oddelenie_nazov, oddelenie_popis, Nemocnica_nemocnica_id) values (194, 'Rempel, Hansen and Bosco', null, 26);
insert into ODDELENIE (oddelenie_id, oddelenie_nazov, oddelenie_popis, Nemocnica_nemocnica_id) values (195, 'Little-Murazik', null, 70);
insert into ODDELENIE (oddelenie_id, oddelenie_nazov, oddelenie_popis, Nemocnica_nemocnica_id) values (196, 'Johnston, Littel and King', null, 81);
insert into ODDELENIE (oddelenie_id, oddelenie_nazov, oddelenie_popis, Nemocnica_nemocnica_id) values (197, 'Kessler Group', null, 104);
insert into ODDELENIE (oddelenie_id, oddelenie_nazov, oddelenie_popis, Nemocnica_nemocnica_id) values (198, 'Luettgen-Wilkinson', null, 91);
insert into ODDELENIE (oddelenie_id, oddelenie_nazov, oddelenie_popis, Nemocnica_nemocnica_id) values (199, 'Marvin, Raynor and Collier', null, 71);
insert into ODDELENIE (oddelenie_id, oddelenie_nazov, oddelenie_popis, Nemocnica_nemocnica_id) values (200, 'Stracke, White and Lockman', null, 82);
insert into ODDELENIE (oddelenie_id, oddelenie_nazov, oddelenie_popis, Nemocnica_nemocnica_id) values (201, 'Little-Torphy', null, 85);
insert into ODDELENIE (oddelenie_id, oddelenie_nazov, oddelenie_popis, Nemocnica_nemocnica_id) values (202, 'Rau LLC', null, 97);
insert into ODDELENIE (oddelenie_id, oddelenie_nazov, oddelenie_popis, Nemocnica_nemocnica_id) values (203, 'Barton-Schultz', null, 10);
insert into ODDELENIE (oddelenie_id, oddelenie_nazov, oddelenie_popis, Nemocnica_nemocnica_id) values (204, 'Sauer-Leffler', null, 61);
insert into ODDELENIE (oddelenie_id, oddelenie_nazov, oddelenie_popis, Nemocnica_nemocnica_id) values (205, 'Cummings-Wilderman', null, 13);
insert into ODDELENIE (oddelenie_id, oddelenie_nazov, oddelenie_popis, Nemocnica_nemocnica_id) values (206, 'Swift Inc', null, 77);
insert into ODDELENIE (oddelenie_id, oddelenie_nazov, oddelenie_popis, Nemocnica_nemocnica_id) values (207, 'Emmerich LLC', null, 26);
insert into ODDELENIE (oddelenie_id, oddelenie_nazov, oddelenie_popis, Nemocnica_nemocnica_id) values (208, 'Simonis-Wisoky', null, 83);
insert into ODDELENIE (oddelenie_id, oddelenie_nazov, oddelenie_popis, Nemocnica_nemocnica_id) values (209, 'Mayer-Goldner', null, 20);
insert into ODDELENIE (oddelenie_id, oddelenie_nazov, oddelenie_popis, Nemocnica_nemocnica_id) values (210, 'Stoltenberg, Bernier and Johns', null, 52);
insert into ODDELENIE (oddelenie_id, oddelenie_nazov, oddelenie_popis, Nemocnica_nemocnica_id) values (211, 'Dickens Inc', null, 19);
insert into ODDELENIE (oddelenie_id, oddelenie_nazov, oddelenie_popis, Nemocnica_nemocnica_id) values (212, 'Dooley, McKenzie and Medhurst', null, 100);
insert into ODDELENIE (oddelenie_id, oddelenie_nazov, oddelenie_popis, Nemocnica_nemocnica_id) values (213, 'Hettinger Inc', null, 9);
insert into ODDELENIE (oddelenie_id, oddelenie_nazov, oddelenie_popis, Nemocnica_nemocnica_id) values (214, 'Bradtke Group', null, 41);
insert into ODDELENIE (oddelenie_id, oddelenie_nazov, oddelenie_popis, Nemocnica_nemocnica_id) values (215, 'Medhurst and Sons', null, 11);
insert into ODDELENIE (oddelenie_id, oddelenie_nazov, oddelenie_popis, Nemocnica_nemocnica_id) values (216, 'Russel LLC', null, 106);
insert into ODDELENIE (oddelenie_id, oddelenie_nazov, oddelenie_popis, Nemocnica_nemocnica_id) values (217, 'Carter, Adams and Schulist', null, 59);
insert into ODDELENIE (oddelenie_id, oddelenie_nazov, oddelenie_popis, Nemocnica_nemocnica_id) values (218, 'Rippin Group', null, 31);
insert into ODDELENIE (oddelenie_id, oddelenie_nazov, oddelenie_popis, Nemocnica_nemocnica_id) values (219, 'Monahan Inc', null, 40);
insert into ODDELENIE (oddelenie_id, oddelenie_nazov, oddelenie_popis, Nemocnica_nemocnica_id) values (220, 'Oberbrunner, Emmerich and Lemke', null, 18);
insert into ODDELENIE (oddelenie_id, oddelenie_nazov, oddelenie_popis, Nemocnica_nemocnica_id) values (221, 'Kessler, Altenwerth and Upton', null, 75);
insert into ODDELENIE (oddelenie_id, oddelenie_nazov, oddelenie_popis, Nemocnica_nemocnica_id) values (222, 'Harris, Medhurst and Armstrong', null, 77);
insert into ODDELENIE (oddelenie_id, oddelenie_nazov, oddelenie_popis, Nemocnica_nemocnica_id) values (223, 'Funk, Cronin and Hegmann', null, 11);
insert into ODDELENIE (oddelenie_id, oddelenie_nazov, oddelenie_popis, Nemocnica_nemocnica_id) values (224, 'Bayer, Dibbert and Klocko', null, 64);
insert into ODDELENIE (oddelenie_id, oddelenie_nazov, oddelenie_popis, Nemocnica_nemocnica_id) values (225, 'Nader-Nicolas', null, 96);
insert into ODDELENIE (oddelenie_id, oddelenie_nazov, oddelenie_popis, Nemocnica_nemocnica_id) values (226, 'Kertzmann, Hamill and Feest', null, 61);
insert into ODDELENIE (oddelenie_id, oddelenie_nazov, oddelenie_popis, Nemocnica_nemocnica_id) values (227, 'Erdman-Koepp', null, 50);
insert into ODDELENIE (oddelenie_id, oddelenie_nazov, oddelenie_popis, Nemocnica_nemocnica_id) values (228, 'Gusikowski and Sons', null, 36);
insert into ODDELENIE (oddelenie_id, oddelenie_nazov, oddelenie_popis, Nemocnica_nemocnica_id) values (229, 'Spencer, Kuhlman and Mosciski', null, 23);
insert into ODDELENIE (oddelenie_id, oddelenie_nazov, oddelenie_popis, Nemocnica_nemocnica_id) values (230, 'Jacobi, Morissette and Greenholt', null, 22);
insert into ODDELENIE (oddelenie_id, oddelenie_nazov, oddelenie_popis, Nemocnica_nemocnica_id) values (231, 'Gibson-Bernhard', null, 34);
insert into ODDELENIE (oddelenie_id, oddelenie_nazov, oddelenie_popis, Nemocnica_nemocnica_id) values (232, 'Kiehn, Predovic and Schoen', null, 86);
insert into ODDELENIE (oddelenie_id, oddelenie_nazov, oddelenie_popis, Nemocnica_nemocnica_id) values (233, 'McDermott-Stroman', null, 63);
insert into ODDELENIE (oddelenie_id, oddelenie_nazov, oddelenie_popis, Nemocnica_nemocnica_id) values (234, 'Heidenreich, Sawayn and Crooks', null, 97);
insert into ODDELENIE (oddelenie_id, oddelenie_nazov, oddelenie_popis, Nemocnica_nemocnica_id) values (235, 'Hessel-Toy', null, 32);
insert into ODDELENIE (oddelenie_id, oddelenie_nazov, oddelenie_popis, Nemocnica_nemocnica_id) values (236, 'Abshire, Schamberger and MacGyver', null, 67);
insert into ODDELENIE (oddelenie_id, oddelenie_nazov, oddelenie_popis, Nemocnica_nemocnica_id) values (237, 'Gerlach, Crona and Johnston', null, 44);
insert into ODDELENIE (oddelenie_id, oddelenie_nazov, oddelenie_popis, Nemocnica_nemocnica_id) values (238, 'Kris, Schroeder and Romaguera', null, 47);
insert into ODDELENIE (oddelenie_id, oddelenie_nazov, oddelenie_popis, Nemocnica_nemocnica_id) values (239, 'Gulgowski-Bayer', null, 17);
insert into ODDELENIE (oddelenie_id, oddelenie_nazov, oddelenie_popis, Nemocnica_nemocnica_id) values (240, 'Dooley, Stracke and Mayert', null, 89);
insert into ODDELENIE (oddelenie_id, oddelenie_nazov, oddelenie_popis, Nemocnica_nemocnica_id) values (241, 'Ankunding, Hoeger and Ledner', null, 21);
insert into ODDELENIE (oddelenie_id, oddelenie_nazov, oddelenie_popis, Nemocnica_nemocnica_id) values (242, 'Mitchell-Lockman', null, 82);
insert into ODDELENIE (oddelenie_id, oddelenie_nazov, oddelenie_popis, Nemocnica_nemocnica_id) values (243, 'Greenfelder, Rohan and Brakus', null, 104);
insert into ODDELENIE (oddelenie_id, oddelenie_nazov, oddelenie_popis, Nemocnica_nemocnica_id) values (244, 'Miller LLC', null, 84);
insert into ODDELENIE (oddelenie_id, oddelenie_nazov, oddelenie_popis, Nemocnica_nemocnica_id) values (245, 'Reynolds-Goodwin', null, 58);
insert into ODDELENIE (oddelenie_id, oddelenie_nazov, oddelenie_popis, Nemocnica_nemocnica_id) values (246, 'Abernathy-Skiles', null, 23);
insert into ODDELENIE (oddelenie_id, oddelenie_nazov, oddelenie_popis, Nemocnica_nemocnica_id) values (247, 'Dickinson, O''Reilly and Hermann', null, 74);
insert into ODDELENIE (oddelenie_id, oddelenie_nazov, oddelenie_popis, Nemocnica_nemocnica_id) values (248, 'Brakus-Jones', null, 12);
insert into ODDELENIE (oddelenie_id, oddelenie_nazov, oddelenie_popis, Nemocnica_nemocnica_id) values (249, 'Mills, Ernser and Gaylord', null, 10);
insert into ODDELENIE (oddelenie_id, oddelenie_nazov, oddelenie_popis, Nemocnica_nemocnica_id) values (250, 'Hirthe-Goldner', null, 24);

insert into LEKARI (lekari_id, lekari_titul, lekari_meno, lekari_priezvisko, lekari_zameranie, lekari_uvazok, lekari_plat) values (1, 'MUDr', 'Shea', 'Patching', null, 'Živnosť', 18989);
insert into LEKARI (lekari_id, lekari_titul, lekari_meno, lekari_priezvisko, lekari_zameranie, lekari_uvazok, lekari_plat) values (2, 'MUDr', 'Dulce', 'MacNalley', null, 'Plný úväzok', 15875);
insert into LEKARI (lekari_id, lekari_titul, lekari_meno, lekari_priezvisko, lekari_zameranie, lekari_uvazok, lekari_plat) values (3, 'MDDr', 'Kimmie', 'Peschka', null, 'Plný úväzok', 8550);
insert into LEKARI (lekari_id, lekari_titul, lekari_meno, lekari_priezvisko, lekari_zameranie, lekari_uvazok, lekari_plat) values (4, 'MUDr', 'Krishnah', 'Le Marquand', null, 'Živnosť', 7704);
insert into LEKARI (lekari_id, lekari_titul, lekari_meno, lekari_priezvisko, lekari_zameranie, lekari_uvazok, lekari_plat) values (5, 'MUDr', 'Doug', 'Vergo', null, 'Živnosť', 3275);
insert into LEKARI (lekari_id, lekari_titul, lekari_meno, lekari_priezvisko, lekari_zameranie, lekari_uvazok, lekari_plat) values (6, 'MUDr', 'Nikolas', 'Blann', null, 'Plný úväzok', 16511);
insert into LEKARI (lekari_id, lekari_titul, lekari_meno, lekari_priezvisko, lekari_zameranie, lekari_uvazok, lekari_plat) values (7, 'MUDr', 'Peter', 'Dumbrell', null, 'Živnosť', 4187);
insert into LEKARI (lekari_id, lekari_titul, lekari_meno, lekari_priezvisko, lekari_zameranie, lekari_uvazok, lekari_plat) values (8, 'MUDr', 'Dela', 'De Meyer', 'Pediater', 'Živnosť', null);
insert into LEKARI (lekari_id, lekari_titul, lekari_meno, lekari_priezvisko, lekari_zameranie, lekari_uvazok, lekari_plat) values (9, 'MUDr', 'Babbie', 'Tremblet', null, 'Plný úväzok', 7722);
insert into LEKARI (lekari_id, lekari_titul, lekari_meno, lekari_priezvisko, lekari_zameranie, lekari_uvazok, lekari_plat) values (10, 'MUDr', 'Tomas', 'Shearwood', null, 'Živnosť', null);
insert into LEKARI (lekari_id, lekari_titul, lekari_meno, lekari_priezvisko, lekari_zameranie, lekari_uvazok, lekari_plat) values (11, 'MUDr', 'Waite', 'Boyer', null, 'Plný úväzok', 9082);
insert into LEKARI (lekari_id, lekari_titul, lekari_meno, lekari_priezvisko, lekari_zameranie, lekari_uvazok, lekari_plat) values (12, 'MUDr', 'Onfre', 'Boldison', null, 'Živnosť', null);
insert into LEKARI (lekari_id, lekari_titul, lekari_meno, lekari_priezvisko, lekari_zameranie, lekari_uvazok, lekari_plat) values (13, 'PhDr', 'Giulio', 'Valance', null, 'Živnosť', null);
insert into LEKARI (lekari_id, lekari_titul, lekari_meno, lekari_priezvisko, lekari_zameranie, lekari_uvazok, lekari_plat) values (14, 'MUDr', 'Dareen', 'Owenson', null, 'Plný úväzok', null);
insert into LEKARI (lekari_id, lekari_titul, lekari_meno, lekari_priezvisko, lekari_zameranie, lekari_uvazok, lekari_plat) values (15, 'MUDr', 'Agnola', 'Elkin', null, 'Živnosť', null);
insert into LEKARI (lekari_id, lekari_titul, lekari_meno, lekari_priezvisko, lekari_zameranie, lekari_uvazok, lekari_plat) values (16, 'MUDr', 'Bank', 'Magarrell', null, 'Živnosť', null);
insert into LEKARI (lekari_id, lekari_titul, lekari_meno, lekari_priezvisko, lekari_zameranie, lekari_uvazok, lekari_plat) values (17, 'MUDr', 'Dougie', 'Kinner', null, 'Živnosť', null);
insert into LEKARI (lekari_id, lekari_titul, lekari_meno, lekari_priezvisko, lekari_zameranie, lekari_uvazok, lekari_plat) values (18, 'MUDr', 'Lydia', 'Plaide', null, 'Živnosť', null);
insert into LEKARI (lekari_id, lekari_titul, lekari_meno, lekari_priezvisko, lekari_zameranie, lekari_uvazok, lekari_plat) values (19, 'MUDr', 'Iorgo', 'Lindfors', null, 'Plný úväzok', null);
insert into LEKARI (lekari_id, lekari_titul, lekari_meno, lekari_priezvisko, lekari_zameranie, lekari_uvazok, lekari_plat) values (20, 'MUDr', 'Kerwinn', 'Casino', null, 'Živnosť', 6101);
insert into LEKARI (lekari_id, lekari_titul, lekari_meno, lekari_priezvisko, lekari_zameranie, lekari_uvazok, lekari_plat) values (21, 'MUDr', 'Emmey', 'Driutti', null, 'Plný úväzok', null);
insert into LEKARI (lekari_id, lekari_titul, lekari_meno, lekari_priezvisko, lekari_zameranie, lekari_uvazok, lekari_plat) values (22, 'MUDr', 'Ambrosius', 'Joincey', null, 'Plný úväzok', null);
insert into LEKARI (lekari_id, lekari_titul, lekari_meno, lekari_priezvisko, lekari_zameranie, lekari_uvazok, lekari_plat) values (23, 'MUDr', 'Kathlin', 'Alway', null, 'Živnosť', 15522);
insert into LEKARI (lekari_id, lekari_titul, lekari_meno, lekari_priezvisko, lekari_zameranie, lekari_uvazok, lekari_plat) values (24, 'MUDr', 'Carena', 'Klimov', null, 'Plný úväzok', null);
insert into LEKARI (lekari_id, lekari_titul, lekari_meno, lekari_priezvisko, lekari_zameranie, lekari_uvazok, lekari_plat) values (25, 'MUDr', 'Kelly', 'Chalder', null, 'Plný úväzok', null);
insert into LEKARI (lekari_id, lekari_titul, lekari_meno, lekari_priezvisko, lekari_zameranie, lekari_uvazok, lekari_plat) values (26, 'MUDr', 'Jarvis', 'Launder', null, 'Živnosť', 18369);
insert into LEKARI (lekari_id, lekari_titul, lekari_meno, lekari_priezvisko, lekari_zameranie, lekari_uvazok, lekari_plat) values (27, 'MUDr', 'Erminia', 'Botwood', null, 'Plný úväzok', null);
insert into LEKARI (lekari_id, lekari_titul, lekari_meno, lekari_priezvisko, lekari_zameranie, lekari_uvazok, lekari_plat) values (28, 'MUDr', 'Willabella', 'Bernocchi', null, 'Plný úväzok', 18039);
insert into LEKARI (lekari_id, lekari_titul, lekari_meno, lekari_priezvisko, lekari_zameranie, lekari_uvazok, lekari_plat) values (29, 'MUDr', 'Cornall', 'Bennen', null, 'Živnosť', 10496);
insert into LEKARI (lekari_id, lekari_titul, lekari_meno, lekari_priezvisko, lekari_zameranie, lekari_uvazok, lekari_plat) values (30, 'MDDr', 'Val', 'Cockayme', null, 'Živnosť', null);
insert into LEKARI (lekari_id, lekari_titul, lekari_meno, lekari_priezvisko, lekari_zameranie, lekari_uvazok, lekari_plat) values (31, 'MUDr', 'Sly', 'Vuitton', null, 'Živnosť', null);
insert into LEKARI (lekari_id, lekari_titul, lekari_meno, lekari_priezvisko, lekari_zameranie, lekari_uvazok, lekari_plat) values (32, 'MDDr', 'Gretal', 'Snadden', null, 'Živnosť', 16980);
insert into LEKARI (lekari_id, lekari_titul, lekari_meno, lekari_priezvisko, lekari_zameranie, lekari_uvazok, lekari_plat) values (33, 'MUDr', 'Salim', 'Harberer', null, 'Plný úväzok', null);
insert into LEKARI (lekari_id, lekari_titul, lekari_meno, lekari_priezvisko, lekari_zameranie, lekari_uvazok, lekari_plat) values (34, 'MUDr', 'Egon', 'Attwater', null, 'Živnosť', 15457);
insert into LEKARI (lekari_id, lekari_titul, lekari_meno, lekari_priezvisko, lekari_zameranie, lekari_uvazok, lekari_plat) values (35, 'MUDr', 'Holly', 'Faulkner', null, 'Živnosť', null);
insert into LEKARI (lekari_id, lekari_titul, lekari_meno, lekari_priezvisko, lekari_zameranie, lekari_uvazok, lekari_plat) values (36, 'MUDr', 'Pauly', 'Vigietti', null, 'Živnosť', null);
insert into LEKARI (lekari_id, lekari_titul, lekari_meno, lekari_priezvisko, lekari_zameranie, lekari_uvazok, lekari_plat) values (37, 'MUDr', 'Sissy', 'Burdell', null, 'Plný úväzok', null);
insert into LEKARI (lekari_id, lekari_titul, lekari_meno, lekari_priezvisko, lekari_zameranie, lekari_uvazok, lekari_plat) values (38, 'MUDr', 'Ronnie', 'Suttaby', 'Pediater', 'Plný úväzok', null);
insert into LEKARI (lekari_id, lekari_titul, lekari_meno, lekari_priezvisko, lekari_zameranie, lekari_uvazok, lekari_plat) values (39, 'MUDr', 'Charlie', 'Kuhnert', null, 'Živnosť', 9436);
insert into LEKARI (lekari_id, lekari_titul, lekari_meno, lekari_priezvisko, lekari_zameranie, lekari_uvazok, lekari_plat) values (40, 'MUDr', 'Barth', 'Gilfoyle', null, 'Plný úväzok', null);
insert into LEKARI (lekari_id, lekari_titul, lekari_meno, lekari_priezvisko, lekari_zameranie, lekari_uvazok, lekari_plat) values (41, 'MUDr', 'Nathalie', 'Pimlott', null, 'Plný úväzok', 12464);
insert into LEKARI (lekari_id, lekari_titul, lekari_meno, lekari_priezvisko, lekari_zameranie, lekari_uvazok, lekari_plat) values (42, 'PhDr', 'Jennette', 'Degli Abbati', null, 'Živnosť', null);
insert into LEKARI (lekari_id, lekari_titul, lekari_meno, lekari_priezvisko, lekari_zameranie, lekari_uvazok, lekari_plat) values (43, 'MUDr', 'Hollie', 'Leroux', null, 'Plný úväzok', null);
insert into LEKARI (lekari_id, lekari_titul, lekari_meno, lekari_priezvisko, lekari_zameranie, lekari_uvazok, lekari_plat) values (44, 'MUDr', 'Ingrid', 'Rulten', null, 'Živnosť', null);
insert into LEKARI (lekari_id, lekari_titul, lekari_meno, lekari_priezvisko, lekari_zameranie, lekari_uvazok, lekari_plat) values (45, 'MUDr', 'Alia', 'Newham', null, 'Živnosť', null);
insert into LEKARI (lekari_id, lekari_titul, lekari_meno, lekari_priezvisko, lekari_zameranie, lekari_uvazok, lekari_plat) values (46, 'PhDr', 'Catrina', 'Genicke', null, 'Plný úväzok', null);
insert into LEKARI (lekari_id, lekari_titul, lekari_meno, lekari_priezvisko, lekari_zameranie, lekari_uvazok, lekari_plat) values (47, 'MUDr', 'Jarred', 'Gurner', null, 'Plný úväzok', 2945);
insert into LEKARI (lekari_id, lekari_titul, lekari_meno, lekari_priezvisko, lekari_zameranie, lekari_uvazok, lekari_plat) values (48, 'MUDr', 'Josephine', 'Gregol', null, 'Plný úväzok', 10579);
insert into LEKARI (lekari_id, lekari_titul, lekari_meno, lekari_priezvisko, lekari_zameranie, lekari_uvazok, lekari_plat) values (49, 'MUDr', 'Fletcher', 'Earie', null, 'Živnosť', 12407);
insert into LEKARI (lekari_id, lekari_titul, lekari_meno, lekari_priezvisko, lekari_zameranie, lekari_uvazok, lekari_plat) values (50, 'PhDr', 'Clementia', 'Dingsdale', null, 'Plný úväzok', 11773);
insert into LEKARI (lekari_id, lekari_titul, lekari_meno, lekari_priezvisko, lekari_zameranie, lekari_uvazok, lekari_plat) values (51, 'MUDr', 'Alejandro', 'Matteini', null, 'Živnosť', null);
insert into LEKARI (lekari_id, lekari_titul, lekari_meno, lekari_priezvisko, lekari_zameranie, lekari_uvazok, lekari_plat) values (52, 'MUDr', 'Raeann', 'Lindberg', null, 'Živnosť', 13221);
insert into LEKARI (lekari_id, lekari_titul, lekari_meno, lekari_priezvisko, lekari_zameranie, lekari_uvazok, lekari_plat) values (53, 'MUDr', 'Aurea', 'deKnevet', null, 'Živnosť', 11873);
insert into LEKARI (lekari_id, lekari_titul, lekari_meno, lekari_priezvisko, lekari_zameranie, lekari_uvazok, lekari_plat) values (54, 'MUDr', 'Nils', 'Kohrding', null, 'Plný úväzok', 8391);
insert into LEKARI (lekari_id, lekari_titul, lekari_meno, lekari_priezvisko, lekari_zameranie, lekari_uvazok, lekari_plat) values (55, 'MUDr', 'Madalyn', 'Yarrell', null, 'Plný úväzok', 17918);
insert into LEKARI (lekari_id, lekari_titul, lekari_meno, lekari_priezvisko, lekari_zameranie, lekari_uvazok, lekari_plat) values (56, 'MUDr', 'Marisa', 'Fitton', null, 'Plný úväzok', null);
insert into LEKARI (lekari_id, lekari_titul, lekari_meno, lekari_priezvisko, lekari_zameranie, lekari_uvazok, lekari_plat) values (57, 'MUDr', 'Heida', 'Peppard', 'Pediater', 'Plný úväzok', null);
insert into LEKARI (lekari_id, lekari_titul, lekari_meno, lekari_priezvisko, lekari_zameranie, lekari_uvazok, lekari_plat) values (58, 'MUDr', 'Gerek', 'Wilce', null, 'Plný úväzok', null);
insert into LEKARI (lekari_id, lekari_titul, lekari_meno, lekari_priezvisko, lekari_zameranie, lekari_uvazok, lekari_plat) values (59, 'MUDr', 'Donica', 'Polglaze', null, 'Živnosť', null);
insert into LEKARI (lekari_id, lekari_titul, lekari_meno, lekari_priezvisko, lekari_zameranie, lekari_uvazok, lekari_plat) values (60, 'MUDr', 'Dirk', 'Ullock', null, 'Živnosť', null);
insert into LEKARI (lekari_id, lekari_titul, lekari_meno, lekari_priezvisko, lekari_zameranie, lekari_uvazok, lekari_plat) values (61, 'MUDr', 'Abey', 'Helix', null, 'Živnosť', null);
insert into LEKARI (lekari_id, lekari_titul, lekari_meno, lekari_priezvisko, lekari_zameranie, lekari_uvazok, lekari_plat) values (62, 'MUDr', 'Madonna', 'Chilcotte', null, 'Plný úväzok', 10883);
insert into LEKARI (lekari_id, lekari_titul, lekari_meno, lekari_priezvisko, lekari_zameranie, lekari_uvazok, lekari_plat) values (63, 'MUDr', 'Harrie', 'Kollatsch', null, 'Živnosť', null);
insert into LEKARI (lekari_id, lekari_titul, lekari_meno, lekari_priezvisko, lekari_zameranie, lekari_uvazok, lekari_plat) values (64, 'MUDr', 'Keen', 'Pairpoint', null, 'Živnosť', 19244);
insert into LEKARI (lekari_id, lekari_titul, lekari_meno, lekari_priezvisko, lekari_zameranie, lekari_uvazok, lekari_plat) values (65, 'MUDr', 'Colline', 'Dade', null, 'Živnosť', null);
insert into LEKARI (lekari_id, lekari_titul, lekari_meno, lekari_priezvisko, lekari_zameranie, lekari_uvazok, lekari_plat) values (66, 'MUDr', 'Erek', 'Andreone', null, 'Živnosť', null);
insert into LEKARI (lekari_id, lekari_titul, lekari_meno, lekari_priezvisko, lekari_zameranie, lekari_uvazok, lekari_plat) values (67, 'MUDr', 'Cull', 'Windaybank', null, 'Plný úväzok', null);
insert into LEKARI (lekari_id, lekari_titul, lekari_meno, lekari_priezvisko, lekari_zameranie, lekari_uvazok, lekari_plat) values (68, 'MUDr', 'Loella', 'McCrudden', null, 'Plný úväzok', null);
insert into LEKARI (lekari_id, lekari_titul, lekari_meno, lekari_priezvisko, lekari_zameranie, lekari_uvazok, lekari_plat) values (69, 'MUDr', 'Tanner', 'Frankland', null, 'Plný úväzok', null);
insert into LEKARI (lekari_id, lekari_titul, lekari_meno, lekari_priezvisko, lekari_zameranie, lekari_uvazok, lekari_plat) values (70, 'MDDr', 'Randie', 'Skoyles', null, 'Živnosť', null);
insert into LEKARI (lekari_id, lekari_titul, lekari_meno, lekari_priezvisko, lekari_zameranie, lekari_uvazok, lekari_plat) values (71, 'MUDr', 'Ric', 'Ticksall', null, 'Živnosť', null);
insert into LEKARI (lekari_id, lekari_titul, lekari_meno, lekari_priezvisko, lekari_zameranie, lekari_uvazok, lekari_plat) values (72, 'MUDr', 'Marianne', 'Maber', null, 'Živnosť', 2346);
insert into LEKARI (lekari_id, lekari_titul, lekari_meno, lekari_priezvisko, lekari_zameranie, lekari_uvazok, lekari_plat) values (73, 'MDDr', 'Steffi', 'Dobbinson', null, 'Plný úväzok', null);
insert into LEKARI (lekari_id, lekari_titul, lekari_meno, lekari_priezvisko, lekari_zameranie, lekari_uvazok, lekari_plat) values (74, 'MUDr', 'Kellen', 'Wiltshaw', null, 'Živnosť', 17256);
insert into LEKARI (lekari_id, lekari_titul, lekari_meno, lekari_priezvisko, lekari_zameranie, lekari_uvazok, lekari_plat) values (75, 'MUDr', 'Kimberlee', 'Stollard', null, 'Živnosť', null);
insert into LEKARI (lekari_id, lekari_titul, lekari_meno, lekari_priezvisko, lekari_zameranie, lekari_uvazok, lekari_plat) values (76, 'MUDr', 'Aggi', 'Hadenton', null, 'Plný úväzok', null);
insert into LEKARI (lekari_id, lekari_titul, lekari_meno, lekari_priezvisko, lekari_zameranie, lekari_uvazok, lekari_plat) values (77, 'MUDr', 'Candace', 'Chumley', null, 'Živnosť', null);
insert into LEKARI (lekari_id, lekari_titul, lekari_meno, lekari_priezvisko, lekari_zameranie, lekari_uvazok, lekari_plat) values (78, 'MUDr', 'Garald', 'Bedbrough', null, 'Plný úväzok', null);
insert into LEKARI (lekari_id, lekari_titul, lekari_meno, lekari_priezvisko, lekari_zameranie, lekari_uvazok, lekari_plat) values (79, 'MUDr', 'Laina', 'Piggrem', 'Chirurg', 'Plný úväzok', null);
insert into LEKARI (lekari_id, lekari_titul, lekari_meno, lekari_priezvisko, lekari_zameranie, lekari_uvazok, lekari_plat) values (80, 'MUDr', 'Lottie', 'Easter', null, 'Živnosť', null);
insert into LEKARI (lekari_id, lekari_titul, lekari_meno, lekari_priezvisko, lekari_zameranie, lekari_uvazok, lekari_plat) values (81, 'MUDr', 'Anni', 'Kinnin', null, 'Živnosť', 2325);
insert into LEKARI (lekari_id, lekari_titul, lekari_meno, lekari_priezvisko, lekari_zameranie, lekari_uvazok, lekari_plat) values (82, 'MUDr', 'Ned', 'Birkbeck', null, 'Živnosť', null);
insert into LEKARI (lekari_id, lekari_titul, lekari_meno, lekari_priezvisko, lekari_zameranie, lekari_uvazok, lekari_plat) values (83, 'MUDr', 'Baxter', 'Cant', null, 'Živnosť', null);
insert into LEKARI (lekari_id, lekari_titul, lekari_meno, lekari_priezvisko, lekari_zameranie, lekari_uvazok, lekari_plat) values (84, 'MUDr', 'Gaultiero', 'Girtin', null, 'Živnosť', null);
insert into LEKARI (lekari_id, lekari_titul, lekari_meno, lekari_priezvisko, lekari_zameranie, lekari_uvazok, lekari_plat) values (85, 'MUDr', 'Sayre', 'Stonhouse', null, 'Plný úväzok', null);
insert into LEKARI (lekari_id, lekari_titul, lekari_meno, lekari_priezvisko, lekari_zameranie, lekari_uvazok, lekari_plat) values (86, 'MUDr', 'Ardine', 'Bickell', null, 'Plný úväzok', 15233);
insert into LEKARI (lekari_id, lekari_titul, lekari_meno, lekari_priezvisko, lekari_zameranie, lekari_uvazok, lekari_plat) values (87, 'MUDr', 'Lorraine', 'de Verson', null, 'Živnosť', null);
insert into LEKARI (lekari_id, lekari_titul, lekari_meno, lekari_priezvisko, lekari_zameranie, lekari_uvazok, lekari_plat) values (88, 'MUDr', 'Ninon', 'Ledrun', null, 'Živnosť', null);
insert into LEKARI (lekari_id, lekari_titul, lekari_meno, lekari_priezvisko, lekari_zameranie, lekari_uvazok, lekari_plat) values (89, 'MUDr', 'Issie', 'Furmston', null, 'Živnosť', 1302);
insert into LEKARI (lekari_id, lekari_titul, lekari_meno, lekari_priezvisko, lekari_zameranie, lekari_uvazok, lekari_plat) values (90, 'MUDr', 'Costa', 'Thurlbourne', null, 'Živnosť', 13157);
insert into LEKARI (lekari_id, lekari_titul, lekari_meno, lekari_priezvisko, lekari_zameranie, lekari_uvazok, lekari_plat) values (91, 'MUDr', 'Hallsy', 'Blant', null, 'Plný úväzok', null);
insert into LEKARI (lekari_id, lekari_titul, lekari_meno, lekari_priezvisko, lekari_zameranie, lekari_uvazok, lekari_plat) values (92, 'MUDr', 'Brendan', 'MacDowal', null, 'Plný úväzok', 5193);
insert into LEKARI (lekari_id, lekari_titul, lekari_meno, lekari_priezvisko, lekari_zameranie, lekari_uvazok, lekari_plat) values (93, 'MUDr', 'Annetta', 'Jonathon', null, 'Živnosť', 19568);
insert into LEKARI (lekari_id, lekari_titul, lekari_meno, lekari_priezvisko, lekari_zameranie, lekari_uvazok, lekari_plat) values (94, 'MUDr', 'Farris', 'Philippeaux', null, 'Živnosť', null);
insert into LEKARI (lekari_id, lekari_titul, lekari_meno, lekari_priezvisko, lekari_zameranie, lekari_uvazok, lekari_plat) values (95, 'MUDr', 'Dorena', 'Gowry', null, 'Plný úväzok', 4802);
insert into LEKARI (lekari_id, lekari_titul, lekari_meno, lekari_priezvisko, lekari_zameranie, lekari_uvazok, lekari_plat) values (96, 'MUDr', 'Cordey', 'Nenci', null, 'Plný úväzok', null);
insert into LEKARI (lekari_id, lekari_titul, lekari_meno, lekari_priezvisko, lekari_zameranie, lekari_uvazok, lekari_plat) values (97, 'MUDr', 'Haily', 'Normant', null, 'Živnosť', 14318);
insert into LEKARI (lekari_id, lekari_titul, lekari_meno, lekari_priezvisko, lekari_zameranie, lekari_uvazok, lekari_plat) values (98, 'MUDr', 'Adriano', 'Hedgeley', null, 'Živnosť', 4624);
insert into LEKARI (lekari_id, lekari_titul, lekari_meno, lekari_priezvisko, lekari_zameranie, lekari_uvazok, lekari_plat) values (99, 'MUDr', 'Rickie', 'Gudgen', null, 'Živnosť', null);
insert into LEKARI (lekari_id, lekari_titul, lekari_meno, lekari_priezvisko, lekari_zameranie, lekari_uvazok, lekari_plat) values (100, 'MUDr', 'Coral', 'Treacher', null, 'Plný úväzok', 1874);
insert into LEKARI (lekari_id, lekari_titul, lekari_meno, lekari_priezvisko, lekari_zameranie, lekari_uvazok, lekari_plat) values (101, 'MUDr', 'Sibella', 'Briance', null, 'Živnosť', null);
insert into LEKARI (lekari_id, lekari_titul, lekari_meno, lekari_priezvisko, lekari_zameranie, lekari_uvazok, lekari_plat) values (102, 'MUDr', 'Mitch', 'Gell', null, 'Plný úväzok', null);
insert into LEKARI (lekari_id, lekari_titul, lekari_meno, lekari_priezvisko, lekari_zameranie, lekari_uvazok, lekari_plat) values (103, 'MUDr', 'Roseline', 'Hagger', null, 'Plný úväzok', 17169);
insert into LEKARI (lekari_id, lekari_titul, lekari_meno, lekari_priezvisko, lekari_zameranie, lekari_uvazok, lekari_plat) values (104, 'MUDr', 'Bonita', 'Sanper', null, 'Plný úväzok', null);
insert into LEKARI (lekari_id, lekari_titul, lekari_meno, lekari_priezvisko, lekari_zameranie, lekari_uvazok, lekari_plat) values (105, 'MDDr', 'Erna', 'Ainscow', null, 'Živnosť', null);
insert into LEKARI (lekari_id, lekari_titul, lekari_meno, lekari_priezvisko, lekari_zameranie, lekari_uvazok, lekari_plat) values (106, 'MDDr', 'Andie', 'Creaven', null, 'Živnosť', 12251);
insert into LEKARI (lekari_id, lekari_titul, lekari_meno, lekari_priezvisko, lekari_zameranie, lekari_uvazok, lekari_plat) values (107, 'MUDr', 'Cymbre', 'Hubner', null, 'Plný úväzok', null);
insert into LEKARI (lekari_id, lekari_titul, lekari_meno, lekari_priezvisko, lekari_zameranie, lekari_uvazok, lekari_plat) values (108, 'MUDr', 'Pietro', 'Creddon', 'Pediater', 'Živnosť', 6879);
insert into LEKARI (lekari_id, lekari_titul, lekari_meno, lekari_priezvisko, lekari_zameranie, lekari_uvazok, lekari_plat) values (109, 'MUDr', 'Dodie', 'Shildrick', null, 'Živnosť', 15656);
insert into LEKARI (lekari_id, lekari_titul, lekari_meno, lekari_priezvisko, lekari_zameranie, lekari_uvazok, lekari_plat) values (110, 'MUDr', 'Ron', 'Cohani', null, 'Plný úväzok', null);
insert into LEKARI (lekari_id, lekari_titul, lekari_meno, lekari_priezvisko, lekari_zameranie, lekari_uvazok, lekari_plat) values (111, 'MUDr', 'Pammie', 'Ingre', 'Ortopéd', 'Živnosť', 14606);
insert into LEKARI (lekari_id, lekari_titul, lekari_meno, lekari_priezvisko, lekari_zameranie, lekari_uvazok, lekari_plat) values (112, 'MUDr', 'Cassey', 'Burnapp', null, 'Živnosť', null);
insert into LEKARI (lekari_id, lekari_titul, lekari_meno, lekari_priezvisko, lekari_zameranie, lekari_uvazok, lekari_plat) values (113, 'MUDr', 'Benjamen', 'Kingswell', null, 'Plný úväzok', 4862);
insert into LEKARI (lekari_id, lekari_titul, lekari_meno, lekari_priezvisko, lekari_zameranie, lekari_uvazok, lekari_plat) values (114, 'MUDr', 'Ashlen', 'Merigon', null, 'Živnosť', null);
insert into LEKARI (lekari_id, lekari_titul, lekari_meno, lekari_priezvisko, lekari_zameranie, lekari_uvazok, lekari_plat) values (115, 'MUDr', 'Mandel', 'Murrum', null, 'Živnosť', null);
insert into LEKARI (lekari_id, lekari_titul, lekari_meno, lekari_priezvisko, lekari_zameranie, lekari_uvazok, lekari_plat) values (116, 'MDDr', 'Olwen', 'Marchiso', null, 'Plný úväzok', null);
insert into LEKARI (lekari_id, lekari_titul, lekari_meno, lekari_priezvisko, lekari_zameranie, lekari_uvazok, lekari_plat) values (117, 'MUDr', 'Vinny', 'Mucillo', null, 'Plný úväzok', null);
insert into LEKARI (lekari_id, lekari_titul, lekari_meno, lekari_priezvisko, lekari_zameranie, lekari_uvazok, lekari_plat) values (118, 'MUDr', 'Meris', 'Isaaksohn', null, 'Živnosť', null);
insert into LEKARI (lekari_id, lekari_titul, lekari_meno, lekari_priezvisko, lekari_zameranie, lekari_uvazok, lekari_plat) values (119, 'MUDr', 'Nickolaus', 'Saberton', null, 'Plný úväzok', 18130);
insert into LEKARI (lekari_id, lekari_titul, lekari_meno, lekari_priezvisko, lekari_zameranie, lekari_uvazok, lekari_plat) values (120, 'MUDr', 'Dolli', 'Sifleet', null, 'Plný úväzok', null);
insert into LEKARI (lekari_id, lekari_titul, lekari_meno, lekari_priezvisko, lekari_zameranie, lekari_uvazok, lekari_plat) values (121, 'MUDr', 'Lemar', 'Buessen', null, 'Živnosť', null);
insert into LEKARI (lekari_id, lekari_titul, lekari_meno, lekari_priezvisko, lekari_zameranie, lekari_uvazok, lekari_plat) values (122, 'MUDr', 'Vonny', 'Feaver', null, 'Plný úväzok', null);
insert into LEKARI (lekari_id, lekari_titul, lekari_meno, lekari_priezvisko, lekari_zameranie, lekari_uvazok, lekari_plat) values (123, 'MUDr', 'Durward', 'Grimsdith', null, 'Plný úväzok', 2843);
insert into LEKARI (lekari_id, lekari_titul, lekari_meno, lekari_priezvisko, lekari_zameranie, lekari_uvazok, lekari_plat) values (124, 'MUDr', 'Koo', 'Henzley', null, 'Plný úväzok', null);
insert into LEKARI (lekari_id, lekari_titul, lekari_meno, lekari_priezvisko, lekari_zameranie, lekari_uvazok, lekari_plat) values (125, 'MUDr', 'Bea', 'Vasilyevski', null, 'Živnosť', null);
insert into LEKARI (lekari_id, lekari_titul, lekari_meno, lekari_priezvisko, lekari_zameranie, lekari_uvazok, lekari_plat) values (126, 'MUDr', 'Gratia', 'Sandes', null, 'Živnosť', 16894);
insert into LEKARI (lekari_id, lekari_titul, lekari_meno, lekari_priezvisko, lekari_zameranie, lekari_uvazok, lekari_plat) values (127, 'MUDr', 'Wye', 'Saunier', null, 'Živnosť', null);
insert into LEKARI (lekari_id, lekari_titul, lekari_meno, lekari_priezvisko, lekari_zameranie, lekari_uvazok, lekari_plat) values (128, 'MUDr', 'Dagmar', 'Warmisham', null, 'Živnosť', null);
insert into LEKARI (lekari_id, lekari_titul, lekari_meno, lekari_priezvisko, lekari_zameranie, lekari_uvazok, lekari_plat) values (129, 'MUDr', 'Antonia', 'Guiness', null, 'Živnosť', 5894);
insert into LEKARI (lekari_id, lekari_titul, lekari_meno, lekari_priezvisko, lekari_zameranie, lekari_uvazok, lekari_plat) values (130, 'MUDr', 'Doralin', 'Ruscoe', null, 'Živnosť', null);
insert into LEKARI (lekari_id, lekari_titul, lekari_meno, lekari_priezvisko, lekari_zameranie, lekari_uvazok, lekari_plat) values (131, 'MUDr', 'Garnette', 'Gerrens', 'Pediater', 'Živnosť', 9914);
insert into LEKARI (lekari_id, lekari_titul, lekari_meno, lekari_priezvisko, lekari_zameranie, lekari_uvazok, lekari_plat) values (132, 'MUDr', 'Pattie', 'Van Niekerk', null, 'Živnosť', null);
insert into LEKARI (lekari_id, lekari_titul, lekari_meno, lekari_priezvisko, lekari_zameranie, lekari_uvazok, lekari_plat) values (133, 'MUDr', 'Johannah', 'Nafziger', null, 'Plný úväzok', null);
insert into LEKARI (lekari_id, lekari_titul, lekari_meno, lekari_priezvisko, lekari_zameranie, lekari_uvazok, lekari_plat) values (134, 'MUDr', 'Maurise', 'Forre', null, 'Plný úväzok', null);
insert into LEKARI (lekari_id, lekari_titul, lekari_meno, lekari_priezvisko, lekari_zameranie, lekari_uvazok, lekari_plat) values (135, 'MUDr', 'Shawna', 'Adamec', 'Chirurg', 'Plný úväzok', 15487);
insert into LEKARI (lekari_id, lekari_titul, lekari_meno, lekari_priezvisko, lekari_zameranie, lekari_uvazok, lekari_plat) values (136, 'MDDr', 'Shepard', 'Horsburgh', null, 'Plný úväzok', null);
insert into LEKARI (lekari_id, lekari_titul, lekari_meno, lekari_priezvisko, lekari_zameranie, lekari_uvazok, lekari_plat) values (137, 'MUDr', 'Jasper', 'Siley', null, 'Plný úväzok', 17021);
insert into LEKARI (lekari_id, lekari_titul, lekari_meno, lekari_priezvisko, lekari_zameranie, lekari_uvazok, lekari_plat) values (138, 'MUDr', 'Isadora', 'Buckleigh', null, 'Živnosť', null);
insert into LEKARI (lekari_id, lekari_titul, lekari_meno, lekari_priezvisko, lekari_zameranie, lekari_uvazok, lekari_plat) values (139, 'MUDr', 'Gwenore', 'Perton', null, 'Živnosť', null);
insert into LEKARI (lekari_id, lekari_titul, lekari_meno, lekari_priezvisko, lekari_zameranie, lekari_uvazok, lekari_plat) values (140, 'MUDr', 'Eulalie', 'Emblen', null, 'Živnosť', null);
insert into LEKARI (lekari_id, lekari_titul, lekari_meno, lekari_priezvisko, lekari_zameranie, lekari_uvazok, lekari_plat) values (141, 'MUDr', 'Chet', 'Root', null, 'Živnosť', null);
insert into LEKARI (lekari_id, lekari_titul, lekari_meno, lekari_priezvisko, lekari_zameranie, lekari_uvazok, lekari_plat) values (142, 'MDDr', 'Wallache', 'Langthorn', null, 'Živnosť', 8481);
insert into LEKARI (lekari_id, lekari_titul, lekari_meno, lekari_priezvisko, lekari_zameranie, lekari_uvazok, lekari_plat) values (143, 'MUDr', 'Johnath', 'Pinckstone', null, 'Plný úväzok', null);
insert into LEKARI (lekari_id, lekari_titul, lekari_meno, lekari_priezvisko, lekari_zameranie, lekari_uvazok, lekari_plat) values (144, 'MDDr', 'Sully', 'Goldin', null, 'Plný úväzok', null);
insert into LEKARI (lekari_id, lekari_titul, lekari_meno, lekari_priezvisko, lekari_zameranie, lekari_uvazok, lekari_plat) values (145, 'MUDr', 'Philipa', 'Olyet', null, 'Živnosť', null);
insert into LEKARI (lekari_id, lekari_titul, lekari_meno, lekari_priezvisko, lekari_zameranie, lekari_uvazok, lekari_plat) values (146, 'MUDr', 'Abbye', 'Joseland', null, 'Plný úväzok', 18105);
insert into LEKARI (lekari_id, lekari_titul, lekari_meno, lekari_priezvisko, lekari_zameranie, lekari_uvazok, lekari_plat) values (147, 'MUDr', 'Lexi', 'Wetherald', null, 'Plný úväzok', null);
insert into LEKARI (lekari_id, lekari_titul, lekari_meno, lekari_priezvisko, lekari_zameranie, lekari_uvazok, lekari_plat) values (148, 'MUDr', 'Sonny', 'Riddett', null, 'Plný úväzok', null);
insert into LEKARI (lekari_id, lekari_titul, lekari_meno, lekari_priezvisko, lekari_zameranie, lekari_uvazok, lekari_plat) values (149, 'MUDr', 'Steward', 'Voller', null, 'Živnosť', 13834);
insert into LEKARI (lekari_id, lekari_titul, lekari_meno, lekari_priezvisko, lekari_zameranie, lekari_uvazok, lekari_plat) values (150, 'MDDr', 'Iormina', 'Wyre', null, 'Plný úväzok', 7494);
insert into LEKARI (lekari_id, lekari_titul, lekari_meno, lekari_priezvisko, lekari_zameranie, lekari_uvazok, lekari_plat) values (151, 'MUDr', 'Jackqueline', 'Oldland', null, 'Plný úväzok', null);
insert into LEKARI (lekari_id, lekari_titul, lekari_meno, lekari_priezvisko, lekari_zameranie, lekari_uvazok, lekari_plat) values (152, 'MUDr', 'Haze', 'Geraudel', null, 'Živnosť', 19494);
insert into LEKARI (lekari_id, lekari_titul, lekari_meno, lekari_priezvisko, lekari_zameranie, lekari_uvazok, lekari_plat) values (153, 'MUDr', 'Kermie', 'de Quincey', null, 'Plný úväzok', 10868);
insert into LEKARI (lekari_id, lekari_titul, lekari_meno, lekari_priezvisko, lekari_zameranie, lekari_uvazok, lekari_plat) values (154, 'MDDr', 'Hedda', 'Rudgerd', null, 'Živnosť', null);
insert into LEKARI (lekari_id, lekari_titul, lekari_meno, lekari_priezvisko, lekari_zameranie, lekari_uvazok, lekari_plat) values (155, 'MUDr', 'Mitch', 'Balaizot', null, 'Plný úväzok', null);
insert into LEKARI (lekari_id, lekari_titul, lekari_meno, lekari_priezvisko, lekari_zameranie, lekari_uvazok, lekari_plat) values (156, 'MUDr', 'Noel', 'Brane', null, 'Plný úväzok', null);
insert into LEKARI (lekari_id, lekari_titul, lekari_meno, lekari_priezvisko, lekari_zameranie, lekari_uvazok, lekari_plat) values (157, 'MUDr', 'Manolo', 'Wieprecht', null, 'Plný úväzok', 18477);
insert into LEKARI (lekari_id, lekari_titul, lekari_meno, lekari_priezvisko, lekari_zameranie, lekari_uvazok, lekari_plat) values (158, 'MUDr', 'Daron', 'Westhofer', 'Dermatológ', 'Plný úväzok', null);
insert into LEKARI (lekari_id, lekari_titul, lekari_meno, lekari_priezvisko, lekari_zameranie, lekari_uvazok, lekari_plat) values (159, 'MUDr', 'Dominic', 'Minett', null, 'Živnosť', null);
insert into LEKARI (lekari_id, lekari_titul, lekari_meno, lekari_priezvisko, lekari_zameranie, lekari_uvazok, lekari_plat) values (160, 'MUDr', 'Blythe', 'Sunnucks', null, 'Plný úväzok', null);
insert into LEKARI (lekari_id, lekari_titul, lekari_meno, lekari_priezvisko, lekari_zameranie, lekari_uvazok, lekari_plat) values (161, 'MUDr', 'Patrizia', 'Cassell', 'Chirurg', 'Plný úväzok', 12438);
insert into LEKARI (lekari_id, lekari_titul, lekari_meno, lekari_priezvisko, lekari_zameranie, lekari_uvazok, lekari_plat) values (162, 'MUDr', 'Padraig', 'Phinn', 'Chirurg', 'Plný úväzok', null);
insert into LEKARI (lekari_id, lekari_titul, lekari_meno, lekari_priezvisko, lekari_zameranie, lekari_uvazok, lekari_plat) values (163, 'MUDr', 'Spencer', 'Goodyear', null, 'Plný úväzok', null);
insert into LEKARI (lekari_id, lekari_titul, lekari_meno, lekari_priezvisko, lekari_zameranie, lekari_uvazok, lekari_plat) values (164, 'MUDr', 'Eileen', 'Thorburn', null, 'Živnosť', null);
insert into LEKARI (lekari_id, lekari_titul, lekari_meno, lekari_priezvisko, lekari_zameranie, lekari_uvazok, lekari_plat) values (165, 'MUDr', 'Edd', 'Whitchurch', null, 'Plný úväzok', null);
insert into LEKARI (lekari_id, lekari_titul, lekari_meno, lekari_priezvisko, lekari_zameranie, lekari_uvazok, lekari_plat) values (166, 'MUDr', 'Winny', 'Marchbank', null, 'Plný úväzok', null);
insert into LEKARI (lekari_id, lekari_titul, lekari_meno, lekari_priezvisko, lekari_zameranie, lekari_uvazok, lekari_plat) values (167, 'MUDr', 'Martie', 'McArte', 'Ortopéd', 'Plný úväzok', null);
insert into LEKARI (lekari_id, lekari_titul, lekari_meno, lekari_priezvisko, lekari_zameranie, lekari_uvazok, lekari_plat) values (168, 'PhDr', 'Broddie', 'Ollarenshaw', null, 'Plný úväzok', 6185);
insert into LEKARI (lekari_id, lekari_titul, lekari_meno, lekari_priezvisko, lekari_zameranie, lekari_uvazok, lekari_plat) values (169, 'MUDr', 'Jenna', 'Ortelt', null, 'Živnosť', null);
insert into LEKARI (lekari_id, lekari_titul, lekari_meno, lekari_priezvisko, lekari_zameranie, lekari_uvazok, lekari_plat) values (170, 'MUDr', 'Alvie', 'Vakhonin', null, 'Plný úväzok', 18037);
insert into LEKARI (lekari_id, lekari_titul, lekari_meno, lekari_priezvisko, lekari_zameranie, lekari_uvazok, lekari_plat) values (171, 'MUDr', 'Shena', 'Duffree', null, 'Živnosť', 13847);
insert into LEKARI (lekari_id, lekari_titul, lekari_meno, lekari_priezvisko, lekari_zameranie, lekari_uvazok, lekari_plat) values (172, 'MUDr', 'Tamara', 'Bellwood', null, 'Živnosť', null);
insert into LEKARI (lekari_id, lekari_titul, lekari_meno, lekari_priezvisko, lekari_zameranie, lekari_uvazok, lekari_plat) values (173, 'MUDr', 'Trev', 'Harsnipe', null, 'Plný úväzok', null);
insert into LEKARI (lekari_id, lekari_titul, lekari_meno, lekari_priezvisko, lekari_zameranie, lekari_uvazok, lekari_plat) values (174, 'MUDr', 'Grantham', 'Jepperson', null, 'Živnosť', null);
insert into LEKARI (lekari_id, lekari_titul, lekari_meno, lekari_priezvisko, lekari_zameranie, lekari_uvazok, lekari_plat) values (175, 'MUDr', 'Krista', 'Colcutt', null, 'Plný úväzok', null);
insert into LEKARI (lekari_id, lekari_titul, lekari_meno, lekari_priezvisko, lekari_zameranie, lekari_uvazok, lekari_plat) values (176, 'MDDr', 'Patrice', 'Philo', 'Ortopéd', 'Živnosť', null);
insert into LEKARI (lekari_id, lekari_titul, lekari_meno, lekari_priezvisko, lekari_zameranie, lekari_uvazok, lekari_plat) values (177, 'MUDr', 'Mariam', 'Edmeades', null, 'Živnosť', 5885);
insert into LEKARI (lekari_id, lekari_titul, lekari_meno, lekari_priezvisko, lekari_zameranie, lekari_uvazok, lekari_plat) values (178, 'MUDr', 'Rica', 'McCole', null, 'Plný úväzok', null);
insert into LEKARI (lekari_id, lekari_titul, lekari_meno, lekari_priezvisko, lekari_zameranie, lekari_uvazok, lekari_plat) values (179, 'MUDr', 'Hilario', 'Dinneges', null, 'Živnosť', 13932);
insert into LEKARI (lekari_id, lekari_titul, lekari_meno, lekari_priezvisko, lekari_zameranie, lekari_uvazok, lekari_plat) values (180, 'MUDr', 'Goran', 'Raiker', null, 'Plný úväzok', null);
insert into LEKARI (lekari_id, lekari_titul, lekari_meno, lekari_priezvisko, lekari_zameranie, lekari_uvazok, lekari_plat) values (181, 'MUDr', 'Mandy', 'Birrel', 'Dermatológ', 'Živnosť', 8593);
insert into LEKARI (lekari_id, lekari_titul, lekari_meno, lekari_priezvisko, lekari_zameranie, lekari_uvazok, lekari_plat) values (182, 'MUDr', 'Georgi', 'Hazley', 'Pediater', 'Živnosť', null);
insert into LEKARI (lekari_id, lekari_titul, lekari_meno, lekari_priezvisko, lekari_zameranie, lekari_uvazok, lekari_plat) values (183, 'MUDr', 'Kathie', 'Hinkens', null, 'Plný úväzok', null);
insert into LEKARI (lekari_id, lekari_titul, lekari_meno, lekari_priezvisko, lekari_zameranie, lekari_uvazok, lekari_plat) values (184, 'MUDr', 'Corie', 'Beaman', null, 'Plný úväzok', null);
insert into LEKARI (lekari_id, lekari_titul, lekari_meno, lekari_priezvisko, lekari_zameranie, lekari_uvazok, lekari_plat) values (185, 'MDDr', 'Lorette', 'Orrah', null, 'Živnosť', null);
insert into LEKARI (lekari_id, lekari_titul, lekari_meno, lekari_priezvisko, lekari_zameranie, lekari_uvazok, lekari_plat) values (186, 'MUDr', 'Stoddard', 'Lomasny', null, 'Živnosť', null);
insert into LEKARI (lekari_id, lekari_titul, lekari_meno, lekari_priezvisko, lekari_zameranie, lekari_uvazok, lekari_plat) values (187, 'MUDr', 'Humfrey', 'Gilders', null, 'Živnosť', 8462);
insert into LEKARI (lekari_id, lekari_titul, lekari_meno, lekari_priezvisko, lekari_zameranie, lekari_uvazok, lekari_plat) values (188, 'MUDr', 'Arden', 'Hoyles', null, 'Plný úväzok', 16024);
insert into LEKARI (lekari_id, lekari_titul, lekari_meno, lekari_priezvisko, lekari_zameranie, lekari_uvazok, lekari_plat) values (189, 'MUDr', 'Penny', 'Handyside', null, 'Plný úväzok', 4519);
insert into LEKARI (lekari_id, lekari_titul, lekari_meno, lekari_priezvisko, lekari_zameranie, lekari_uvazok, lekari_plat) values (190, 'MUDr', 'Bob', 'Mea', null, 'Živnosť', 3276);
insert into LEKARI (lekari_id, lekari_titul, lekari_meno, lekari_priezvisko, lekari_zameranie, lekari_uvazok, lekari_plat) values (191, 'MUDr', 'Felizio', 'Baythrop', null, 'Živnosť', null);
insert into LEKARI (lekari_id, lekari_titul, lekari_meno, lekari_priezvisko, lekari_zameranie, lekari_uvazok, lekari_plat) values (192, 'MUDr', 'Clay', 'Rowes', null, 'Plný úväzok', null);
insert into LEKARI (lekari_id, lekari_titul, lekari_meno, lekari_priezvisko, lekari_zameranie, lekari_uvazok, lekari_plat) values (193, 'MUDr', 'Wendie', 'Gumley', null, 'Plný úväzok', null);
insert into LEKARI (lekari_id, lekari_titul, lekari_meno, lekari_priezvisko, lekari_zameranie, lekari_uvazok, lekari_plat) values (194, 'MUDr', 'Aymer', 'Senett', null, 'Plný úväzok', null);
insert into LEKARI (lekari_id, lekari_titul, lekari_meno, lekari_priezvisko, lekari_zameranie, lekari_uvazok, lekari_plat) values (195, 'MUDr', 'Arley', 'Bore', null, 'Plný úväzok', 10752);
insert into LEKARI (lekari_id, lekari_titul, lekari_meno, lekari_priezvisko, lekari_zameranie, lekari_uvazok, lekari_plat) values (196, 'MUDr', 'Dewey', 'Riddlesden', null, 'Plný úväzok', null);
insert into LEKARI (lekari_id, lekari_titul, lekari_meno, lekari_priezvisko, lekari_zameranie, lekari_uvazok, lekari_plat) values (197, 'MUDr', 'Dominique', 'Febre', null, 'Plný úväzok', null);
insert into LEKARI (lekari_id, lekari_titul, lekari_meno, lekari_priezvisko, lekari_zameranie, lekari_uvazok, lekari_plat) values (198, 'MDDr', 'Theresa', 'Ridsdole', null, 'Plný úväzok', null);
insert into LEKARI (lekari_id, lekari_titul, lekari_meno, lekari_priezvisko, lekari_zameranie, lekari_uvazok, lekari_plat) values (199, 'MUDr', 'Nick', 'Heskey', 'Pediater', 'Plný úväzok', 10255);
insert into LEKARI (lekari_id, lekari_titul, lekari_meno, lekari_priezvisko, lekari_zameranie, lekari_uvazok, lekari_plat) values (200, 'MUDr', 'Patrica', 'Crinson', null, 'Živnosť', 4378);
insert into LEKARI (lekari_id, lekari_titul, lekari_meno, lekari_priezvisko, lekari_zameranie, lekari_uvazok, lekari_plat) values (201, 'MUDr', 'Torey', 'Apfler', null, 'Plný úväzok', null);
insert into LEKARI (lekari_id, lekari_titul, lekari_meno, lekari_priezvisko, lekari_zameranie, lekari_uvazok, lekari_plat) values (202, 'MUDr', 'Rebecca', 'Whapples', null, 'Plný úväzok', 13439);
insert into LEKARI (lekari_id, lekari_titul, lekari_meno, lekari_priezvisko, lekari_zameranie, lekari_uvazok, lekari_plat) values (203, 'MUDr', 'Merrilee', 'Klimkov', null, 'Plný úväzok', null);
insert into LEKARI (lekari_id, lekari_titul, lekari_meno, lekari_priezvisko, lekari_zameranie, lekari_uvazok, lekari_plat) values (204, 'MUDr', 'Stephanie', 'Joyes', 'Chirurg', 'Plný úväzok', 17598);
insert into LEKARI (lekari_id, lekari_titul, lekari_meno, lekari_priezvisko, lekari_zameranie, lekari_uvazok, lekari_plat) values (205, 'MUDr', 'Gerri', 'Colthard', 'Ortopéd', 'Živnosť', null);
insert into LEKARI (lekari_id, lekari_titul, lekari_meno, lekari_priezvisko, lekari_zameranie, lekari_uvazok, lekari_plat) values (206, 'MUDr', 'Karrie', 'Fenny', null, 'Živnosť', null);
insert into LEKARI (lekari_id, lekari_titul, lekari_meno, lekari_priezvisko, lekari_zameranie, lekari_uvazok, lekari_plat) values (207, 'MDDr', 'Goldy', 'Veel', null, 'Živnosť', null);
insert into LEKARI (lekari_id, lekari_titul, lekari_meno, lekari_priezvisko, lekari_zameranie, lekari_uvazok, lekari_plat) values (208, 'MUDr', 'Ursula', 'Wilkennson', null, 'Plný úväzok', 12774);
insert into LEKARI (lekari_id, lekari_titul, lekari_meno, lekari_priezvisko, lekari_zameranie, lekari_uvazok, lekari_plat) values (209, 'MUDr', 'Neron', 'Beaze', null, 'Živnosť', null);
insert into LEKARI (lekari_id, lekari_titul, lekari_meno, lekari_priezvisko, lekari_zameranie, lekari_uvazok, lekari_plat) values (210, 'MUDr', 'Sybila', 'Kilfedder', null, 'Živnosť', 13137);
insert into LEKARI (lekari_id, lekari_titul, lekari_meno, lekari_priezvisko, lekari_zameranie, lekari_uvazok, lekari_plat) values (211, 'MUDr', 'Mirabella', 'Shawyer', null, 'Živnosť', null);
insert into LEKARI (lekari_id, lekari_titul, lekari_meno, lekari_priezvisko, lekari_zameranie, lekari_uvazok, lekari_plat) values (212, 'MUDr', 'Dino', 'Brandel', null, 'Plný úväzok', null);
insert into LEKARI (lekari_id, lekari_titul, lekari_meno, lekari_priezvisko, lekari_zameranie, lekari_uvazok, lekari_plat) values (213, 'MUDr', 'Bondie', 'Sevier', null, 'Živnosť', null);
insert into LEKARI (lekari_id, lekari_titul, lekari_meno, lekari_priezvisko, lekari_zameranie, lekari_uvazok, lekari_plat) values (214, 'MDDr', 'Hollis', 'Lemerle', null, 'Plný úväzok', null);
insert into LEKARI (lekari_id, lekari_titul, lekari_meno, lekari_priezvisko, lekari_zameranie, lekari_uvazok, lekari_plat) values (215, 'MUDr', 'Bendix', 'Tipping', 'Ortopéd', 'Plný úväzok', null);
insert into LEKARI (lekari_id, lekari_titul, lekari_meno, lekari_priezvisko, lekari_zameranie, lekari_uvazok, lekari_plat) values (216, 'MUDr', 'Siana', 'Karpov', null, 'Plný úväzok', 10865);
insert into LEKARI (lekari_id, lekari_titul, lekari_meno, lekari_priezvisko, lekari_zameranie, lekari_uvazok, lekari_plat) values (217, 'PhDr', 'Idalia', 'Yuryaev', null, 'Plný úväzok', 840);
insert into LEKARI (lekari_id, lekari_titul, lekari_meno, lekari_priezvisko, lekari_zameranie, lekari_uvazok, lekari_plat) values (218, 'MUDr', 'Lanie', 'Coll', null, 'Plný úväzok', null);
insert into LEKARI (lekari_id, lekari_titul, lekari_meno, lekari_priezvisko, lekari_zameranie, lekari_uvazok, lekari_plat) values (219, 'MUDr', 'Heidi', 'Donohue', null, 'Plný úväzok', null);
insert into LEKARI (lekari_id, lekari_titul, lekari_meno, lekari_priezvisko, lekari_zameranie, lekari_uvazok, lekari_plat) values (220, 'MUDr', 'Devlen', 'Bysaker', null, 'Živnosť', null);
insert into LEKARI (lekari_id, lekari_titul, lekari_meno, lekari_priezvisko, lekari_zameranie, lekari_uvazok, lekari_plat) values (221, 'MDDr', 'Penn', 'Eglese', null, 'Živnosť', null);
insert into LEKARI (lekari_id, lekari_titul, lekari_meno, lekari_priezvisko, lekari_zameranie, lekari_uvazok, lekari_plat) values (222, 'MUDr', 'Esme', 'Plesing', null, 'Plný úväzok', null);
insert into LEKARI (lekari_id, lekari_titul, lekari_meno, lekari_priezvisko, lekari_zameranie, lekari_uvazok, lekari_plat) values (223, 'MUDr', 'Sky', 'Astbery', null, 'Plný úväzok', 1464);
insert into LEKARI (lekari_id, lekari_titul, lekari_meno, lekari_priezvisko, lekari_zameranie, lekari_uvazok, lekari_plat) values (224, 'MUDr', 'Christean', 'Carbine', null, 'Plný úväzok', null);
insert into LEKARI (lekari_id, lekari_titul, lekari_meno, lekari_priezvisko, lekari_zameranie, lekari_uvazok, lekari_plat) values (225, 'MUDr', 'Sherline', 'Redhead', null, 'Plný úväzok', 8449);
insert into LEKARI (lekari_id, lekari_titul, lekari_meno, lekari_priezvisko, lekari_zameranie, lekari_uvazok, lekari_plat) values (226, 'MUDr', 'Buddy', 'Ryman', null, 'Živnosť', 14503);
insert into LEKARI (lekari_id, lekari_titul, lekari_meno, lekari_priezvisko, lekari_zameranie, lekari_uvazok, lekari_plat) values (227, 'MUDr', 'Chrysler', 'Guillem', null, 'Plný úväzok', null);
insert into LEKARI (lekari_id, lekari_titul, lekari_meno, lekari_priezvisko, lekari_zameranie, lekari_uvazok, lekari_plat) values (228, 'MUDr', 'Drucill', 'Wife', null, 'Živnosť', 13966);
insert into LEKARI (lekari_id, lekari_titul, lekari_meno, lekari_priezvisko, lekari_zameranie, lekari_uvazok, lekari_plat) values (229, 'MUDr', 'Kendal', 'Asif', null, 'Plný úväzok', null);
insert into LEKARI (lekari_id, lekari_titul, lekari_meno, lekari_priezvisko, lekari_zameranie, lekari_uvazok, lekari_plat) values (230, 'MUDr', 'Dagny', 'Flatt', null, 'Plný úväzok', null);
insert into LEKARI (lekari_id, lekari_titul, lekari_meno, lekari_priezvisko, lekari_zameranie, lekari_uvazok, lekari_plat) values (231, 'MDDr', 'Tatum', 'Shaudfurth', null, 'Plný úväzok', null);
insert into LEKARI (lekari_id, lekari_titul, lekari_meno, lekari_priezvisko, lekari_zameranie, lekari_uvazok, lekari_plat) values (232, 'MUDr', 'Pieter', 'Eatttok', null, 'Živnosť', null);
insert into LEKARI (lekari_id, lekari_titul, lekari_meno, lekari_priezvisko, lekari_zameranie, lekari_uvazok, lekari_plat) values (233, 'MUDr', 'Chloette', 'Lothean', 'Obvodný', 'Plný úväzok', 2872);
insert into LEKARI (lekari_id, lekari_titul, lekari_meno, lekari_priezvisko, lekari_zameranie, lekari_uvazok, lekari_plat) values (234, 'MUDr', 'Caresa', 'Macconachy', 'Obvodný', 'Živnosť', null);
insert into LEKARI (lekari_id, lekari_titul, lekari_meno, lekari_priezvisko, lekari_zameranie, lekari_uvazok, lekari_plat) values (235, 'MDDr', 'Fallon', 'Kiraly', null, 'Plný úväzok', null);
insert into LEKARI (lekari_id, lekari_titul, lekari_meno, lekari_priezvisko, lekari_zameranie, lekari_uvazok, lekari_plat) values (236, 'MDDr', 'Aurea', 'Sawl', null, 'Živnosť', null);
insert into LEKARI (lekari_id, lekari_titul, lekari_meno, lekari_priezvisko, lekari_zameranie, lekari_uvazok, lekari_plat) values (237, 'MUDr', 'Valerie', 'Lineker', null, 'Plný úväzok', null);
insert into LEKARI (lekari_id, lekari_titul, lekari_meno, lekari_priezvisko, lekari_zameranie, lekari_uvazok, lekari_plat) values (238, 'MUDr', 'Filmer', 'Blaisdale', null, 'Živnosť', 15787);
insert into LEKARI (lekari_id, lekari_titul, lekari_meno, lekari_priezvisko, lekari_zameranie, lekari_uvazok, lekari_plat) values (239, 'MUDr', 'Esme', 'Don', null, 'Živnosť', null);
insert into LEKARI (lekari_id, lekari_titul, lekari_meno, lekari_priezvisko, lekari_zameranie, lekari_uvazok, lekari_plat) values (240, 'PhDr', 'Emerson', 'Pasmore', 'Obvodný', 'Živnosť', null);
insert into LEKARI (lekari_id, lekari_titul, lekari_meno, lekari_priezvisko, lekari_zameranie, lekari_uvazok, lekari_plat) values (241, 'MUDr', 'Abbe', 'Demongeot', null, 'Živnosť', null);
insert into LEKARI (lekari_id, lekari_titul, lekari_meno, lekari_priezvisko, lekari_zameranie, lekari_uvazok, lekari_plat) values (242, 'MDDr', 'Merola', 'Drogan', null, 'Plný úväzok', null);
insert into LEKARI (lekari_id, lekari_titul, lekari_meno, lekari_priezvisko, lekari_zameranie, lekari_uvazok, lekari_plat) values (243, 'MUDr', 'Monah', 'Grafhom', null, 'Živnosť', null);
insert into LEKARI (lekari_id, lekari_titul, lekari_meno, lekari_priezvisko, lekari_zameranie, lekari_uvazok, lekari_plat) values (244, 'MUDr', 'Clarey', 'Twidle', null, 'Plný úväzok', null);
insert into LEKARI (lekari_id, lekari_titul, lekari_meno, lekari_priezvisko, lekari_zameranie, lekari_uvazok, lekari_plat) values (245, 'MUDr', 'Shela', 'Enga', 'Obvodný', 'Plný úväzok', null);
insert into LEKARI (lekari_id, lekari_titul, lekari_meno, lekari_priezvisko, lekari_zameranie, lekari_uvazok, lekari_plat) values (246, 'MDDr', 'Noel', 'Cronkshaw', null, 'Živnosť', null);
insert into LEKARI (lekari_id, lekari_titul, lekari_meno, lekari_priezvisko, lekari_zameranie, lekari_uvazok, lekari_plat) values (247, 'MUDr', 'Miquela', 'Smalls', null, 'Plný úväzok', 7692);
insert into LEKARI (lekari_id, lekari_titul, lekari_meno, lekari_priezvisko, lekari_zameranie, lekari_uvazok, lekari_plat) values (248, 'MUDr', 'Andre', 'Kyme', null, 'Živnosť', null);
insert into LEKARI (lekari_id, lekari_titul, lekari_meno, lekari_priezvisko, lekari_zameranie, lekari_uvazok, lekari_plat) values (249, 'MUDr', 'Alysia', 'Ockenden', null, 'Plný úväzok', null);
insert into LEKARI (lekari_id, lekari_titul, lekari_meno, lekari_priezvisko, lekari_zameranie, lekari_uvazok, lekari_plat) values (250, 'MUDr', 'Klara', 'Dengel', null, 'Živnosť', null);
insert into LEKARI (lekari_id, lekari_titul, lekari_meno, lekari_priezvisko, lekari_zameranie, lekari_uvazok, lekari_plat) values (251, 'MUDr', 'Sissy', 'Parysiak', null, 'Živnosť', null);
insert into LEKARI (lekari_id, lekari_titul, lekari_meno, lekari_priezvisko, lekari_zameranie, lekari_uvazok, lekari_plat) values (252, 'MUDr', 'Kitti', 'Rochford', null, 'Živnosť', null);
insert into LEKARI (lekari_id, lekari_titul, lekari_meno, lekari_priezvisko, lekari_zameranie, lekari_uvazok, lekari_plat) values (253, 'MUDr', 'Chelsea', 'Spadeck', null, 'Živnosť', null);
insert into LEKARI (lekari_id, lekari_titul, lekari_meno, lekari_priezvisko, lekari_zameranie, lekari_uvazok, lekari_plat) values (254, 'MUDr', 'Griffie', 'Ealles', null, 'Živnosť', 15761);
insert into LEKARI (lekari_id, lekari_titul, lekari_meno, lekari_priezvisko, lekari_zameranie, lekari_uvazok, lekari_plat) values (255, 'MUDr', 'Cooper', 'Tole', null, 'Plný úväzok', null);
insert into LEKARI (lekari_id, lekari_titul, lekari_meno, lekari_priezvisko, lekari_zameranie, lekari_uvazok, lekari_plat) values (256, 'MUDr', 'Portia', 'Blaylock', null, 'Živnosť', 1773);
insert into LEKARI (lekari_id, lekari_titul, lekari_meno, lekari_priezvisko, lekari_zameranie, lekari_uvazok, lekari_plat) values (257, 'MUDr', 'Ezechiel', 'Edrich', null, 'Plný úväzok', null);
insert into LEKARI (lekari_id, lekari_titul, lekari_meno, lekari_priezvisko, lekari_zameranie, lekari_uvazok, lekari_plat) values (258, 'MUDr', 'Niki', 'Mattiussi', null, 'Živnosť', null);
insert into LEKARI (lekari_id, lekari_titul, lekari_meno, lekari_priezvisko, lekari_zameranie, lekari_uvazok, lekari_plat) values (259, 'MDDr', 'Lil', 'Mapston', null, 'Plný úväzok', 16451);
insert into LEKARI (lekari_id, lekari_titul, lekari_meno, lekari_priezvisko, lekari_zameranie, lekari_uvazok, lekari_plat) values (260, 'MUDr', 'Mose', 'Bastistini', null, 'Živnosť', 11120);
insert into LEKARI (lekari_id, lekari_titul, lekari_meno, lekari_priezvisko, lekari_zameranie, lekari_uvazok, lekari_plat) values (261, 'MUDr', 'Meggie', 'Barnsdale', null, 'Živnosť', null);
insert into LEKARI (lekari_id, lekari_titul, lekari_meno, lekari_priezvisko, lekari_zameranie, lekari_uvazok, lekari_plat) values (262, 'MUDr', 'Tracie', 'Dalzell', null, 'Živnosť', null);
insert into LEKARI (lekari_id, lekari_titul, lekari_meno, lekari_priezvisko, lekari_zameranie, lekari_uvazok, lekari_plat) values (263, 'MUDr', 'Adey', 'Gwilliam', 'Pediater', 'Plný úväzok', 15961);
insert into LEKARI (lekari_id, lekari_titul, lekari_meno, lekari_priezvisko, lekari_zameranie, lekari_uvazok, lekari_plat) values (264, 'MUDr', 'Whit', 'Anselmi', null, 'Živnosť', null);
insert into LEKARI (lekari_id, lekari_titul, lekari_meno, lekari_priezvisko, lekari_zameranie, lekari_uvazok, lekari_plat) values (265, 'MUDr', 'Meridith', 'Borris', null, 'Plný úväzok', null);
insert into LEKARI (lekari_id, lekari_titul, lekari_meno, lekari_priezvisko, lekari_zameranie, lekari_uvazok, lekari_plat) values (266, 'MUDr', 'Lukas', 'MacSweeney', 'Pediater', 'Živnosť', null);
insert into LEKARI (lekari_id, lekari_titul, lekari_meno, lekari_priezvisko, lekari_zameranie, lekari_uvazok, lekari_plat) values (267, 'MUDr', 'Lukas', 'Toop', null, 'Živnosť', null);
insert into LEKARI (lekari_id, lekari_titul, lekari_meno, lekari_priezvisko, lekari_zameranie, lekari_uvazok, lekari_plat) values (268, 'MUDr', 'Cilka', 'Bassham', null, 'Živnosť', null);
insert into LEKARI (lekari_id, lekari_titul, lekari_meno, lekari_priezvisko, lekari_zameranie, lekari_uvazok, lekari_plat) values (269, 'MUDr', 'Dolli', 'Mallender', null, 'Živnosť', null);
insert into LEKARI (lekari_id, lekari_titul, lekari_meno, lekari_priezvisko, lekari_zameranie, lekari_uvazok, lekari_plat) values (270, 'MUDr', 'Sidnee', 'Coates', null, 'Živnosť', null);
insert into LEKARI (lekari_id, lekari_titul, lekari_meno, lekari_priezvisko, lekari_zameranie, lekari_uvazok, lekari_plat) values (271, 'MUDr', 'Debbie', 'Innocenti', null, 'Živnosť', 12704);
insert into LEKARI (lekari_id, lekari_titul, lekari_meno, lekari_priezvisko, lekari_zameranie, lekari_uvazok, lekari_plat) values (272, 'MUDr', 'Gisele', 'Winram', null, 'Živnosť', null);
insert into LEKARI (lekari_id, lekari_titul, lekari_meno, lekari_priezvisko, lekari_zameranie, lekari_uvazok, lekari_plat) values (273, 'MUDr', 'Jacinta', 'Billson', 'Obvodný', 'Plný úväzok', null);
insert into LEKARI (lekari_id, lekari_titul, lekari_meno, lekari_priezvisko, lekari_zameranie, lekari_uvazok, lekari_plat) values (274, 'MUDr', 'Alair', 'Dipple', null, 'Živnosť', null);
insert into LEKARI (lekari_id, lekari_titul, lekari_meno, lekari_priezvisko, lekari_zameranie, lekari_uvazok, lekari_plat) values (275, 'MUDr', 'Valma', 'Goeff', null, 'Plný úväzok', null);
insert into LEKARI (lekari_id, lekari_titul, lekari_meno, lekari_priezvisko, lekari_zameranie, lekari_uvazok, lekari_plat) values (276, 'MUDr', 'Conn', 'Osmund', null, 'Živnosť', null);
insert into LEKARI (lekari_id, lekari_titul, lekari_meno, lekari_priezvisko, lekari_zameranie, lekari_uvazok, lekari_plat) values (277, 'MUDr', 'Aldous', 'Rogeron', null, 'Plný úväzok', null);
insert into LEKARI (lekari_id, lekari_titul, lekari_meno, lekari_priezvisko, lekari_zameranie, lekari_uvazok, lekari_plat) values (278, 'PhDr', 'Wood', 'Hunnybun', null, 'Živnosť', 13581);
insert into LEKARI (lekari_id, lekari_titul, lekari_meno, lekari_priezvisko, lekari_zameranie, lekari_uvazok, lekari_plat) values (279, 'MUDr', 'Jeremie', 'Rouchy', 'Dermatológ', 'Plný úväzok', null);
insert into LEKARI (lekari_id, lekari_titul, lekari_meno, lekari_priezvisko, lekari_zameranie, lekari_uvazok, lekari_plat) values (280, 'MUDr', 'Christal', 'Bushe', null, 'Živnosť', null);
insert into LEKARI (lekari_id, lekari_titul, lekari_meno, lekari_priezvisko, lekari_zameranie, lekari_uvazok, lekari_plat) values (281, 'MUDr', 'Jolie', 'Squibbs', null, 'Plný úväzok', 7493);
insert into LEKARI (lekari_id, lekari_titul, lekari_meno, lekari_priezvisko, lekari_zameranie, lekari_uvazok, lekari_plat) values (282, 'MUDr', 'Jeffrey', 'Spanton', 'Pediater', 'Plný úväzok', null);
insert into LEKARI (lekari_id, lekari_titul, lekari_meno, lekari_priezvisko, lekari_zameranie, lekari_uvazok, lekari_plat) values (283, 'MUDr', 'Vincenty', 'Trainer', null, 'Živnosť', null);
insert into LEKARI (lekari_id, lekari_titul, lekari_meno, lekari_priezvisko, lekari_zameranie, lekari_uvazok, lekari_plat) values (284, 'MUDr', 'Silvano', 'Flear', null, 'Plný úväzok', 6271);
insert into LEKARI (lekari_id, lekari_titul, lekari_meno, lekari_priezvisko, lekari_zameranie, lekari_uvazok, lekari_plat) values (285, 'MUDr', 'Arch', 'Course', null, 'Plný úväzok', 12096);
insert into LEKARI (lekari_id, lekari_titul, lekari_meno, lekari_priezvisko, lekari_zameranie, lekari_uvazok, lekari_plat) values (286, 'MUDr', 'Tilda', 'Fowles', null, 'Plný úväzok', null);
insert into LEKARI (lekari_id, lekari_titul, lekari_meno, lekari_priezvisko, lekari_zameranie, lekari_uvazok, lekari_plat) values (287, 'MUDr', 'Jsandye', 'Douglas', null, 'Plný úväzok', null);
insert into LEKARI (lekari_id, lekari_titul, lekari_meno, lekari_priezvisko, lekari_zameranie, lekari_uvazok, lekari_plat) values (288, 'MUDr', 'Ilysa', 'Highman', null, 'Plný úväzok', null);
insert into LEKARI (lekari_id, lekari_titul, lekari_meno, lekari_priezvisko, lekari_zameranie, lekari_uvazok, lekari_plat) values (289, 'MUDr', 'Richie', 'Antoniazzi', null, 'Živnosť', 9594);
insert into LEKARI (lekari_id, lekari_titul, lekari_meno, lekari_priezvisko, lekari_zameranie, lekari_uvazok, lekari_plat) values (290, 'MDDr', 'Gwenore', 'Kelson', null, 'Plný úväzok', null);
insert into LEKARI (lekari_id, lekari_titul, lekari_meno, lekari_priezvisko, lekari_zameranie, lekari_uvazok, lekari_plat) values (291, 'MDDr', 'Oralie', 'Levensky', null, 'Živnosť', 7771);
insert into LEKARI (lekari_id, lekari_titul, lekari_meno, lekari_priezvisko, lekari_zameranie, lekari_uvazok, lekari_plat) values (292, 'MUDr', 'Karlene', 'Duncklee', null, 'Plný úväzok', null);
insert into LEKARI (lekari_id, lekari_titul, lekari_meno, lekari_priezvisko, lekari_zameranie, lekari_uvazok, lekari_plat) values (293, 'MUDr', 'Ham', 'Cristofanini', null, 'Živnosť', 17087);
insert into LEKARI (lekari_id, lekari_titul, lekari_meno, lekari_priezvisko, lekari_zameranie, lekari_uvazok, lekari_plat) values (294, 'MUDr', 'Lefty', 'Mardlin', null, 'Živnosť', 16820);
insert into LEKARI (lekari_id, lekari_titul, lekari_meno, lekari_priezvisko, lekari_zameranie, lekari_uvazok, lekari_plat) values (295, 'MUDr', 'Paula', 'Eynald', 'Obvodný', 'Živnosť', null);
insert into LEKARI (lekari_id, lekari_titul, lekari_meno, lekari_priezvisko, lekari_zameranie, lekari_uvazok, lekari_plat) values (296, 'MUDr', 'Drucie', 'Suero', null, 'Živnosť', null);
insert into LEKARI (lekari_id, lekari_titul, lekari_meno, lekari_priezvisko, lekari_zameranie, lekari_uvazok, lekari_plat) values (297, 'MUDr', 'Kyle', 'Laurisch', null, 'Plný úväzok', 18941);
insert into LEKARI (lekari_id, lekari_titul, lekari_meno, lekari_priezvisko, lekari_zameranie, lekari_uvazok, lekari_plat) values (298, 'MUDr', 'Kyle', 'Minett', null, 'Plný úväzok', null);
insert into LEKARI (lekari_id, lekari_titul, lekari_meno, lekari_priezvisko, lekari_zameranie, lekari_uvazok, lekari_plat) values (299, 'MUDr', 'Zora', 'Scrane', null, 'Živnosť', null);
insert into LEKARI (lekari_id, lekari_titul, lekari_meno, lekari_priezvisko, lekari_zameranie, lekari_uvazok, lekari_plat) values (300, 'MUDr', 'Westbrooke', 'Matushevich', null, 'Živnosť', 14042);

insert into ODD_LEK (ODDELENIE_oddelenie_id, LEKARI_lekari_id) values (176, 1);
insert into ODD_LEK (ODDELENIE_oddelenie_id, LEKARI_lekari_id) values (11, 2);
insert into ODD_LEK (ODDELENIE_oddelenie_id, LEKARI_lekari_id) values (152, 3);
insert into ODD_LEK (ODDELENIE_oddelenie_id, LEKARI_lekari_id) values (34, 4);
insert into ODD_LEK (ODDELENIE_oddelenie_id, LEKARI_lekari_id) values (120, 5);
insert into ODD_LEK (ODDELENIE_oddelenie_id, LEKARI_lekari_id) values (35, 6);
insert into ODD_LEK (ODDELENIE_oddelenie_id, LEKARI_lekari_id) values (146, 7);
insert into ODD_LEK (ODDELENIE_oddelenie_id, LEKARI_lekari_id) values (141, 8);
insert into ODD_LEK (ODDELENIE_oddelenie_id, LEKARI_lekari_id) values (238, 9);
insert into ODD_LEK (ODDELENIE_oddelenie_id, LEKARI_lekari_id) values (103, 10);
insert into ODD_LEK (ODDELENIE_oddelenie_id, LEKARI_lekari_id) values (48, 11);
insert into ODD_LEK (ODDELENIE_oddelenie_id, LEKARI_lekari_id) values (47, 12);
insert into ODD_LEK (ODDELENIE_oddelenie_id, LEKARI_lekari_id) values (243, 13);
insert into ODD_LEK (ODDELENIE_oddelenie_id, LEKARI_lekari_id) values (20, 14);
insert into ODD_LEK (ODDELENIE_oddelenie_id, LEKARI_lekari_id) values (60, 15);
insert into ODD_LEK (ODDELENIE_oddelenie_id, LEKARI_lekari_id) values (92, 16);
insert into ODD_LEK (ODDELENIE_oddelenie_id, LEKARI_lekari_id) values (45, 17);
insert into ODD_LEK (ODDELENIE_oddelenie_id, LEKARI_lekari_id) values (227, 18);
insert into ODD_LEK (ODDELENIE_oddelenie_id, LEKARI_lekari_id) values (175, 19);
insert into ODD_LEK (ODDELENIE_oddelenie_id, LEKARI_lekari_id) values (172, 20);
insert into ODD_LEK (ODDELENIE_oddelenie_id, LEKARI_lekari_id) values (114, 21);
insert into ODD_LEK (ODDELENIE_oddelenie_id, LEKARI_lekari_id) values (246, 22);
insert into ODD_LEK (ODDELENIE_oddelenie_id, LEKARI_lekari_id) values (232, 23);
insert into ODD_LEK (ODDELENIE_oddelenie_id, LEKARI_lekari_id) values (100, 24);
insert into ODD_LEK (ODDELENIE_oddelenie_id, LEKARI_lekari_id) values (56, 25);
insert into ODD_LEK (ODDELENIE_oddelenie_id, LEKARI_lekari_id) values (83, 26);
insert into ODD_LEK (ODDELENIE_oddelenie_id, LEKARI_lekari_id) values (242, 27);
insert into ODD_LEK (ODDELENIE_oddelenie_id, LEKARI_lekari_id) values (34, 28);
insert into ODD_LEK (ODDELENIE_oddelenie_id, LEKARI_lekari_id) values (48, 29);
insert into ODD_LEK (ODDELENIE_oddelenie_id, LEKARI_lekari_id) values (4, 30);
insert into ODD_LEK (ODDELENIE_oddelenie_id, LEKARI_lekari_id) values (24, 31);
insert into ODD_LEK (ODDELENIE_oddelenie_id, LEKARI_lekari_id) values (11, 32);
insert into ODD_LEK (ODDELENIE_oddelenie_id, LEKARI_lekari_id) values (89, 33);
insert into ODD_LEK (ODDELENIE_oddelenie_id, LEKARI_lekari_id) values (155, 34);
insert into ODD_LEK (ODDELENIE_oddelenie_id, LEKARI_lekari_id) values (194, 35);
insert into ODD_LEK (ODDELENIE_oddelenie_id, LEKARI_lekari_id) values (117, 36);
insert into ODD_LEK (ODDELENIE_oddelenie_id, LEKARI_lekari_id) values (242, 37);
insert into ODD_LEK (ODDELENIE_oddelenie_id, LEKARI_lekari_id) values (233, 38);
insert into ODD_LEK (ODDELENIE_oddelenie_id, LEKARI_lekari_id) values (117, 39);
insert into ODD_LEK (ODDELENIE_oddelenie_id, LEKARI_lekari_id) values (197, 40);
insert into ODD_LEK (ODDELENIE_oddelenie_id, LEKARI_lekari_id) values (126, 41);
insert into ODD_LEK (ODDELENIE_oddelenie_id, LEKARI_lekari_id) values (123, 42);
insert into ODD_LEK (ODDELENIE_oddelenie_id, LEKARI_lekari_id) values (42, 43);
insert into ODD_LEK (ODDELENIE_oddelenie_id, LEKARI_lekari_id) values (212, 44);
insert into ODD_LEK (ODDELENIE_oddelenie_id, LEKARI_lekari_id) values (119, 45);
insert into ODD_LEK (ODDELENIE_oddelenie_id, LEKARI_lekari_id) values (32, 46);
insert into ODD_LEK (ODDELENIE_oddelenie_id, LEKARI_lekari_id) values (11, 47);
insert into ODD_LEK (ODDELENIE_oddelenie_id, LEKARI_lekari_id) values (46, 48);
insert into ODD_LEK (ODDELENIE_oddelenie_id, LEKARI_lekari_id) values (107, 49);
insert into ODD_LEK (ODDELENIE_oddelenie_id, LEKARI_lekari_id) values (57, 50);
insert into ODD_LEK (ODDELENIE_oddelenie_id, LEKARI_lekari_id) values (79, 51);
insert into ODD_LEK (ODDELENIE_oddelenie_id, LEKARI_lekari_id) values (174, 52);
insert into ODD_LEK (ODDELENIE_oddelenie_id, LEKARI_lekari_id) values (194, 53);
insert into ODD_LEK (ODDELENIE_oddelenie_id, LEKARI_lekari_id) values (225, 54);
insert into ODD_LEK (ODDELENIE_oddelenie_id, LEKARI_lekari_id) values (13, 55);
insert into ODD_LEK (ODDELENIE_oddelenie_id, LEKARI_lekari_id) values (145, 56);
insert into ODD_LEK (ODDELENIE_oddelenie_id, LEKARI_lekari_id) values (148, 57);
insert into ODD_LEK (ODDELENIE_oddelenie_id, LEKARI_lekari_id) values (21, 58);
insert into ODD_LEK (ODDELENIE_oddelenie_id, LEKARI_lekari_id) values (71, 59);
insert into ODD_LEK (ODDELENIE_oddelenie_id, LEKARI_lekari_id) values (28, 60);
insert into ODD_LEK (ODDELENIE_oddelenie_id, LEKARI_lekari_id) values (31, 61);
insert into ODD_LEK (ODDELENIE_oddelenie_id, LEKARI_lekari_id) values (213, 62);
insert into ODD_LEK (ODDELENIE_oddelenie_id, LEKARI_lekari_id) values (81, 63);
insert into ODD_LEK (ODDELENIE_oddelenie_id, LEKARI_lekari_id) values (240, 64);
insert into ODD_LEK (ODDELENIE_oddelenie_id, LEKARI_lekari_id) values (93, 65);
insert into ODD_LEK (ODDELENIE_oddelenie_id, LEKARI_lekari_id) values (74, 66);
insert into ODD_LEK (ODDELENIE_oddelenie_id, LEKARI_lekari_id) values (125, 67);
insert into ODD_LEK (ODDELENIE_oddelenie_id, LEKARI_lekari_id) values (6, 68);
insert into ODD_LEK (ODDELENIE_oddelenie_id, LEKARI_lekari_id) values (37, 69);
insert into ODD_LEK (ODDELENIE_oddelenie_id, LEKARI_lekari_id) values (10, 70);
insert into ODD_LEK (ODDELENIE_oddelenie_id, LEKARI_lekari_id) values (35, 71);
insert into ODD_LEK (ODDELENIE_oddelenie_id, LEKARI_lekari_id) values (94, 72);
insert into ODD_LEK (ODDELENIE_oddelenie_id, LEKARI_lekari_id) values (82, 73);
insert into ODD_LEK (ODDELENIE_oddelenie_id, LEKARI_lekari_id) values (176, 74);
insert into ODD_LEK (ODDELENIE_oddelenie_id, LEKARI_lekari_id) values (48, 75);
insert into ODD_LEK (ODDELENIE_oddelenie_id, LEKARI_lekari_id) values (243, 76);
insert into ODD_LEK (ODDELENIE_oddelenie_id, LEKARI_lekari_id) values (62, 77);
insert into ODD_LEK (ODDELENIE_oddelenie_id, LEKARI_lekari_id) values (130, 78);
insert into ODD_LEK (ODDELENIE_oddelenie_id, LEKARI_lekari_id) values (70, 79);
insert into ODD_LEK (ODDELENIE_oddelenie_id, LEKARI_lekari_id) values (180, 80);
insert into ODD_LEK (ODDELENIE_oddelenie_id, LEKARI_lekari_id) values (238, 81);
insert into ODD_LEK (ODDELENIE_oddelenie_id, LEKARI_lekari_id) values (32, 82);
insert into ODD_LEK (ODDELENIE_oddelenie_id, LEKARI_lekari_id) values (207, 83);
insert into ODD_LEK (ODDELENIE_oddelenie_id, LEKARI_lekari_id) values (23, 84);
insert into ODD_LEK (ODDELENIE_oddelenie_id, LEKARI_lekari_id) values (62, 85);
insert into ODD_LEK (ODDELENIE_oddelenie_id, LEKARI_lekari_id) values (171, 86);
insert into ODD_LEK (ODDELENIE_oddelenie_id, LEKARI_lekari_id) values (233, 87);
insert into ODD_LEK (ODDELENIE_oddelenie_id, LEKARI_lekari_id) values (165, 88);
insert into ODD_LEK (ODDELENIE_oddelenie_id, LEKARI_lekari_id) values (158, 89);
insert into ODD_LEK (ODDELENIE_oddelenie_id, LEKARI_lekari_id) values (27, 90);
insert into ODD_LEK (ODDELENIE_oddelenie_id, LEKARI_lekari_id) values (232, 91);
insert into ODD_LEK (ODDELENIE_oddelenie_id, LEKARI_lekari_id) values (73, 92);
insert into ODD_LEK (ODDELENIE_oddelenie_id, LEKARI_lekari_id) values (72, 93);
insert into ODD_LEK (ODDELENIE_oddelenie_id, LEKARI_lekari_id) values (36, 94);
insert into ODD_LEK (ODDELENIE_oddelenie_id, LEKARI_lekari_id) values (105, 95);
insert into ODD_LEK (ODDELENIE_oddelenie_id, LEKARI_lekari_id) values (52, 96);
insert into ODD_LEK (ODDELENIE_oddelenie_id, LEKARI_lekari_id) values (128, 97);
insert into ODD_LEK (ODDELENIE_oddelenie_id, LEKARI_lekari_id) values (141, 98);
insert into ODD_LEK (ODDELENIE_oddelenie_id, LEKARI_lekari_id) values (72, 99);
insert into ODD_LEK (ODDELENIE_oddelenie_id, LEKARI_lekari_id) values (35, 100);
insert into ODD_LEK (ODDELENIE_oddelenie_id, LEKARI_lekari_id) values (111, 101);
insert into ODD_LEK (ODDELENIE_oddelenie_id, LEKARI_lekari_id) values (191, 102);
insert into ODD_LEK (ODDELENIE_oddelenie_id, LEKARI_lekari_id) values (172, 103);
insert into ODD_LEK (ODDELENIE_oddelenie_id, LEKARI_lekari_id) values (83, 104);
insert into ODD_LEK (ODDELENIE_oddelenie_id, LEKARI_lekari_id) values (21, 105);
insert into ODD_LEK (ODDELENIE_oddelenie_id, LEKARI_lekari_id) values (203, 106);
insert into ODD_LEK (ODDELENIE_oddelenie_id, LEKARI_lekari_id) values (203, 107);
insert into ODD_LEK (ODDELENIE_oddelenie_id, LEKARI_lekari_id) values (225, 108);
insert into ODD_LEK (ODDELENIE_oddelenie_id, LEKARI_lekari_id) values (170, 109);
insert into ODD_LEK (ODDELENIE_oddelenie_id, LEKARI_lekari_id) values (189, 110);
insert into ODD_LEK (ODDELENIE_oddelenie_id, LEKARI_lekari_id) values (47, 111);
insert into ODD_LEK (ODDELENIE_oddelenie_id, LEKARI_lekari_id) values (208, 112);
insert into ODD_LEK (ODDELENIE_oddelenie_id, LEKARI_lekari_id) values (124, 113);
insert into ODD_LEK (ODDELENIE_oddelenie_id, LEKARI_lekari_id) values (167, 114);
insert into ODD_LEK (ODDELENIE_oddelenie_id, LEKARI_lekari_id) values (206, 115);
insert into ODD_LEK (ODDELENIE_oddelenie_id, LEKARI_lekari_id) values (246, 116);
insert into ODD_LEK (ODDELENIE_oddelenie_id, LEKARI_lekari_id) values (142, 117);
insert into ODD_LEK (ODDELENIE_oddelenie_id, LEKARI_lekari_id) values (248, 118);
insert into ODD_LEK (ODDELENIE_oddelenie_id, LEKARI_lekari_id) values (207, 119);
insert into ODD_LEK (ODDELENIE_oddelenie_id, LEKARI_lekari_id) values (183, 120);
insert into ODD_LEK (ODDELENIE_oddelenie_id, LEKARI_lekari_id) values (216, 121);
insert into ODD_LEK (ODDELENIE_oddelenie_id, LEKARI_lekari_id) values (233, 122);
insert into ODD_LEK (ODDELENIE_oddelenie_id, LEKARI_lekari_id) values (86, 123);
insert into ODD_LEK (ODDELENIE_oddelenie_id, LEKARI_lekari_id) values (159, 124);
insert into ODD_LEK (ODDELENIE_oddelenie_id, LEKARI_lekari_id) values (13, 125);
insert into ODD_LEK (ODDELENIE_oddelenie_id, LEKARI_lekari_id) values (44, 126);
insert into ODD_LEK (ODDELENIE_oddelenie_id, LEKARI_lekari_id) values (247, 127);
insert into ODD_LEK (ODDELENIE_oddelenie_id, LEKARI_lekari_id) values (199, 128);
insert into ODD_LEK (ODDELENIE_oddelenie_id, LEKARI_lekari_id) values (11, 129);
insert into ODD_LEK (ODDELENIE_oddelenie_id, LEKARI_lekari_id) values (25, 130);
insert into ODD_LEK (ODDELENIE_oddelenie_id, LEKARI_lekari_id) values (140, 131);
insert into ODD_LEK (ODDELENIE_oddelenie_id, LEKARI_lekari_id) values (166, 132);
insert into ODD_LEK (ODDELENIE_oddelenie_id, LEKARI_lekari_id) values (194, 133);
insert into ODD_LEK (ODDELENIE_oddelenie_id, LEKARI_lekari_id) values (168, 134);
insert into ODD_LEK (ODDELENIE_oddelenie_id, LEKARI_lekari_id) values (216, 135);
insert into ODD_LEK (ODDELENIE_oddelenie_id, LEKARI_lekari_id) values (235, 136);
insert into ODD_LEK (ODDELENIE_oddelenie_id, LEKARI_lekari_id) values (3, 137);
insert into ODD_LEK (ODDELENIE_oddelenie_id, LEKARI_lekari_id) values (183, 138);
insert into ODD_LEK (ODDELENIE_oddelenie_id, LEKARI_lekari_id) values (143, 139);
insert into ODD_LEK (ODDELENIE_oddelenie_id, LEKARI_lekari_id) values (200, 140);
insert into ODD_LEK (ODDELENIE_oddelenie_id, LEKARI_lekari_id) values (230, 141);
insert into ODD_LEK (ODDELENIE_oddelenie_id, LEKARI_lekari_id) values (1, 142);
insert into ODD_LEK (ODDELENIE_oddelenie_id, LEKARI_lekari_id) values (66, 143);
insert into ODD_LEK (ODDELENIE_oddelenie_id, LEKARI_lekari_id) values (196, 144);
insert into ODD_LEK (ODDELENIE_oddelenie_id, LEKARI_lekari_id) values (167, 145);
insert into ODD_LEK (ODDELENIE_oddelenie_id, LEKARI_lekari_id) values (89, 146);
insert into ODD_LEK (ODDELENIE_oddelenie_id, LEKARI_lekari_id) values (24, 147);
insert into ODD_LEK (ODDELENIE_oddelenie_id, LEKARI_lekari_id) values (230, 148);
insert into ODD_LEK (ODDELENIE_oddelenie_id, LEKARI_lekari_id) values (143, 149);
insert into ODD_LEK (ODDELENIE_oddelenie_id, LEKARI_lekari_id) values (85, 150);
insert into ODD_LEK (ODDELENIE_oddelenie_id, LEKARI_lekari_id) values (18, 151);
insert into ODD_LEK (ODDELENIE_oddelenie_id, LEKARI_lekari_id) values (134, 152);
insert into ODD_LEK (ODDELENIE_oddelenie_id, LEKARI_lekari_id) values (32, 153);
insert into ODD_LEK (ODDELENIE_oddelenie_id, LEKARI_lekari_id) values (246, 154);
insert into ODD_LEK (ODDELENIE_oddelenie_id, LEKARI_lekari_id) values (27, 155);
insert into ODD_LEK (ODDELENIE_oddelenie_id, LEKARI_lekari_id) values (58, 156);
insert into ODD_LEK (ODDELENIE_oddelenie_id, LEKARI_lekari_id) values (58, 157);
insert into ODD_LEK (ODDELENIE_oddelenie_id, LEKARI_lekari_id) values (110, 158);
insert into ODD_LEK (ODDELENIE_oddelenie_id, LEKARI_lekari_id) values (225, 159);
insert into ODD_LEK (ODDELENIE_oddelenie_id, LEKARI_lekari_id) values (116, 160);
insert into ODD_LEK (ODDELENIE_oddelenie_id, LEKARI_lekari_id) values (54, 161);
insert into ODD_LEK (ODDELENIE_oddelenie_id, LEKARI_lekari_id) values (62, 162);
insert into ODD_LEK (ODDELENIE_oddelenie_id, LEKARI_lekari_id) values (71, 163);
insert into ODD_LEK (ODDELENIE_oddelenie_id, LEKARI_lekari_id) values (71, 164);
insert into ODD_LEK (ODDELENIE_oddelenie_id, LEKARI_lekari_id) values (232, 165);
insert into ODD_LEK (ODDELENIE_oddelenie_id, LEKARI_lekari_id) values (221, 166);
insert into ODD_LEK (ODDELENIE_oddelenie_id, LEKARI_lekari_id) values (240, 167);
insert into ODD_LEK (ODDELENIE_oddelenie_id, LEKARI_lekari_id) values (21, 168);
insert into ODD_LEK (ODDELENIE_oddelenie_id, LEKARI_lekari_id) values (215, 169);
insert into ODD_LEK (ODDELENIE_oddelenie_id, LEKARI_lekari_id) values (105, 170);
insert into ODD_LEK (ODDELENIE_oddelenie_id, LEKARI_lekari_id) values (187, 171);
insert into ODD_LEK (ODDELENIE_oddelenie_id, LEKARI_lekari_id) values (33, 172);
insert into ODD_LEK (ODDELENIE_oddelenie_id, LEKARI_lekari_id) values (90, 173);
insert into ODD_LEK (ODDELENIE_oddelenie_id, LEKARI_lekari_id) values (58, 174);
insert into ODD_LEK (ODDELENIE_oddelenie_id, LEKARI_lekari_id) values (208, 175);
insert into ODD_LEK (ODDELENIE_oddelenie_id, LEKARI_lekari_id) values (51, 176);
insert into ODD_LEK (ODDELENIE_oddelenie_id, LEKARI_lekari_id) values (182, 177);
insert into ODD_LEK (ODDELENIE_oddelenie_id, LEKARI_lekari_id) values (225, 178);
insert into ODD_LEK (ODDELENIE_oddelenie_id, LEKARI_lekari_id) values (133, 179);
insert into ODD_LEK (ODDELENIE_oddelenie_id, LEKARI_lekari_id) values (69, 180);
insert into ODD_LEK (ODDELENIE_oddelenie_id, LEKARI_lekari_id) values (22, 181);
insert into ODD_LEK (ODDELENIE_oddelenie_id, LEKARI_lekari_id) values (171, 182);
insert into ODD_LEK (ODDELENIE_oddelenie_id, LEKARI_lekari_id) values (50, 183);
insert into ODD_LEK (ODDELENIE_oddelenie_id, LEKARI_lekari_id) values (237, 184);
insert into ODD_LEK (ODDELENIE_oddelenie_id, LEKARI_lekari_id) values (31, 185);
insert into ODD_LEK (ODDELENIE_oddelenie_id, LEKARI_lekari_id) values (179, 186);
insert into ODD_LEK (ODDELENIE_oddelenie_id, LEKARI_lekari_id) values (214, 187);
insert into ODD_LEK (ODDELENIE_oddelenie_id, LEKARI_lekari_id) values (12, 188);
insert into ODD_LEK (ODDELENIE_oddelenie_id, LEKARI_lekari_id) values (53, 189);
insert into ODD_LEK (ODDELENIE_oddelenie_id, LEKARI_lekari_id) values (103, 190);
insert into ODD_LEK (ODDELENIE_oddelenie_id, LEKARI_lekari_id) values (42, 191);
insert into ODD_LEK (ODDELENIE_oddelenie_id, LEKARI_lekari_id) values (220, 192);
insert into ODD_LEK (ODDELENIE_oddelenie_id, LEKARI_lekari_id) values (13, 193);
insert into ODD_LEK (ODDELENIE_oddelenie_id, LEKARI_lekari_id) values (16, 194);
insert into ODD_LEK (ODDELENIE_oddelenie_id, LEKARI_lekari_id) values (235, 195);
insert into ODD_LEK (ODDELENIE_oddelenie_id, LEKARI_lekari_id) values (183, 196);
insert into ODD_LEK (ODDELENIE_oddelenie_id, LEKARI_lekari_id) values (6, 197);
insert into ODD_LEK (ODDELENIE_oddelenie_id, LEKARI_lekari_id) values (247, 198);
insert into ODD_LEK (ODDELENIE_oddelenie_id, LEKARI_lekari_id) values (174, 199);
insert into ODD_LEK (ODDELENIE_oddelenie_id, LEKARI_lekari_id) values (231, 200);
insert into ODD_LEK (ODDELENIE_oddelenie_id, LEKARI_lekari_id) values (66, 201);
insert into ODD_LEK (ODDELENIE_oddelenie_id, LEKARI_lekari_id) values (132, 202);
insert into ODD_LEK (ODDELENIE_oddelenie_id, LEKARI_lekari_id) values (249, 203);
insert into ODD_LEK (ODDELENIE_oddelenie_id, LEKARI_lekari_id) values (74, 204);
insert into ODD_LEK (ODDELENIE_oddelenie_id, LEKARI_lekari_id) values (153, 205);
insert into ODD_LEK (ODDELENIE_oddelenie_id, LEKARI_lekari_id) values (249, 206);
insert into ODD_LEK (ODDELENIE_oddelenie_id, LEKARI_lekari_id) values (65, 207);
insert into ODD_LEK (ODDELENIE_oddelenie_id, LEKARI_lekari_id) values (229, 208);
insert into ODD_LEK (ODDELENIE_oddelenie_id, LEKARI_lekari_id) values (13, 209);
insert into ODD_LEK (ODDELENIE_oddelenie_id, LEKARI_lekari_id) values (222, 210);
insert into ODD_LEK (ODDELENIE_oddelenie_id, LEKARI_lekari_id) values (197, 211);
insert into ODD_LEK (ODDELENIE_oddelenie_id, LEKARI_lekari_id) values (191, 212);
insert into ODD_LEK (ODDELENIE_oddelenie_id, LEKARI_lekari_id) values (89, 213);
insert into ODD_LEK (ODDELENIE_oddelenie_id, LEKARI_lekari_id) values (100, 214);
insert into ODD_LEK (ODDELENIE_oddelenie_id, LEKARI_lekari_id) values (19, 215);
insert into ODD_LEK (ODDELENIE_oddelenie_id, LEKARI_lekari_id) values (98, 216);
insert into ODD_LEK (ODDELENIE_oddelenie_id, LEKARI_lekari_id) values (180, 217);
insert into ODD_LEK (ODDELENIE_oddelenie_id, LEKARI_lekari_id) values (108, 218);
insert into ODD_LEK (ODDELENIE_oddelenie_id, LEKARI_lekari_id) values (11, 219);
insert into ODD_LEK (ODDELENIE_oddelenie_id, LEKARI_lekari_id) values (158, 220);
insert into ODD_LEK (ODDELENIE_oddelenie_id, LEKARI_lekari_id) values (52, 221);
insert into ODD_LEK (ODDELENIE_oddelenie_id, LEKARI_lekari_id) values (54, 222);
insert into ODD_LEK (ODDELENIE_oddelenie_id, LEKARI_lekari_id) values (245, 223);
insert into ODD_LEK (ODDELENIE_oddelenie_id, LEKARI_lekari_id) values (170, 224);
insert into ODD_LEK (ODDELENIE_oddelenie_id, LEKARI_lekari_id) values (117, 225);
insert into ODD_LEK (ODDELENIE_oddelenie_id, LEKARI_lekari_id) values (195, 226);
insert into ODD_LEK (ODDELENIE_oddelenie_id, LEKARI_lekari_id) values (65, 227);
insert into ODD_LEK (ODDELENIE_oddelenie_id, LEKARI_lekari_id) values (31, 228);
insert into ODD_LEK (ODDELENIE_oddelenie_id, LEKARI_lekari_id) values (115, 229);
insert into ODD_LEK (ODDELENIE_oddelenie_id, LEKARI_lekari_id) values (225, 230);
insert into ODD_LEK (ODDELENIE_oddelenie_id, LEKARI_lekari_id) values (60, 231);
insert into ODD_LEK (ODDELENIE_oddelenie_id, LEKARI_lekari_id) values (203, 232);
insert into ODD_LEK (ODDELENIE_oddelenie_id, LEKARI_lekari_id) values (83, 233);
insert into ODD_LEK (ODDELENIE_oddelenie_id, LEKARI_lekari_id) values (7, 234);
insert into ODD_LEK (ODDELENIE_oddelenie_id, LEKARI_lekari_id) values (206, 235);
insert into ODD_LEK (ODDELENIE_oddelenie_id, LEKARI_lekari_id) values (54, 236);
insert into ODD_LEK (ODDELENIE_oddelenie_id, LEKARI_lekari_id) values (203, 237);
insert into ODD_LEK (ODDELENIE_oddelenie_id, LEKARI_lekari_id) values (46, 238);
insert into ODD_LEK (ODDELENIE_oddelenie_id, LEKARI_lekari_id) values (157, 239);
insert into ODD_LEK (ODDELENIE_oddelenie_id, LEKARI_lekari_id) values (247, 240);
insert into ODD_LEK (ODDELENIE_oddelenie_id, LEKARI_lekari_id) values (73, 241);
insert into ODD_LEK (ODDELENIE_oddelenie_id, LEKARI_lekari_id) values (141, 242);
insert into ODD_LEK (ODDELENIE_oddelenie_id, LEKARI_lekari_id) values (160, 243);
insert into ODD_LEK (ODDELENIE_oddelenie_id, LEKARI_lekari_id) values (84, 244);
insert into ODD_LEK (ODDELENIE_oddelenie_id, LEKARI_lekari_id) values (70, 245);
insert into ODD_LEK (ODDELENIE_oddelenie_id, LEKARI_lekari_id) values (24, 246);
insert into ODD_LEK (ODDELENIE_oddelenie_id, LEKARI_lekari_id) values (33, 247);
insert into ODD_LEK (ODDELENIE_oddelenie_id, LEKARI_lekari_id) values (120, 248);
insert into ODD_LEK (ODDELENIE_oddelenie_id, LEKARI_lekari_id) values (218, 249);
insert into ODD_LEK (ODDELENIE_oddelenie_id, LEKARI_lekari_id) values (22, 250);
insert into ODD_LEK (ODDELENIE_oddelenie_id, LEKARI_lekari_id) values (175, 251);
insert into ODD_LEK (ODDELENIE_oddelenie_id, LEKARI_lekari_id) values (109, 252);
insert into ODD_LEK (ODDELENIE_oddelenie_id, LEKARI_lekari_id) values (123, 253);
insert into ODD_LEK (ODDELENIE_oddelenie_id, LEKARI_lekari_id) values (143, 254);
insert into ODD_LEK (ODDELENIE_oddelenie_id, LEKARI_lekari_id) values (41, 255);
insert into ODD_LEK (ODDELENIE_oddelenie_id, LEKARI_lekari_id) values (114, 256);
insert into ODD_LEK (ODDELENIE_oddelenie_id, LEKARI_lekari_id) values (139, 257);
insert into ODD_LEK (ODDELENIE_oddelenie_id, LEKARI_lekari_id) values (238, 258);
insert into ODD_LEK (ODDELENIE_oddelenie_id, LEKARI_lekari_id) values (238, 259);
insert into ODD_LEK (ODDELENIE_oddelenie_id, LEKARI_lekari_id) values (99, 260);
insert into ODD_LEK (ODDELENIE_oddelenie_id, LEKARI_lekari_id) values (136, 261);
insert into ODD_LEK (ODDELENIE_oddelenie_id, LEKARI_lekari_id) values (138, 262);
insert into ODD_LEK (ODDELENIE_oddelenie_id, LEKARI_lekari_id) values (214, 263);
insert into ODD_LEK (ODDELENIE_oddelenie_id, LEKARI_lekari_id) values (184, 264);
insert into ODD_LEK (ODDELENIE_oddelenie_id, LEKARI_lekari_id) values (200, 265);
insert into ODD_LEK (ODDELENIE_oddelenie_id, LEKARI_lekari_id) values (74, 266);
insert into ODD_LEK (ODDELENIE_oddelenie_id, LEKARI_lekari_id) values (18, 267);
insert into ODD_LEK (ODDELENIE_oddelenie_id, LEKARI_lekari_id) values (53, 268);
insert into ODD_LEK (ODDELENIE_oddelenie_id, LEKARI_lekari_id) values (215, 269);
insert into ODD_LEK (ODDELENIE_oddelenie_id, LEKARI_lekari_id) values (159, 270);
insert into ODD_LEK (ODDELENIE_oddelenie_id, LEKARI_lekari_id) values (168, 271);
insert into ODD_LEK (ODDELENIE_oddelenie_id, LEKARI_lekari_id) values (128, 272);
insert into ODD_LEK (ODDELENIE_oddelenie_id, LEKARI_lekari_id) values (112, 273);
insert into ODD_LEK (ODDELENIE_oddelenie_id, LEKARI_lekari_id) values (103, 274);
insert into ODD_LEK (ODDELENIE_oddelenie_id, LEKARI_lekari_id) values (20, 275);
insert into ODD_LEK (ODDELENIE_oddelenie_id, LEKARI_lekari_id) values (84, 276);
insert into ODD_LEK (ODDELENIE_oddelenie_id, LEKARI_lekari_id) values (246, 277);
insert into ODD_LEK (ODDELENIE_oddelenie_id, LEKARI_lekari_id) values (50, 278);
insert into ODD_LEK (ODDELENIE_oddelenie_id, LEKARI_lekari_id) values (51, 279);
insert into ODD_LEK (ODDELENIE_oddelenie_id, LEKARI_lekari_id) values (216, 280);
insert into ODD_LEK (ODDELENIE_oddelenie_id, LEKARI_lekari_id) values (77, 281);
insert into ODD_LEK (ODDELENIE_oddelenie_id, LEKARI_lekari_id) values (184, 282);
insert into ODD_LEK (ODDELENIE_oddelenie_id, LEKARI_lekari_id) values (79, 283);
insert into ODD_LEK (ODDELENIE_oddelenie_id, LEKARI_lekari_id) values (86, 284);
insert into ODD_LEK (ODDELENIE_oddelenie_id, LEKARI_lekari_id) values (244, 285);
insert into ODD_LEK (ODDELENIE_oddelenie_id, LEKARI_lekari_id) values (154, 286);
insert into ODD_LEK (ODDELENIE_oddelenie_id, LEKARI_lekari_id) values (223, 287);
insert into ODD_LEK (ODDELENIE_oddelenie_id, LEKARI_lekari_id) values (127, 288);
insert into ODD_LEK (ODDELENIE_oddelenie_id, LEKARI_lekari_id) values (156, 289);
insert into ODD_LEK (ODDELENIE_oddelenie_id, LEKARI_lekari_id) values (129, 290);
insert into ODD_LEK (ODDELENIE_oddelenie_id, LEKARI_lekari_id) values (60, 291);
insert into ODD_LEK (ODDELENIE_oddelenie_id, LEKARI_lekari_id) values (82, 292);
insert into ODD_LEK (ODDELENIE_oddelenie_id, LEKARI_lekari_id) values (152, 293);
insert into ODD_LEK (ODDELENIE_oddelenie_id, LEKARI_lekari_id) values (160, 294);
insert into ODD_LEK (ODDELENIE_oddelenie_id, LEKARI_lekari_id) values (43, 295);
insert into ODD_LEK (ODDELENIE_oddelenie_id, LEKARI_lekari_id) values (168, 296);
insert into ODD_LEK (ODDELENIE_oddelenie_id, LEKARI_lekari_id) values (104, 297);
insert into ODD_LEK (ODDELENIE_oddelenie_id, LEKARI_lekari_id) values (103, 298);
insert into ODD_LEK (ODDELENIE_oddelenie_id, LEKARI_lekari_id) values (39, 299);
insert into ODD_LEK (ODDELENIE_oddelenie_id, LEKARI_lekari_id) values (40, 300);

insert into ASISTENTI (asistenti_id, asistenti_meno, asistenti_priezvisko, asistenti_uvazok, asistenti_plat, LEKARI_lekari_id) values (1, 'Archaimbaud', 'Brimmell', 'Živnosť', null, 186);
insert into ASISTENTI (asistenti_id, asistenti_meno, asistenti_priezvisko, asistenti_uvazok, asistenti_plat, LEKARI_lekari_id) values (2, 'Meghann', 'Mapham', 'Plný úväzok', 2983, 47);
insert into ASISTENTI (asistenti_id, asistenti_meno, asistenti_priezvisko, asistenti_uvazok, asistenti_plat, LEKARI_lekari_id) values (3, 'Roley', 'Yter', 'Dohodou', null, 169);
insert into ASISTENTI (asistenti_id, asistenti_meno, asistenti_priezvisko, asistenti_uvazok, asistenti_plat, LEKARI_lekari_id) values (4, 'Bertha', 'Mazey', 'Plný úväzok', 717, 120);
insert into ASISTENTI (asistenti_id, asistenti_meno, asistenti_priezvisko, asistenti_uvazok, asistenti_plat, LEKARI_lekari_id) values (5, 'Jacqui', 'Ellsbury', 'Plný úväzok', null, 33);
insert into ASISTENTI (asistenti_id, asistenti_meno, asistenti_priezvisko, asistenti_uvazok, asistenti_plat, LEKARI_lekari_id) values (6, 'Teodorico', 'Glanert', 'Plný úväzok', 2282, 154);
insert into ASISTENTI (asistenti_id, asistenti_meno, asistenti_priezvisko, asistenti_uvazok, asistenti_plat, LEKARI_lekari_id) values (7, 'Osbert', 'Jore', 'Plný úväzok', null, 296);
insert into ASISTENTI (asistenti_id, asistenti_meno, asistenti_priezvisko, asistenti_uvazok, asistenti_plat, LEKARI_lekari_id) values (8, 'Reginald', 'Senechault', 'Plný úväzok', 1964, 170);
insert into ASISTENTI (asistenti_id, asistenti_meno, asistenti_priezvisko, asistenti_uvazok, asistenti_plat, LEKARI_lekari_id) values (9, 'Carmella', 'Carnow', 'Živnosť', null, 174);
insert into ASISTENTI (asistenti_id, asistenti_meno, asistenti_priezvisko, asistenti_uvazok, asistenti_plat, LEKARI_lekari_id) values (10, 'Elisa', 'Pacht', 'Dohodou', null, 57);
insert into ASISTENTI (asistenti_id, asistenti_meno, asistenti_priezvisko, asistenti_uvazok, asistenti_plat, LEKARI_lekari_id) values (11, 'Suzette', 'McCurtain', 'Dohodou', null, 219);
insert into ASISTENTI (asistenti_id, asistenti_meno, asistenti_priezvisko, asistenti_uvazok, asistenti_plat, LEKARI_lekari_id) values (12, 'Nico', 'Aseef', 'Plný úväzok', null, 12);
insert into ASISTENTI (asistenti_id, asistenti_meno, asistenti_priezvisko, asistenti_uvazok, asistenti_plat, LEKARI_lekari_id) values (13, 'Andrea', 'Eyeington', 'Plný úväzok', 2242, 164);
insert into ASISTENTI (asistenti_id, asistenti_meno, asistenti_priezvisko, asistenti_uvazok, asistenti_plat, LEKARI_lekari_id) values (14, 'Celestine', 'Masic', 'Dohodou', 1105, 59);
insert into ASISTENTI (asistenti_id, asistenti_meno, asistenti_priezvisko, asistenti_uvazok, asistenti_plat, LEKARI_lekari_id) values (15, 'Othelia', 'Hamshaw', 'Dohodou', null, 296);
insert into ASISTENTI (asistenti_id, asistenti_meno, asistenti_priezvisko, asistenti_uvazok, asistenti_plat, LEKARI_lekari_id) values (16, 'Ailis', 'Ziemsen', 'Dohodou', 952, 70);
insert into ASISTENTI (asistenti_id, asistenti_meno, asistenti_priezvisko, asistenti_uvazok, asistenti_plat, LEKARI_lekari_id) values (17, 'Gualterio', 'Strafen', 'Plný úväzok', 4715, 79);
insert into ASISTENTI (asistenti_id, asistenti_meno, asistenti_priezvisko, asistenti_uvazok, asistenti_plat, LEKARI_lekari_id) values (18, 'Greggory', 'Pashba', 'Živnosť', null, 51);
insert into ASISTENTI (asistenti_id, asistenti_meno, asistenti_priezvisko, asistenti_uvazok, asistenti_plat, LEKARI_lekari_id) values (19, 'Herculie', 'Surcomb', 'Plný úväzok', null, 269);
insert into ASISTENTI (asistenti_id, asistenti_meno, asistenti_priezvisko, asistenti_uvazok, asistenti_plat, LEKARI_lekari_id) values (20, 'Viviana', 'Napoleone', 'Plný úväzok', null, 232);
insert into ASISTENTI (asistenti_id, asistenti_meno, asistenti_priezvisko, asistenti_uvazok, asistenti_plat, LEKARI_lekari_id) values (21, 'Sydel', 'Helder', 'Plný úväzok', 4537, 13);
insert into ASISTENTI (asistenti_id, asistenti_meno, asistenti_priezvisko, asistenti_uvazok, asistenti_plat, LEKARI_lekari_id) values (22, 'Miquela', 'enzley', 'Dohodou', 1179, 225);
insert into ASISTENTI (asistenti_id, asistenti_meno, asistenti_priezvisko, asistenti_uvazok, asistenti_plat, LEKARI_lekari_id) values (23, 'Lora', 'Klagges', 'Živnosť', null, 38);
insert into ASISTENTI (asistenti_id, asistenti_meno, asistenti_priezvisko, asistenti_uvazok, asistenti_plat, LEKARI_lekari_id) values (24, 'Glyn', 'Kitchingman', 'Plný úväzok', null, 162);
insert into ASISTENTI (asistenti_id, asistenti_meno, asistenti_priezvisko, asistenti_uvazok, asistenti_plat, LEKARI_lekari_id) values (25, 'Zollie', 'Stempe', 'Dohodou', null, 141);
insert into ASISTENTI (asistenti_id, asistenti_meno, asistenti_priezvisko, asistenti_uvazok, asistenti_plat, LEKARI_lekari_id) values (26, 'Dunstan', 'Mankor', 'Živnosť', 2327, 270);
insert into ASISTENTI (asistenti_id, asistenti_meno, asistenti_priezvisko, asistenti_uvazok, asistenti_plat, LEKARI_lekari_id) values (27, 'Conrad', 'Hillitt', 'Dohodou', null, 239);
insert into ASISTENTI (asistenti_id, asistenti_meno, asistenti_priezvisko, asistenti_uvazok, asistenti_plat, LEKARI_lekari_id) values (28, 'Rikki', 'Kamenar', 'Dohodou', 665, 57);
insert into ASISTENTI (asistenti_id, asistenti_meno, asistenti_priezvisko, asistenti_uvazok, asistenti_plat, LEKARI_lekari_id) values (29, 'Elsinore', 'Brass', 'Plný úväzok', null, 257);
insert into ASISTENTI (asistenti_id, asistenti_meno, asistenti_priezvisko, asistenti_uvazok, asistenti_plat, LEKARI_lekari_id) values (30, 'Peggy', 'Zavattiero', 'Plný úväzok', 2580, 103);
insert into ASISTENTI (asistenti_id, asistenti_meno, asistenti_priezvisko, asistenti_uvazok, asistenti_plat, LEKARI_lekari_id) values (31, 'Flossi', 'Mingey', 'Dohodou', 1060, 103);
insert into ASISTENTI (asistenti_id, asistenti_meno, asistenti_priezvisko, asistenti_uvazok, asistenti_plat, LEKARI_lekari_id) values (32, 'Joelynn', 'Tousey', 'Plný úväzok', null, 127);
insert into ASISTENTI (asistenti_id, asistenti_meno, asistenti_priezvisko, asistenti_uvazok, asistenti_plat, LEKARI_lekari_id) values (33, 'Christiane', 'Coffin', 'Plný úväzok', 1939, 276);
insert into ASISTENTI (asistenti_id, asistenti_meno, asistenti_priezvisko, asistenti_uvazok, asistenti_plat, LEKARI_lekari_id) values (34, 'Yoshiko', 'McCuis', 'Živnosť', 4619, 261);
insert into ASISTENTI (asistenti_id, asistenti_meno, asistenti_priezvisko, asistenti_uvazok, asistenti_plat, LEKARI_lekari_id) values (35, 'Niven', 'Roby', 'Dohodou', null, 298);
insert into ASISTENTI (asistenti_id, asistenti_meno, asistenti_priezvisko, asistenti_uvazok, asistenti_plat, LEKARI_lekari_id) values (36, 'Katy', 'Jeratt', 'Živnosť', null, 40);
insert into ASISTENTI (asistenti_id, asistenti_meno, asistenti_priezvisko, asistenti_uvazok, asistenti_plat, LEKARI_lekari_id) values (37, 'Judd', 'Thuillier', 'Plný úväzok', 1613, 153);
insert into ASISTENTI (asistenti_id, asistenti_meno, asistenti_priezvisko, asistenti_uvazok, asistenti_plat, LEKARI_lekari_id) values (38, 'Nerty', 'Hurry', 'Plný úväzok', null, 31);
insert into ASISTENTI (asistenti_id, asistenti_meno, asistenti_priezvisko, asistenti_uvazok, asistenti_plat, LEKARI_lekari_id) values (39, 'Darb', 'MacIver', 'Živnosť', null, 97);
insert into ASISTENTI (asistenti_id, asistenti_meno, asistenti_priezvisko, asistenti_uvazok, asistenti_plat, LEKARI_lekari_id) values (40, 'Phillipe', 'Adam', 'Dohodou', null, 137);
insert into ASISTENTI (asistenti_id, asistenti_meno, asistenti_priezvisko, asistenti_uvazok, asistenti_plat, LEKARI_lekari_id) values (41, 'Valida', 'Mangenet', 'Dohodou', null, 120);
insert into ASISTENTI (asistenti_id, asistenti_meno, asistenti_priezvisko, asistenti_uvazok, asistenti_plat, LEKARI_lekari_id) values (42, 'Nollie', 'Churchyard', 'Živnosť', 2987, 283);
insert into ASISTENTI (asistenti_id, asistenti_meno, asistenti_priezvisko, asistenti_uvazok, asistenti_plat, LEKARI_lekari_id) values (43, 'Abbie', 'O''Rourke', 'Dohodou', 3531, 160);
insert into ASISTENTI (asistenti_id, asistenti_meno, asistenti_priezvisko, asistenti_uvazok, asistenti_plat, LEKARI_lekari_id) values (44, 'Ginnifer', 'Hurton', 'Dohodou', null, 92);
insert into ASISTENTI (asistenti_id, asistenti_meno, asistenti_priezvisko, asistenti_uvazok, asistenti_plat, LEKARI_lekari_id) values (45, 'Shalom', 'Orrin', 'Plný úväzok', null, 30);
insert into ASISTENTI (asistenti_id, asistenti_meno, asistenti_priezvisko, asistenti_uvazok, asistenti_plat, LEKARI_lekari_id) values (46, 'Chandra', 'Cawcutt', 'Plný úväzok', null, 264);
insert into ASISTENTI (asistenti_id, asistenti_meno, asistenti_priezvisko, asistenti_uvazok, asistenti_plat, LEKARI_lekari_id) values (47, 'Jolee', 'Capozzi', 'Plný úväzok', 1422, 241);
insert into ASISTENTI (asistenti_id, asistenti_meno, asistenti_priezvisko, asistenti_uvazok, asistenti_plat, LEKARI_lekari_id) values (48, 'Kalil', 'Downton', 'Plný úväzok', null, 117);
insert into ASISTENTI (asistenti_id, asistenti_meno, asistenti_priezvisko, asistenti_uvazok, asistenti_plat, LEKARI_lekari_id) values (49, 'Amandy', 'Trazzi', 'Dohodou', 3830, 275);
insert into ASISTENTI (asistenti_id, asistenti_meno, asistenti_priezvisko, asistenti_uvazok, asistenti_plat, LEKARI_lekari_id) values (50, 'Porty', 'Elgar', 'Dohodou', null, 273);
insert into ASISTENTI (asistenti_id, asistenti_meno, asistenti_priezvisko, asistenti_uvazok, asistenti_plat, LEKARI_lekari_id) values (51, 'Costanza', 'Greeno', 'Živnosť', 1764, 286);
insert into ASISTENTI (asistenti_id, asistenti_meno, asistenti_priezvisko, asistenti_uvazok, asistenti_plat, LEKARI_lekari_id) values (52, 'Darci', 'Bredee', 'Dohodou', null, 181);
insert into ASISTENTI (asistenti_id, asistenti_meno, asistenti_priezvisko, asistenti_uvazok, asistenti_plat, LEKARI_lekari_id) values (53, 'Reuven', 'Tolefree', 'Živnosť', null, 157);
insert into ASISTENTI (asistenti_id, asistenti_meno, asistenti_priezvisko, asistenti_uvazok, asistenti_plat, LEKARI_lekari_id) values (54, 'Janet', 'Alentyev', 'Plný úväzok', null, 43);
insert into ASISTENTI (asistenti_id, asistenti_meno, asistenti_priezvisko, asistenti_uvazok, asistenti_plat, LEKARI_lekari_id) values (55, 'Leela', 'Blenkhorn', 'Živnosť', 1290, 19);
insert into ASISTENTI (asistenti_id, asistenti_meno, asistenti_priezvisko, asistenti_uvazok, asistenti_plat, LEKARI_lekari_id) values (56, 'Alano', 'Clyburn', 'Dohodou', null, 114);
insert into ASISTENTI (asistenti_id, asistenti_meno, asistenti_priezvisko, asistenti_uvazok, asistenti_plat, LEKARI_lekari_id) values (57, 'Bondon', 'Jachimiak', 'Dohodou', null, 214);
insert into ASISTENTI (asistenti_id, asistenti_meno, asistenti_priezvisko, asistenti_uvazok, asistenti_plat, LEKARI_lekari_id) values (58, 'Stavros', 'Sawfoot', 'Živnosť', null, 6);
insert into ASISTENTI (asistenti_id, asistenti_meno, asistenti_priezvisko, asistenti_uvazok, asistenti_plat, LEKARI_lekari_id) values (59, 'Marysa', 'Blenkinsop', 'Plný úväzok', null, 258);
insert into ASISTENTI (asistenti_id, asistenti_meno, asistenti_priezvisko, asistenti_uvazok, asistenti_plat, LEKARI_lekari_id) values (60, 'Daile', 'Signore', 'Živnosť', 1372, 8);
insert into ASISTENTI (asistenti_id, asistenti_meno, asistenti_priezvisko, asistenti_uvazok, asistenti_plat, LEKARI_lekari_id) values (61, 'Carmita', 'Masedon', 'Dohodou', null, 242);
insert into ASISTENTI (asistenti_id, asistenti_meno, asistenti_priezvisko, asistenti_uvazok, asistenti_plat, LEKARI_lekari_id) values (62, 'Sammie', 'Doggart', 'Živnosť', 2646, 66);
insert into ASISTENTI (asistenti_id, asistenti_meno, asistenti_priezvisko, asistenti_uvazok, asistenti_plat, LEKARI_lekari_id) values (63, 'Loleta', 'Dyshart', 'Dohodou', 1126, 265);
insert into ASISTENTI (asistenti_id, asistenti_meno, asistenti_priezvisko, asistenti_uvazok, asistenti_plat, LEKARI_lekari_id) values (64, 'Didi', 'Benettini', 'Plný úväzok', 2972, 215);
insert into ASISTENTI (asistenti_id, asistenti_meno, asistenti_priezvisko, asistenti_uvazok, asistenti_plat, LEKARI_lekari_id) values (65, 'August', 'Ortner', 'Plný úväzok', null, 200);
insert into ASISTENTI (asistenti_id, asistenti_meno, asistenti_priezvisko, asistenti_uvazok, asistenti_plat, LEKARI_lekari_id) values (66, 'Marya', 'Cormack', 'Živnosť', null, 82);
insert into ASISTENTI (asistenti_id, asistenti_meno, asistenti_priezvisko, asistenti_uvazok, asistenti_plat, LEKARI_lekari_id) values (67, 'Carolan', 'McNair', 'Živnosť', null, 180);
insert into ASISTENTI (asistenti_id, asistenti_meno, asistenti_priezvisko, asistenti_uvazok, asistenti_plat, LEKARI_lekari_id) values (68, 'Demetri', 'Zielinski', 'Dohodou', 4760, 154);
insert into ASISTENTI (asistenti_id, asistenti_meno, asistenti_priezvisko, asistenti_uvazok, asistenti_plat, LEKARI_lekari_id) values (69, 'Rich', 'Petrou', 'Plný úväzok', 2613, 84);
insert into ASISTENTI (asistenti_id, asistenti_meno, asistenti_priezvisko, asistenti_uvazok, asistenti_plat, LEKARI_lekari_id) values (70, 'Nealson', 'Hickeringill', 'Živnosť', 1078, 206);
insert into ASISTENTI (asistenti_id, asistenti_meno, asistenti_priezvisko, asistenti_uvazok, asistenti_plat, LEKARI_lekari_id) values (71, 'Dugald', 'Dearle-Palser', 'Živnosť', 4280, 298);
insert into ASISTENTI (asistenti_id, asistenti_meno, asistenti_priezvisko, asistenti_uvazok, asistenti_plat, LEKARI_lekari_id) values (72, 'Jarrad', 'Tarling', 'Dohodou', null, 207);
insert into ASISTENTI (asistenti_id, asistenti_meno, asistenti_priezvisko, asistenti_uvazok, asistenti_plat, LEKARI_lekari_id) values (73, 'Sheri', 'Burbank', 'Živnosť', null, 107);
insert into ASISTENTI (asistenti_id, asistenti_meno, asistenti_priezvisko, asistenti_uvazok, asistenti_plat, LEKARI_lekari_id) values (74, 'Meta', 'Alesbrook', 'Dohodou', 1771, 129);
insert into ASISTENTI (asistenti_id, asistenti_meno, asistenti_priezvisko, asistenti_uvazok, asistenti_plat, LEKARI_lekari_id) values (75, 'Lisa', 'Goodday', 'Dohodou', 4953, 210);
insert into ASISTENTI (asistenti_id, asistenti_meno, asistenti_priezvisko, asistenti_uvazok, asistenti_plat, LEKARI_lekari_id) values (76, 'Mallory', 'Joutapaitis', 'Živnosť', 612, 58);
insert into ASISTENTI (asistenti_id, asistenti_meno, asistenti_priezvisko, asistenti_uvazok, asistenti_plat, LEKARI_lekari_id) values (77, 'Alphard', 'Jaksic', 'Živnosť', 837, 210);
insert into ASISTENTI (asistenti_id, asistenti_meno, asistenti_priezvisko, asistenti_uvazok, asistenti_plat, LEKARI_lekari_id) values (78, 'Felicdad', 'Braunds', 'Dohodou', 657, 62);
insert into ASISTENTI (asistenti_id, asistenti_meno, asistenti_priezvisko, asistenti_uvazok, asistenti_plat, LEKARI_lekari_id) values (79, 'Claudian', 'Rodgman', 'Dohodou', null, 115);
insert into ASISTENTI (asistenti_id, asistenti_meno, asistenti_priezvisko, asistenti_uvazok, asistenti_plat, LEKARI_lekari_id) values (80, 'Liliane', 'Incogna', 'Živnosť', null, 26);
insert into ASISTENTI (asistenti_id, asistenti_meno, asistenti_priezvisko, asistenti_uvazok, asistenti_plat, LEKARI_lekari_id) values (81, 'Mirelle', 'Eastes', 'Živnosť', null, 14);
insert into ASISTENTI (asistenti_id, asistenti_meno, asistenti_priezvisko, asistenti_uvazok, asistenti_plat, LEKARI_lekari_id) values (82, 'Sophie', 'Defraine', 'Dohodou', null, 166);
insert into ASISTENTI (asistenti_id, asistenti_meno, asistenti_priezvisko, asistenti_uvazok, asistenti_plat, LEKARI_lekari_id) values (83, 'Merna', 'St. Aubyn', 'Živnosť', null, 1);
insert into ASISTENTI (asistenti_id, asistenti_meno, asistenti_priezvisko, asistenti_uvazok, asistenti_plat, LEKARI_lekari_id) values (84, 'Hart', 'Seymer', 'Dohodou', 1375, 155);
insert into ASISTENTI (asistenti_id, asistenti_meno, asistenti_priezvisko, asistenti_uvazok, asistenti_plat, LEKARI_lekari_id) values (85, 'Keven', 'Janse', 'Živnosť', 895, 64);
insert into ASISTENTI (asistenti_id, asistenti_meno, asistenti_priezvisko, asistenti_uvazok, asistenti_plat, LEKARI_lekari_id) values (86, 'Cloe', 'Challenger', 'Plný úväzok', null, 166);
insert into ASISTENTI (asistenti_id, asistenti_meno, asistenti_priezvisko, asistenti_uvazok, asistenti_plat, LEKARI_lekari_id) values (87, 'Guenna', 'Tsar', 'Dohodou', null, 167);
insert into ASISTENTI (asistenti_id, asistenti_meno, asistenti_priezvisko, asistenti_uvazok, asistenti_plat, LEKARI_lekari_id) values (88, 'Drona', 'Prate', 'Dohodou', 3957, 30);
insert into ASISTENTI (asistenti_id, asistenti_meno, asistenti_priezvisko, asistenti_uvazok, asistenti_plat, LEKARI_lekari_id) values (89, 'Dante', 'Vernazza', 'Dohodou', null, 146);
insert into ASISTENTI (asistenti_id, asistenti_meno, asistenti_priezvisko, asistenti_uvazok, asistenti_plat, LEKARI_lekari_id) values (90, 'Robena', 'Lees', 'Plný úväzok', null, 19);
insert into ASISTENTI (asistenti_id, asistenti_meno, asistenti_priezvisko, asistenti_uvazok, asistenti_plat, LEKARI_lekari_id) values (91, 'Jake', 'Gladman', 'Plný úväzok', null, 147);
insert into ASISTENTI (asistenti_id, asistenti_meno, asistenti_priezvisko, asistenti_uvazok, asistenti_plat, LEKARI_lekari_id) values (92, 'Norbert', 'Raeburn', 'Živnosť', null, 194);
insert into ASISTENTI (asistenti_id, asistenti_meno, asistenti_priezvisko, asistenti_uvazok, asistenti_plat, LEKARI_lekari_id) values (93, 'Astrid', 'Doddemeede', 'Živnosť', 3957, 10);
insert into ASISTENTI (asistenti_id, asistenti_meno, asistenti_priezvisko, asistenti_uvazok, asistenti_plat, LEKARI_lekari_id) values (94, 'Amalie', 'Maxwaile', 'Plný úväzok', null, 253);
insert into ASISTENTI (asistenti_id, asistenti_meno, asistenti_priezvisko, asistenti_uvazok, asistenti_plat, LEKARI_lekari_id) values (95, 'Calv', 'Sinisbury', 'Živnosť', null, 202);
insert into ASISTENTI (asistenti_id, asistenti_meno, asistenti_priezvisko, asistenti_uvazok, asistenti_plat, LEKARI_lekari_id) values (96, 'Cull', 'Guerreru', 'Dohodou', 4920, 135);
insert into ASISTENTI (asistenti_id, asistenti_meno, asistenti_priezvisko, asistenti_uvazok, asistenti_plat, LEKARI_lekari_id) values (97, 'Pam', 'Garrud', 'Živnosť', null, 101);
insert into ASISTENTI (asistenti_id, asistenti_meno, asistenti_priezvisko, asistenti_uvazok, asistenti_plat, LEKARI_lekari_id) values (98, 'Berty', 'Speirs', 'Živnosť', null, 144);
insert into ASISTENTI (asistenti_id, asistenti_meno, asistenti_priezvisko, asistenti_uvazok, asistenti_plat, LEKARI_lekari_id) values (99, 'Meier', 'Shawel', 'Dohodou', null, 246);
insert into ASISTENTI (asistenti_id, asistenti_meno, asistenti_priezvisko, asistenti_uvazok, asistenti_plat, LEKARI_lekari_id) values (100, 'Pippa', 'Fryd', 'Živnosť', 4007, 205);
insert into ASISTENTI (asistenti_id, asistenti_meno, asistenti_priezvisko, asistenti_uvazok, asistenti_plat, LEKARI_lekari_id) values (101, 'Rosalynd', 'Vokins', 'Živnosť', 2597, 189);
insert into ASISTENTI (asistenti_id, asistenti_meno, asistenti_priezvisko, asistenti_uvazok, asistenti_plat, LEKARI_lekari_id) values (102, 'Robbie', 'Davioud', 'Plný úväzok', null, 168);
insert into ASISTENTI (asistenti_id, asistenti_meno, asistenti_priezvisko, asistenti_uvazok, asistenti_plat, LEKARI_lekari_id) values (103, 'Catrina', 'Sterrie', 'Živnosť', 2475, 144);
insert into ASISTENTI (asistenti_id, asistenti_meno, asistenti_priezvisko, asistenti_uvazok, asistenti_plat, LEKARI_lekari_id) values (104, 'Jackquelin', 'Narramore', 'Živnosť', 4008, 274);
insert into ASISTENTI (asistenti_id, asistenti_meno, asistenti_priezvisko, asistenti_uvazok, asistenti_plat, LEKARI_lekari_id) values (105, 'Malorie', 'Melbert', 'Dohodou', null, 57);
insert into ASISTENTI (asistenti_id, asistenti_meno, asistenti_priezvisko, asistenti_uvazok, asistenti_plat, LEKARI_lekari_id) values (106, 'Pete', 'Pennigar', 'Živnosť', 4927, 296);
insert into ASISTENTI (asistenti_id, asistenti_meno, asistenti_priezvisko, asistenti_uvazok, asistenti_plat, LEKARI_lekari_id) values (107, 'Sibeal', 'Jedrzej', 'Dohodou', null, 136);
insert into ASISTENTI (asistenti_id, asistenti_meno, asistenti_priezvisko, asistenti_uvazok, asistenti_plat, LEKARI_lekari_id) values (108, 'Roderich', 'Denness', 'Plný úväzok', null, 180);
insert into ASISTENTI (asistenti_id, asistenti_meno, asistenti_priezvisko, asistenti_uvazok, asistenti_plat, LEKARI_lekari_id) values (109, 'Engracia', 'Longden', 'Dohodou', 2467, 136);
insert into ASISTENTI (asistenti_id, asistenti_meno, asistenti_priezvisko, asistenti_uvazok, asistenti_plat, LEKARI_lekari_id) values (110, 'Alessandra', 'Standon', 'Živnosť', null, 77);
insert into ASISTENTI (asistenti_id, asistenti_meno, asistenti_priezvisko, asistenti_uvazok, asistenti_plat, LEKARI_lekari_id) values (111, 'Cornelia', 'Gwynn', 'Dohodou', 3813, 117);
insert into ASISTENTI (asistenti_id, asistenti_meno, asistenti_priezvisko, asistenti_uvazok, asistenti_plat, LEKARI_lekari_id) values (112, 'Susie', 'Towhey', 'Dohodou', 1890, 193);
insert into ASISTENTI (asistenti_id, asistenti_meno, asistenti_priezvisko, asistenti_uvazok, asistenti_plat, LEKARI_lekari_id) values (113, 'Arlie', 'Theurer', 'Dohodou', 3830, 244);
insert into ASISTENTI (asistenti_id, asistenti_meno, asistenti_priezvisko, asistenti_uvazok, asistenti_plat, LEKARI_lekari_id) values (114, 'Deidre', 'Sandels', 'Plný úväzok', null, 196);
insert into ASISTENTI (asistenti_id, asistenti_meno, asistenti_priezvisko, asistenti_uvazok, asistenti_plat, LEKARI_lekari_id) values (115, 'Aluino', 'Hamill', 'Plný úväzok', null, 291);
insert into ASISTENTI (asistenti_id, asistenti_meno, asistenti_priezvisko, asistenti_uvazok, asistenti_plat, LEKARI_lekari_id) values (116, 'Aurthur', 'Sharma', 'Živnosť', null, 167);
insert into ASISTENTI (asistenti_id, asistenti_meno, asistenti_priezvisko, asistenti_uvazok, asistenti_plat, LEKARI_lekari_id) values (117, 'Erroll', 'Tuxill', 'Dohodou', null, 14);
insert into ASISTENTI (asistenti_id, asistenti_meno, asistenti_priezvisko, asistenti_uvazok, asistenti_plat, LEKARI_lekari_id) values (118, 'Noelyn', 'Pyner', 'Plný úväzok', null, 62);
insert into ASISTENTI (asistenti_id, asistenti_meno, asistenti_priezvisko, asistenti_uvazok, asistenti_plat, LEKARI_lekari_id) values (119, 'Romeo', 'De Carteret', 'Plný úväzok', 1063, 93);
insert into ASISTENTI (asistenti_id, asistenti_meno, asistenti_priezvisko, asistenti_uvazok, asistenti_plat, LEKARI_lekari_id) values (120, 'Lesley', 'Lawrenceson', 'Dohodou', null, 254);
insert into ASISTENTI (asistenti_id, asistenti_meno, asistenti_priezvisko, asistenti_uvazok, asistenti_plat, LEKARI_lekari_id) values (121, 'Hubey', 'D''Antonio', 'Plný úväzok', null, 186);
insert into ASISTENTI (asistenti_id, asistenti_meno, asistenti_priezvisko, asistenti_uvazok, asistenti_plat, LEKARI_lekari_id) values (122, 'Jackie', 'Brummitt', 'Živnosť', null, 224);
insert into ASISTENTI (asistenti_id, asistenti_meno, asistenti_priezvisko, asistenti_uvazok, asistenti_plat, LEKARI_lekari_id) values (123, 'Sarita', 'Rothschild', 'Dohodou', null, 220);
insert into ASISTENTI (asistenti_id, asistenti_meno, asistenti_priezvisko, asistenti_uvazok, asistenti_plat, LEKARI_lekari_id) values (124, 'Talbert', 'Kemsley', 'Plný úväzok', 2614, 271);
insert into ASISTENTI (asistenti_id, asistenti_meno, asistenti_priezvisko, asistenti_uvazok, asistenti_plat, LEKARI_lekari_id) values (125, 'Tory', 'Bamber', 'Živnosť', 1801, 284);
insert into ASISTENTI (asistenti_id, asistenti_meno, asistenti_priezvisko, asistenti_uvazok, asistenti_plat, LEKARI_lekari_id) values (126, 'Evelyn', 'Sier', 'Živnosť', null, 157);
insert into ASISTENTI (asistenti_id, asistenti_meno, asistenti_priezvisko, asistenti_uvazok, asistenti_plat, LEKARI_lekari_id) values (127, 'Nappie', 'Petch', 'Dohodou', 2992, 6);
insert into ASISTENTI (asistenti_id, asistenti_meno, asistenti_priezvisko, asistenti_uvazok, asistenti_plat, LEKARI_lekari_id) values (128, 'Woodie', 'Chaffer', 'Živnosť', null, 35);
insert into ASISTENTI (asistenti_id, asistenti_meno, asistenti_priezvisko, asistenti_uvazok, asistenti_plat, LEKARI_lekari_id) values (129, 'Sheela', 'Headon', 'Živnosť', 4238, 245);
insert into ASISTENTI (asistenti_id, asistenti_meno, asistenti_priezvisko, asistenti_uvazok, asistenti_plat, LEKARI_lekari_id) values (130, 'Kevin', 'Brittle', 'Plný úväzok', 3041, 42);
insert into ASISTENTI (asistenti_id, asistenti_meno, asistenti_priezvisko, asistenti_uvazok, asistenti_plat, LEKARI_lekari_id) values (131, 'Aurelea', 'Took', 'Živnosť', 4026, 219);
insert into ASISTENTI (asistenti_id, asistenti_meno, asistenti_priezvisko, asistenti_uvazok, asistenti_plat, LEKARI_lekari_id) values (132, 'Karen', 'Whitechurch', 'Dohodou', null, 204);
insert into ASISTENTI (asistenti_id, asistenti_meno, asistenti_priezvisko, asistenti_uvazok, asistenti_plat, LEKARI_lekari_id) values (133, 'Remy', 'Yarnley', 'Plný úväzok', null, 232);
insert into ASISTENTI (asistenti_id, asistenti_meno, asistenti_priezvisko, asistenti_uvazok, asistenti_plat, LEKARI_lekari_id) values (134, 'Buckie', 'Penritt', 'Živnosť', null, 48);
insert into ASISTENTI (asistenti_id, asistenti_meno, asistenti_priezvisko, asistenti_uvazok, asistenti_plat, LEKARI_lekari_id) values (135, 'Loree', 'Kobieriecki', 'Plný úväzok', null, 263);
insert into ASISTENTI (asistenti_id, asistenti_meno, asistenti_priezvisko, asistenti_uvazok, asistenti_plat, LEKARI_lekari_id) values (136, 'Robers', 'Christofe', 'Živnosť', null, 121);
insert into ASISTENTI (asistenti_id, asistenti_meno, asistenti_priezvisko, asistenti_uvazok, asistenti_plat, LEKARI_lekari_id) values (137, 'Yolanda', 'Nary', 'Živnosť', 3548, 13);
insert into ASISTENTI (asistenti_id, asistenti_meno, asistenti_priezvisko, asistenti_uvazok, asistenti_plat, LEKARI_lekari_id) values (138, 'Kristofor', 'Lorimer', 'Dohodou', null, 277);
insert into ASISTENTI (asistenti_id, asistenti_meno, asistenti_priezvisko, asistenti_uvazok, asistenti_plat, LEKARI_lekari_id) values (139, 'Adey', 'Yarker', 'Dohodou', null, 237);
insert into ASISTENTI (asistenti_id, asistenti_meno, asistenti_priezvisko, asistenti_uvazok, asistenti_plat, LEKARI_lekari_id) values (140, 'Wilma', 'Pleasaunce', 'Plný úväzok', null, 148);
insert into ASISTENTI (asistenti_id, asistenti_meno, asistenti_priezvisko, asistenti_uvazok, asistenti_plat, LEKARI_lekari_id) values (141, 'Alene', 'Honacker', 'Plný úväzok', null, 274);
insert into ASISTENTI (asistenti_id, asistenti_meno, asistenti_priezvisko, asistenti_uvazok, asistenti_plat, LEKARI_lekari_id) values (142, 'Sarge', 'Crampsy', 'Plný úväzok', null, 20);
insert into ASISTENTI (asistenti_id, asistenti_meno, asistenti_priezvisko, asistenti_uvazok, asistenti_plat, LEKARI_lekari_id) values (143, 'Nancee', 'Nutbeem', 'Dohodou', 2644, 47);
insert into ASISTENTI (asistenti_id, asistenti_meno, asistenti_priezvisko, asistenti_uvazok, asistenti_plat, LEKARI_lekari_id) values (144, 'Dev', 'Hegge', 'Plný úväzok', null, 70);
insert into ASISTENTI (asistenti_id, asistenti_meno, asistenti_priezvisko, asistenti_uvazok, asistenti_plat, LEKARI_lekari_id) values (145, 'Gamaliel', 'Stichel', 'Plný úväzok', 3555, 49);
insert into ASISTENTI (asistenti_id, asistenti_meno, asistenti_priezvisko, asistenti_uvazok, asistenti_plat, LEKARI_lekari_id) values (146, 'Dillon', 'Wollacott', 'Živnosť', 3967, 184);
insert into ASISTENTI (asistenti_id, asistenti_meno, asistenti_priezvisko, asistenti_uvazok, asistenti_plat, LEKARI_lekari_id) values (147, 'Hamnet', 'Hickisson', 'Plný úväzok', 3378, 102);
insert into ASISTENTI (asistenti_id, asistenti_meno, asistenti_priezvisko, asistenti_uvazok, asistenti_plat, LEKARI_lekari_id) values (148, 'Tracey', 'Davson', 'Živnosť', null, 146);
insert into ASISTENTI (asistenti_id, asistenti_meno, asistenti_priezvisko, asistenti_uvazok, asistenti_plat, LEKARI_lekari_id) values (149, 'Cordell', 'McBrady', 'Plný úväzok', 4442, 45);
insert into ASISTENTI (asistenti_id, asistenti_meno, asistenti_priezvisko, asistenti_uvazok, asistenti_plat, LEKARI_lekari_id) values (150, 'Carly', 'Dibbs', 'Plný úväzok', null, 119);
insert into ASISTENTI (asistenti_id, asistenti_meno, asistenti_priezvisko, asistenti_uvazok, asistenti_plat, LEKARI_lekari_id) values (151, 'Jemie', 'Baudacci', 'Plný úväzok', null, 261);
insert into ASISTENTI (asistenti_id, asistenti_meno, asistenti_priezvisko, asistenti_uvazok, asistenti_plat, LEKARI_lekari_id) values (152, 'Fidelia', 'Vallance', 'Plný úväzok', null, 231);
insert into ASISTENTI (asistenti_id, asistenti_meno, asistenti_priezvisko, asistenti_uvazok, asistenti_plat, LEKARI_lekari_id) values (153, 'Theodora', 'Angier', 'Dohodou', null, 9);
insert into ASISTENTI (asistenti_id, asistenti_meno, asistenti_priezvisko, asistenti_uvazok, asistenti_plat, LEKARI_lekari_id) values (154, 'Konstance', 'Tibbles', 'Živnosť', null, 66);
insert into ASISTENTI (asistenti_id, asistenti_meno, asistenti_priezvisko, asistenti_uvazok, asistenti_plat, LEKARI_lekari_id) values (155, 'Karry', 'Mallinar', 'Živnosť', 4788, 98);
insert into ASISTENTI (asistenti_id, asistenti_meno, asistenti_priezvisko, asistenti_uvazok, asistenti_plat, LEKARI_lekari_id) values (156, 'Orelia', 'McKie', 'Plný úväzok', null, 44);
insert into ASISTENTI (asistenti_id, asistenti_meno, asistenti_priezvisko, asistenti_uvazok, asistenti_plat, LEKARI_lekari_id) values (157, 'Valenka', 'McSporrin', 'Plný úväzok', 1113, 135);
insert into ASISTENTI (asistenti_id, asistenti_meno, asistenti_priezvisko, asistenti_uvazok, asistenti_plat, LEKARI_lekari_id) values (158, 'Verge', 'Barkway', 'Dohodou', null, 278);
insert into ASISTENTI (asistenti_id, asistenti_meno, asistenti_priezvisko, asistenti_uvazok, asistenti_plat, LEKARI_lekari_id) values (159, 'Jordana', 'Redborn', 'Plný úväzok', null, 90);
insert into ASISTENTI (asistenti_id, asistenti_meno, asistenti_priezvisko, asistenti_uvazok, asistenti_plat, LEKARI_lekari_id) values (160, 'Cortney', 'Guyver', 'Plný úväzok', null, 204);
insert into ASISTENTI (asistenti_id, asistenti_meno, asistenti_priezvisko, asistenti_uvazok, asistenti_plat, LEKARI_lekari_id) values (161, 'Jamesy', 'Bilverstone', 'Plný úväzok', null, 239);
insert into ASISTENTI (asistenti_id, asistenti_meno, asistenti_priezvisko, asistenti_uvazok, asistenti_plat, LEKARI_lekari_id) values (162, 'Iona', 'Rosenkrantz', 'Živnosť', 2569, 99);
insert into ASISTENTI (asistenti_id, asistenti_meno, asistenti_priezvisko, asistenti_uvazok, asistenti_plat, LEKARI_lekari_id) values (163, 'Kare', 'Shakelade', 'Živnosť', null, 87);
insert into ASISTENTI (asistenti_id, asistenti_meno, asistenti_priezvisko, asistenti_uvazok, asistenti_plat, LEKARI_lekari_id) values (164, 'Peria', 'Japp', 'Živnosť', null, 108);
insert into ASISTENTI (asistenti_id, asistenti_meno, asistenti_priezvisko, asistenti_uvazok, asistenti_plat, LEKARI_lekari_id) values (165, 'Caressa', 'McCullouch', 'Dohodou', null, 88);
insert into ASISTENTI (asistenti_id, asistenti_meno, asistenti_priezvisko, asistenti_uvazok, asistenti_plat, LEKARI_lekari_id) values (166, 'Mallissa', 'Auden', 'Plný úväzok', null, 286);
insert into ASISTENTI (asistenti_id, asistenti_meno, asistenti_priezvisko, asistenti_uvazok, asistenti_plat, LEKARI_lekari_id) values (167, 'Cinda', 'Chidler', 'Dohodou', null, 119);
insert into ASISTENTI (asistenti_id, asistenti_meno, asistenti_priezvisko, asistenti_uvazok, asistenti_plat, LEKARI_lekari_id) values (168, 'Maryanne', 'Bloodworth', 'Plný úväzok', null, 282);
insert into ASISTENTI (asistenti_id, asistenti_meno, asistenti_priezvisko, asistenti_uvazok, asistenti_plat, LEKARI_lekari_id) values (169, 'Raul', 'Iacovucci', 'Plný úväzok', 1754, 242);
insert into ASISTENTI (asistenti_id, asistenti_meno, asistenti_priezvisko, asistenti_uvazok, asistenti_plat, LEKARI_lekari_id) values (170, 'Tommy', 'Graine', 'Plný úväzok', 3500, 109);
insert into ASISTENTI (asistenti_id, asistenti_meno, asistenti_priezvisko, asistenti_uvazok, asistenti_plat, LEKARI_lekari_id) values (171, 'Randee', 'Vallack', 'Živnosť', 4262, 64);
insert into ASISTENTI (asistenti_id, asistenti_meno, asistenti_priezvisko, asistenti_uvazok, asistenti_plat, LEKARI_lekari_id) values (172, 'Gamaliel', 'O''Ruane', 'Živnosť', 821, 242);
insert into ASISTENTI (asistenti_id, asistenti_meno, asistenti_priezvisko, asistenti_uvazok, asistenti_plat, LEKARI_lekari_id) values (173, 'Theda', 'Gale', 'Dohodou', 713, 198);
insert into ASISTENTI (asistenti_id, asistenti_meno, asistenti_priezvisko, asistenti_uvazok, asistenti_plat, LEKARI_lekari_id) values (174, 'Christy', 'Catford', 'Plný úväzok', null, 278);
insert into ASISTENTI (asistenti_id, asistenti_meno, asistenti_priezvisko, asistenti_uvazok, asistenti_plat, LEKARI_lekari_id) values (175, 'Sanson', 'Kingaby', 'Živnosť', 3410, 296);
insert into ASISTENTI (asistenti_id, asistenti_meno, asistenti_priezvisko, asistenti_uvazok, asistenti_plat, LEKARI_lekari_id) values (176, 'Aurelea', 'McElwee', 'Živnosť', null, 164);
insert into ASISTENTI (asistenti_id, asistenti_meno, asistenti_priezvisko, asistenti_uvazok, asistenti_plat, LEKARI_lekari_id) values (177, 'Merry', 'Antley', 'Dohodou', null, 213);
insert into ASISTENTI (asistenti_id, asistenti_meno, asistenti_priezvisko, asistenti_uvazok, asistenti_plat, LEKARI_lekari_id) values (178, 'Julia', 'Yakuntzov', 'Plný úväzok', null, 138);
insert into ASISTENTI (asistenti_id, asistenti_meno, asistenti_priezvisko, asistenti_uvazok, asistenti_plat, LEKARI_lekari_id) values (179, 'Lonnie', 'Batcheldor', 'Dohodou', null, 10);
insert into ASISTENTI (asistenti_id, asistenti_meno, asistenti_priezvisko, asistenti_uvazok, asistenti_plat, LEKARI_lekari_id) values (180, 'Hernando', 'Peacocke', 'Plný úväzok', 4428, 65);
insert into ASISTENTI (asistenti_id, asistenti_meno, asistenti_priezvisko, asistenti_uvazok, asistenti_plat, LEKARI_lekari_id) values (181, 'Sonny', 'Livingston', 'Živnosť', null, 201);
insert into ASISTENTI (asistenti_id, asistenti_meno, asistenti_priezvisko, asistenti_uvazok, asistenti_plat, LEKARI_lekari_id) values (182, 'Lennard', 'Tench', 'Živnosť', null, 35);
insert into ASISTENTI (asistenti_id, asistenti_meno, asistenti_priezvisko, asistenti_uvazok, asistenti_plat, LEKARI_lekari_id) values (183, 'Lezlie', 'McQuaker', 'Plný úväzok', null, 50);
insert into ASISTENTI (asistenti_id, asistenti_meno, asistenti_priezvisko, asistenti_uvazok, asistenti_plat, LEKARI_lekari_id) values (184, 'Morten', 'Paffley', 'Dohodou', 4778, 51);
insert into ASISTENTI (asistenti_id, asistenti_meno, asistenti_priezvisko, asistenti_uvazok, asistenti_plat, LEKARI_lekari_id) values (185, 'Donall', 'Kiebes', 'Živnosť', null, 216);
insert into ASISTENTI (asistenti_id, asistenti_meno, asistenti_priezvisko, asistenti_uvazok, asistenti_plat, LEKARI_lekari_id) values (186, 'Gayleen', 'Revett', 'Dohodou', 2753, 169);
insert into ASISTENTI (asistenti_id, asistenti_meno, asistenti_priezvisko, asistenti_uvazok, asistenti_plat, LEKARI_lekari_id) values (187, 'Hugo', 'Norcliffe', 'Živnosť', 3328, 83);
insert into ASISTENTI (asistenti_id, asistenti_meno, asistenti_priezvisko, asistenti_uvazok, asistenti_plat, LEKARI_lekari_id) values (188, 'Lillian', 'Morales', 'Živnosť', 4919, 184);
insert into ASISTENTI (asistenti_id, asistenti_meno, asistenti_priezvisko, asistenti_uvazok, asistenti_plat, LEKARI_lekari_id) values (189, 'Roddy', 'Langford', 'Plný úväzok', null, 178);
insert into ASISTENTI (asistenti_id, asistenti_meno, asistenti_priezvisko, asistenti_uvazok, asistenti_plat, LEKARI_lekari_id) values (190, 'Lia', 'Scinelli', 'Plný úväzok', 3927, 166);
insert into ASISTENTI (asistenti_id, asistenti_meno, asistenti_priezvisko, asistenti_uvazok, asistenti_plat, LEKARI_lekari_id) values (191, 'Hilary', 'Orrin', 'Dohodou', 2493, 186);
insert into ASISTENTI (asistenti_id, asistenti_meno, asistenti_priezvisko, asistenti_uvazok, asistenti_plat, LEKARI_lekari_id) values (192, 'Lacie', 'Gunton', 'Dohodou', null, 66);
insert into ASISTENTI (asistenti_id, asistenti_meno, asistenti_priezvisko, asistenti_uvazok, asistenti_plat, LEKARI_lekari_id) values (193, 'Sullivan', 'Mecchi', 'Dohodou', 4789, 245);
insert into ASISTENTI (asistenti_id, asistenti_meno, asistenti_priezvisko, asistenti_uvazok, asistenti_plat, LEKARI_lekari_id) values (194, 'Jule', 'Terzo', 'Živnosť', 3595, 96);
insert into ASISTENTI (asistenti_id, asistenti_meno, asistenti_priezvisko, asistenti_uvazok, asistenti_plat, LEKARI_lekari_id) values (195, 'Desiri', 'Slimings', 'Živnosť', 2626, 169);
insert into ASISTENTI (asistenti_id, asistenti_meno, asistenti_priezvisko, asistenti_uvazok, asistenti_plat, LEKARI_lekari_id) values (196, 'Denney', 'Tooher', 'Plný úväzok', null, 3);
insert into ASISTENTI (asistenti_id, asistenti_meno, asistenti_priezvisko, asistenti_uvazok, asistenti_plat, LEKARI_lekari_id) values (197, 'Leesa', 'Authers', 'Dohodou', null, 231);
insert into ASISTENTI (asistenti_id, asistenti_meno, asistenti_priezvisko, asistenti_uvazok, asistenti_plat, LEKARI_lekari_id) values (198, 'Tessie', 'Ekless', 'Živnosť', null, 190);
insert into ASISTENTI (asistenti_id, asistenti_meno, asistenti_priezvisko, asistenti_uvazok, asistenti_plat, LEKARI_lekari_id) values (199, 'Elie', 'Druhan', 'Živnosť', 3764, 212);
insert into ASISTENTI (asistenti_id, asistenti_meno, asistenti_priezvisko, asistenti_uvazok, asistenti_plat, LEKARI_lekari_id) values (200, 'Laney', 'Grierson', 'Plný úväzok', null, 173);
insert into ASISTENTI (asistenti_id, asistenti_meno, asistenti_priezvisko, asistenti_uvazok, asistenti_plat, LEKARI_lekari_id) values (201, 'Florina', 'Ruske', 'Dohodou', null, 216);
insert into ASISTENTI (asistenti_id, asistenti_meno, asistenti_priezvisko, asistenti_uvazok, asistenti_plat, LEKARI_lekari_id) values (202, 'Philly', 'Broadberry', 'Živnosť', 2979, 229);
insert into ASISTENTI (asistenti_id, asistenti_meno, asistenti_priezvisko, asistenti_uvazok, asistenti_plat, LEKARI_lekari_id) values (203, 'Emmet', 'Amis', 'Plný úväzok', null, 88);
insert into ASISTENTI (asistenti_id, asistenti_meno, asistenti_priezvisko, asistenti_uvazok, asistenti_plat, LEKARI_lekari_id) values (204, 'Charley', 'Cutsforth', 'Plný úväzok', null, 227);
insert into ASISTENTI (asistenti_id, asistenti_meno, asistenti_priezvisko, asistenti_uvazok, asistenti_plat, LEKARI_lekari_id) values (205, 'Anny', 'Dark', 'Dohodou', 1838, 66);
insert into ASISTENTI (asistenti_id, asistenti_meno, asistenti_priezvisko, asistenti_uvazok, asistenti_plat, LEKARI_lekari_id) values (206, 'Sherwin', 'Girtin', 'Živnosť', null, 220);
insert into ASISTENTI (asistenti_id, asistenti_meno, asistenti_priezvisko, asistenti_uvazok, asistenti_plat, LEKARI_lekari_id) values (207, 'Paulina', 'Nardrup', 'Plný úväzok', null, 149);
insert into ASISTENTI (asistenti_id, asistenti_meno, asistenti_priezvisko, asistenti_uvazok, asistenti_plat, LEKARI_lekari_id) values (208, 'Foster', 'Bushel', 'Plný úväzok', null, 101);
insert into ASISTENTI (asistenti_id, asistenti_meno, asistenti_priezvisko, asistenti_uvazok, asistenti_plat, LEKARI_lekari_id) values (209, 'Min', 'Potteridge', 'Dohodou', null, 138);
insert into ASISTENTI (asistenti_id, asistenti_meno, asistenti_priezvisko, asistenti_uvazok, asistenti_plat, LEKARI_lekari_id) values (210, 'Germaine', 'Boatman', 'Živnosť', 679, 98);
insert into ASISTENTI (asistenti_id, asistenti_meno, asistenti_priezvisko, asistenti_uvazok, asistenti_plat, LEKARI_lekari_id) values (211, 'Marin', 'Leifer', 'Plný úväzok', 1941, 104);
insert into ASISTENTI (asistenti_id, asistenti_meno, asistenti_priezvisko, asistenti_uvazok, asistenti_plat, LEKARI_lekari_id) values (212, 'Steffi', 'Marquess', 'Živnosť', null, 288);
insert into ASISTENTI (asistenti_id, asistenti_meno, asistenti_priezvisko, asistenti_uvazok, asistenti_plat, LEKARI_lekari_id) values (213, 'Ingelbert', 'McCaffery', 'Plný úväzok', 2863, 196);
insert into ASISTENTI (asistenti_id, asistenti_meno, asistenti_priezvisko, asistenti_uvazok, asistenti_plat, LEKARI_lekari_id) values (214, 'Bria', 'Everix', 'Živnosť', null, 50);
insert into ASISTENTI (asistenti_id, asistenti_meno, asistenti_priezvisko, asistenti_uvazok, asistenti_plat, LEKARI_lekari_id) values (215, 'Erastus', 'Doig', 'Dohodou', null, 239);
insert into ASISTENTI (asistenti_id, asistenti_meno, asistenti_priezvisko, asistenti_uvazok, asistenti_plat, LEKARI_lekari_id) values (216, 'Nick', 'Cadwallader', 'Živnosť', 3131, 205);
insert into ASISTENTI (asistenti_id, asistenti_meno, asistenti_priezvisko, asistenti_uvazok, asistenti_plat, LEKARI_lekari_id) values (217, 'Manuel', 'Turri', 'Plný úväzok', null, 69);
insert into ASISTENTI (asistenti_id, asistenti_meno, asistenti_priezvisko, asistenti_uvazok, asistenti_plat, LEKARI_lekari_id) values (218, 'Juliet', 'Turfs', 'Živnosť', null, 198);
insert into ASISTENTI (asistenti_id, asistenti_meno, asistenti_priezvisko, asistenti_uvazok, asistenti_plat, LEKARI_lekari_id) values (219, 'Adolphe', 'Tuley', 'Dohodou', null, 166);
insert into ASISTENTI (asistenti_id, asistenti_meno, asistenti_priezvisko, asistenti_uvazok, asistenti_plat, LEKARI_lekari_id) values (220, 'Trixi', 'Sigars', 'Plný úväzok', 1440, 183);
insert into ASISTENTI (asistenti_id, asistenti_meno, asistenti_priezvisko, asistenti_uvazok, asistenti_plat, LEKARI_lekari_id) values (221, 'Blythe', 'Tuxell', 'Živnosť', null, 264);
insert into ASISTENTI (asistenti_id, asistenti_meno, asistenti_priezvisko, asistenti_uvazok, asistenti_plat, LEKARI_lekari_id) values (222, 'Laurianne', 'Borrott', 'Živnosť', 4593, 214);
insert into ASISTENTI (asistenti_id, asistenti_meno, asistenti_priezvisko, asistenti_uvazok, asistenti_plat, LEKARI_lekari_id) values (223, 'Loraine', 'Inglefield', 'Dohodou', 2835, 63);
insert into ASISTENTI (asistenti_id, asistenti_meno, asistenti_priezvisko, asistenti_uvazok, asistenti_plat, LEKARI_lekari_id) values (224, 'Willard', 'Fairbrace', 'Plný úväzok', null, 206);
insert into ASISTENTI (asistenti_id, asistenti_meno, asistenti_priezvisko, asistenti_uvazok, asistenti_plat, LEKARI_lekari_id) values (225, 'Noe', 'Huggon', 'Dohodou', 3329, 294);
insert into ASISTENTI (asistenti_id, asistenti_meno, asistenti_priezvisko, asistenti_uvazok, asistenti_plat, LEKARI_lekari_id) values (226, 'Margit', 'Barnhill', 'Živnosť', null, 114);
insert into ASISTENTI (asistenti_id, asistenti_meno, asistenti_priezvisko, asistenti_uvazok, asistenti_plat, LEKARI_lekari_id) values (227, 'Karlan', 'Gussin', 'Živnosť', null, 299);
insert into ASISTENTI (asistenti_id, asistenti_meno, asistenti_priezvisko, asistenti_uvazok, asistenti_plat, LEKARI_lekari_id) values (228, 'Agnella', 'Garrish', 'Plný úväzok', 2845, 176);
insert into ASISTENTI (asistenti_id, asistenti_meno, asistenti_priezvisko, asistenti_uvazok, asistenti_plat, LEKARI_lekari_id) values (229, 'Bern', 'Sivorn', 'Plný úväzok', 2855, 214);
insert into ASISTENTI (asistenti_id, asistenti_meno, asistenti_priezvisko, asistenti_uvazok, asistenti_plat, LEKARI_lekari_id) values (230, 'Cass', 'Tynnan', 'Živnosť', null, 14);
insert into ASISTENTI (asistenti_id, asistenti_meno, asistenti_priezvisko, asistenti_uvazok, asistenti_plat, LEKARI_lekari_id) values (231, 'Carline', 'McGlaud', 'Živnosť', 731, 50);
insert into ASISTENTI (asistenti_id, asistenti_meno, asistenti_priezvisko, asistenti_uvazok, asistenti_plat, LEKARI_lekari_id) values (232, 'Cori', 'Paal', 'Dohodou', 3978, 209);
insert into ASISTENTI (asistenti_id, asistenti_meno, asistenti_priezvisko, asistenti_uvazok, asistenti_plat, LEKARI_lekari_id) values (233, 'Leona', 'Otham', 'Dohodou', 2502, 10);
insert into ASISTENTI (asistenti_id, asistenti_meno, asistenti_priezvisko, asistenti_uvazok, asistenti_plat, LEKARI_lekari_id) values (234, 'Odey', 'Carlin', 'Plný úväzok', null, 187);
insert into ASISTENTI (asistenti_id, asistenti_meno, asistenti_priezvisko, asistenti_uvazok, asistenti_plat, LEKARI_lekari_id) values (235, 'Blaine', 'De Morena', 'Živnosť', null, 226);
insert into ASISTENTI (asistenti_id, asistenti_meno, asistenti_priezvisko, asistenti_uvazok, asistenti_plat, LEKARI_lekari_id) values (236, 'Iris', 'Dollard', 'Plný úväzok', null, 158);
insert into ASISTENTI (asistenti_id, asistenti_meno, asistenti_priezvisko, asistenti_uvazok, asistenti_plat, LEKARI_lekari_id) values (237, 'Dacey', 'Ditzel', 'Živnosť', 2083, 102);
insert into ASISTENTI (asistenti_id, asistenti_meno, asistenti_priezvisko, asistenti_uvazok, asistenti_plat, LEKARI_lekari_id) values (238, 'Biron', 'Hatcher', 'Živnosť', null, 199);
insert into ASISTENTI (asistenti_id, asistenti_meno, asistenti_priezvisko, asistenti_uvazok, asistenti_plat, LEKARI_lekari_id) values (239, 'Mindy', 'Biddleston', 'Plný úväzok', 1670, 21);
insert into ASISTENTI (asistenti_id, asistenti_meno, asistenti_priezvisko, asistenti_uvazok, asistenti_plat, LEKARI_lekari_id) values (240, 'Cherry', 'Goulbourne', 'Plný úväzok', 4657, 146);
insert into ASISTENTI (asistenti_id, asistenti_meno, asistenti_priezvisko, asistenti_uvazok, asistenti_plat, LEKARI_lekari_id) values (241, 'Yorgo', 'Pendrick', 'Dohodou', 1794, 212);
insert into ASISTENTI (asistenti_id, asistenti_meno, asistenti_priezvisko, asistenti_uvazok, asistenti_plat, LEKARI_lekari_id) values (242, 'Hilda', 'Worviell', 'Plný úväzok', 3175, 243);
insert into ASISTENTI (asistenti_id, asistenti_meno, asistenti_priezvisko, asistenti_uvazok, asistenti_plat, LEKARI_lekari_id) values (243, 'Seward', 'Thominga', 'Dohodou', 706, 44);
insert into ASISTENTI (asistenti_id, asistenti_meno, asistenti_priezvisko, asistenti_uvazok, asistenti_plat, LEKARI_lekari_id) values (244, 'Abelard', 'Hagergham', 'Živnosť', null, 204);
insert into ASISTENTI (asistenti_id, asistenti_meno, asistenti_priezvisko, asistenti_uvazok, asistenti_plat, LEKARI_lekari_id) values (245, 'Arri', 'Bointon', 'Plný úväzok', 634, 198);
insert into ASISTENTI (asistenti_id, asistenti_meno, asistenti_priezvisko, asistenti_uvazok, asistenti_plat, LEKARI_lekari_id) values (246, 'Ulrika', 'Curm', 'Živnosť', null, 24);
insert into ASISTENTI (asistenti_id, asistenti_meno, asistenti_priezvisko, asistenti_uvazok, asistenti_plat, LEKARI_lekari_id) values (247, 'Dottie', 'Brack', 'Plný úväzok', null, 63);
insert into ASISTENTI (asistenti_id, asistenti_meno, asistenti_priezvisko, asistenti_uvazok, asistenti_plat, LEKARI_lekari_id) values (248, 'Zonda', 'Dowdney', 'Plný úväzok', null, 95);
insert into ASISTENTI (asistenti_id, asistenti_meno, asistenti_priezvisko, asistenti_uvazok, asistenti_plat, LEKARI_lekari_id) values (249, 'Helaina', 'Blockley', 'Dohodou', null, 254);
insert into ASISTENTI (asistenti_id, asistenti_meno, asistenti_priezvisko, asistenti_uvazok, asistenti_plat, LEKARI_lekari_id) values (250, 'Iain', 'Killingworth', 'Živnosť', 2738, 171);
insert into ASISTENTI (asistenti_id, asistenti_meno, asistenti_priezvisko, asistenti_uvazok, asistenti_plat, LEKARI_lekari_id) values (251, 'Nil', 'Yele', 'Dohodou', null, 207);
insert into ASISTENTI (asistenti_id, asistenti_meno, asistenti_priezvisko, asistenti_uvazok, asistenti_plat, LEKARI_lekari_id) values (252, 'Tova', 'Yakobovitz', 'Plný úväzok', 3707, 158);
insert into ASISTENTI (asistenti_id, asistenti_meno, asistenti_priezvisko, asistenti_uvazok, asistenti_plat, LEKARI_lekari_id) values (253, 'Emlyn', 'Lindner', 'Dohodou', null, 33);
insert into ASISTENTI (asistenti_id, asistenti_meno, asistenti_priezvisko, asistenti_uvazok, asistenti_plat, LEKARI_lekari_id) values (254, 'Claire', 'Tuckwell', 'Živnosť', null, 264);
insert into ASISTENTI (asistenti_id, asistenti_meno, asistenti_priezvisko, asistenti_uvazok, asistenti_plat, LEKARI_lekari_id) values (255, 'Herc', 'Ioan', 'Plný úväzok', null, 192);
insert into ASISTENTI (asistenti_id, asistenti_meno, asistenti_priezvisko, asistenti_uvazok, asistenti_plat, LEKARI_lekari_id) values (256, 'Quinta', 'Chsteney', 'Dohodou', 640, 163);
insert into ASISTENTI (asistenti_id, asistenti_meno, asistenti_priezvisko, asistenti_uvazok, asistenti_plat, LEKARI_lekari_id) values (257, 'Edgar', 'Heigl', 'Plný úväzok', 4006, 83);
insert into ASISTENTI (asistenti_id, asistenti_meno, asistenti_priezvisko, asistenti_uvazok, asistenti_plat, LEKARI_lekari_id) values (258, 'Mathew', 'Dymock', 'Dohodou', null, 198);
insert into ASISTENTI (asistenti_id, asistenti_meno, asistenti_priezvisko, asistenti_uvazok, asistenti_plat, LEKARI_lekari_id) values (259, 'Vanny', 'Creffeild', 'Živnosť', 3483, 258);
insert into ASISTENTI (asistenti_id, asistenti_meno, asistenti_priezvisko, asistenti_uvazok, asistenti_plat, LEKARI_lekari_id) values (260, 'Hansiain', 'Pencot', 'Dohodou', 2025, 64);
insert into ASISTENTI (asistenti_id, asistenti_meno, asistenti_priezvisko, asistenti_uvazok, asistenti_plat, LEKARI_lekari_id) values (261, 'Harlie', 'Winchcombe', 'Dohodou', null, 184);
insert into ASISTENTI (asistenti_id, asistenti_meno, asistenti_priezvisko, asistenti_uvazok, asistenti_plat, LEKARI_lekari_id) values (262, 'Kathi', 'Alderwick', 'Plný úväzok', 4682, 258);
insert into ASISTENTI (asistenti_id, asistenti_meno, asistenti_priezvisko, asistenti_uvazok, asistenti_plat, LEKARI_lekari_id) values (263, 'Myrah', 'Twede', 'Plný úväzok', null, 281);
insert into ASISTENTI (asistenti_id, asistenti_meno, asistenti_priezvisko, asistenti_uvazok, asistenti_plat, LEKARI_lekari_id) values (264, 'Harlan', 'Wharlton', 'Dohodou', 3869, 169);
insert into ASISTENTI (asistenti_id, asistenti_meno, asistenti_priezvisko, asistenti_uvazok, asistenti_plat, LEKARI_lekari_id) values (265, 'Lucien', 'Pawelek', 'Plný úväzok', null, 256);
insert into ASISTENTI (asistenti_id, asistenti_meno, asistenti_priezvisko, asistenti_uvazok, asistenti_plat, LEKARI_lekari_id) values (266, 'Eustace', 'O''Downe', 'Dohodou', null, 130);
insert into ASISTENTI (asistenti_id, asistenti_meno, asistenti_priezvisko, asistenti_uvazok, asistenti_plat, LEKARI_lekari_id) values (267, 'Giustino', 'Skillings', 'Živnosť', null, 79);
insert into ASISTENTI (asistenti_id, asistenti_meno, asistenti_priezvisko, asistenti_uvazok, asistenti_plat, LEKARI_lekari_id) values (268, 'Luella', 'Casol', 'Plný úväzok', null, 278);
insert into ASISTENTI (asistenti_id, asistenti_meno, asistenti_priezvisko, asistenti_uvazok, asistenti_plat, LEKARI_lekari_id) values (269, 'Garry', 'Clemson', 'Dohodou', null, 93);
insert into ASISTENTI (asistenti_id, asistenti_meno, asistenti_priezvisko, asistenti_uvazok, asistenti_plat, LEKARI_lekari_id) values (270, 'Leah', 'Gilmartin', 'Plný úväzok', null, 257);
insert into ASISTENTI (asistenti_id, asistenti_meno, asistenti_priezvisko, asistenti_uvazok, asistenti_plat, LEKARI_lekari_id) values (271, 'Judas', 'Stubbin', 'Živnosť', null, 5);
insert into ASISTENTI (asistenti_id, asistenti_meno, asistenti_priezvisko, asistenti_uvazok, asistenti_plat, LEKARI_lekari_id) values (272, 'Doroteya', 'Coomes', 'Dohodou', 2060, 81);
insert into ASISTENTI (asistenti_id, asistenti_meno, asistenti_priezvisko, asistenti_uvazok, asistenti_plat, LEKARI_lekari_id) values (273, 'Aleen', 'Pendlenton', 'Plný úväzok', null, 39);
insert into ASISTENTI (asistenti_id, asistenti_meno, asistenti_priezvisko, asistenti_uvazok, asistenti_plat, LEKARI_lekari_id) values (274, 'Hy', 'Cross', 'Dohodou', null, 218);
insert into ASISTENTI (asistenti_id, asistenti_meno, asistenti_priezvisko, asistenti_uvazok, asistenti_plat, LEKARI_lekari_id) values (275, 'Matthias', 'Hundal', 'Dohodou', null, 197);
insert into ASISTENTI (asistenti_id, asistenti_meno, asistenti_priezvisko, asistenti_uvazok, asistenti_plat, LEKARI_lekari_id) values (276, 'Kathie', 'Worthington', 'Dohodou', null, 129);
insert into ASISTENTI (asistenti_id, asistenti_meno, asistenti_priezvisko, asistenti_uvazok, asistenti_plat, LEKARI_lekari_id) values (277, 'Bambi', 'Meininger', 'Dohodou', 632, 278);
insert into ASISTENTI (asistenti_id, asistenti_meno, asistenti_priezvisko, asistenti_uvazok, asistenti_plat, LEKARI_lekari_id) values (278, 'Leontine', 'Gimbrett', 'Živnosť', null, 130);
insert into ASISTENTI (asistenti_id, asistenti_meno, asistenti_priezvisko, asistenti_uvazok, asistenti_plat, LEKARI_lekari_id) values (279, 'Basil', 'Mance', 'Plný úväzok', 1511, 36);
insert into ASISTENTI (asistenti_id, asistenti_meno, asistenti_priezvisko, asistenti_uvazok, asistenti_plat, LEKARI_lekari_id) values (280, 'Eran', 'Widger', 'Živnosť', 4273, 200);
insert into ASISTENTI (asistenti_id, asistenti_meno, asistenti_priezvisko, asistenti_uvazok, asistenti_plat, LEKARI_lekari_id) values (281, 'Byrle', 'Gallacher', 'Plný úväzok', null, 146);
insert into ASISTENTI (asistenti_id, asistenti_meno, asistenti_priezvisko, asistenti_uvazok, asistenti_plat, LEKARI_lekari_id) values (282, 'Magdaia', 'Kilner', 'Živnosť', null, 10);
insert into ASISTENTI (asistenti_id, asistenti_meno, asistenti_priezvisko, asistenti_uvazok, asistenti_plat, LEKARI_lekari_id) values (283, 'Ginger', 'Brownsell', 'Dohodou', 1106, 153);
insert into ASISTENTI (asistenti_id, asistenti_meno, asistenti_priezvisko, asistenti_uvazok, asistenti_plat, LEKARI_lekari_id) values (284, 'Radcliffe', 'Glauber', 'Plný úväzok', 3054, 157);
insert into ASISTENTI (asistenti_id, asistenti_meno, asistenti_priezvisko, asistenti_uvazok, asistenti_plat, LEKARI_lekari_id) values (285, 'Noby', 'Kippling', 'Plný úväzok', 4411, 199);
insert into ASISTENTI (asistenti_id, asistenti_meno, asistenti_priezvisko, asistenti_uvazok, asistenti_plat, LEKARI_lekari_id) values (286, 'Marion', 'Bedson', 'Plný úväzok', 2092, 93);
insert into ASISTENTI (asistenti_id, asistenti_meno, asistenti_priezvisko, asistenti_uvazok, asistenti_plat, LEKARI_lekari_id) values (287, 'Philippe', 'Doram', 'Plný úväzok', 3758, 175);
insert into ASISTENTI (asistenti_id, asistenti_meno, asistenti_priezvisko, asistenti_uvazok, asistenti_plat, LEKARI_lekari_id) values (288, 'Marcella', 'Redwall', 'Dohodou', null, 30);
insert into ASISTENTI (asistenti_id, asistenti_meno, asistenti_priezvisko, asistenti_uvazok, asistenti_plat, LEKARI_lekari_id) values (289, 'Nomi', 'Caldeiro', 'Dohodou', null, 63);
insert into ASISTENTI (asistenti_id, asistenti_meno, asistenti_priezvisko, asistenti_uvazok, asistenti_plat, LEKARI_lekari_id) values (290, 'Nick', 'Dundridge', 'Živnosť', null, 108);
insert into ASISTENTI (asistenti_id, asistenti_meno, asistenti_priezvisko, asistenti_uvazok, asistenti_plat, LEKARI_lekari_id) values (291, 'Renelle', 'Jagiello', 'Živnosť', null, 280);
insert into ASISTENTI (asistenti_id, asistenti_meno, asistenti_priezvisko, asistenti_uvazok, asistenti_plat, LEKARI_lekari_id) values (292, 'Townie', 'Glencros', 'Dohodou', null, 282);
insert into ASISTENTI (asistenti_id, asistenti_meno, asistenti_priezvisko, asistenti_uvazok, asistenti_plat, LEKARI_lekari_id) values (293, 'Hermione', 'MacDougall', 'Dohodou', 2415, 17);
insert into ASISTENTI (asistenti_id, asistenti_meno, asistenti_priezvisko, asistenti_uvazok, asistenti_plat, LEKARI_lekari_id) values (294, 'Hubert', 'Dyott', 'Plný úväzok', null, 3);
insert into ASISTENTI (asistenti_id, asistenti_meno, asistenti_priezvisko, asistenti_uvazok, asistenti_plat, LEKARI_lekari_id) values (295, 'Siouxie', 'Fullylove', 'Dohodou', null, 249);
insert into ASISTENTI (asistenti_id, asistenti_meno, asistenti_priezvisko, asistenti_uvazok, asistenti_plat, LEKARI_lekari_id) values (296, 'Tailor', 'Coathup', 'Plný úväzok', null, 22);
insert into ASISTENTI (asistenti_id, asistenti_meno, asistenti_priezvisko, asistenti_uvazok, asistenti_plat, LEKARI_lekari_id) values (297, 'Marcille', 'Matresse', 'Dohodou', 4116, 253);
insert into ASISTENTI (asistenti_id, asistenti_meno, asistenti_priezvisko, asistenti_uvazok, asistenti_plat, LEKARI_lekari_id) values (298, 'Cherri', 'Goeff', 'Živnosť', 2494, 293);
insert into ASISTENTI (asistenti_id, asistenti_meno, asistenti_priezvisko, asistenti_uvazok, asistenti_plat, LEKARI_lekari_id) values (299, 'Lodovico', 'Batchelour', 'Plný úväzok', 1958, 43);
insert into ASISTENTI (asistenti_id, asistenti_meno, asistenti_priezvisko, asistenti_uvazok, asistenti_plat, LEKARI_lekari_id) values (300, 'Broddy', 'Kenchington', 'Dohodou', null, 78);

insert into PACIENTI (pacienti_rodcis, pacienti_meno, pacienti_priezvisko, pacienti_telefon) values (1, 'Querida', 'Borge', '1188241977');
insert into PACIENTI (pacienti_rodcis, pacienti_meno, pacienti_priezvisko, pacienti_telefon) values (2, 'Thurston', 'Odby', '7048491281');
insert into PACIENTI (pacienti_rodcis, pacienti_meno, pacienti_priezvisko, pacienti_telefon) values (3, 'Florella', 'Harold', '7482683599');
insert into PACIENTI (pacienti_rodcis, pacienti_meno, pacienti_priezvisko, pacienti_telefon) values (4, 'Corrinne', 'Bogays', '2344116570');
insert into PACIENTI (pacienti_rodcis, pacienti_meno, pacienti_priezvisko, pacienti_telefon) values (5, 'Oren', 'Killeen', '3014742096');
insert into PACIENTI (pacienti_rodcis, pacienti_meno, pacienti_priezvisko, pacienti_telefon) values (6, 'Esmaria', 'Dougill', '9239259090');
insert into PACIENTI (pacienti_rodcis, pacienti_meno, pacienti_priezvisko, pacienti_telefon) values (7, 'Sula', 'Bravery', '3341455391');
insert into PACIENTI (pacienti_rodcis, pacienti_meno, pacienti_priezvisko, pacienti_telefon) values (8, 'Jannel', 'Thick', '1489792326');
insert into PACIENTI (pacienti_rodcis, pacienti_meno, pacienti_priezvisko, pacienti_telefon) values (9, 'Lucia', 'Taplow', '7963821159');
insert into PACIENTI (pacienti_rodcis, pacienti_meno, pacienti_priezvisko, pacienti_telefon) values (10, 'Sonni', 'Quickfall', '6149636488');
insert into PACIENTI (pacienti_rodcis, pacienti_meno, pacienti_priezvisko, pacienti_telefon) values (11, 'Damon', 'Killingbeck', '4515168570');
insert into PACIENTI (pacienti_rodcis, pacienti_meno, pacienti_priezvisko, pacienti_telefon) values (12, 'Jori', 'Matthessen', '9676757981');
insert into PACIENTI (pacienti_rodcis, pacienti_meno, pacienti_priezvisko, pacienti_telefon) values (13, 'Larina', 'Selkirk', '3879980512');
insert into PACIENTI (pacienti_rodcis, pacienti_meno, pacienti_priezvisko, pacienti_telefon) values (14, 'Ranique', 'Duckels', '8299942011');
insert into PACIENTI (pacienti_rodcis, pacienti_meno, pacienti_priezvisko, pacienti_telefon) values (15, 'Eugenie', 'Kovacs', '4423202443');
insert into PACIENTI (pacienti_rodcis, pacienti_meno, pacienti_priezvisko, pacienti_telefon) values (16, 'Elwira', 'Cinavas', '2671427903');
insert into PACIENTI (pacienti_rodcis, pacienti_meno, pacienti_priezvisko, pacienti_telefon) values (17, 'Benita', 'Legen', '8027251742');
insert into PACIENTI (pacienti_rodcis, pacienti_meno, pacienti_priezvisko, pacienti_telefon) values (18, 'Zsazsa', 'Stuckes', null);
insert into PACIENTI (pacienti_rodcis, pacienti_meno, pacienti_priezvisko, pacienti_telefon) values (19, 'Jade', 'Sterry', '7354258377');
insert into PACIENTI (pacienti_rodcis, pacienti_meno, pacienti_priezvisko, pacienti_telefon) values (20, 'Pall', 'Cobden', '4141142222');
insert into PACIENTI (pacienti_rodcis, pacienti_meno, pacienti_priezvisko, pacienti_telefon) values (21, 'Sorcha', 'Duthy', '7029216818');
insert into PACIENTI (pacienti_rodcis, pacienti_meno, pacienti_priezvisko, pacienti_telefon) values (22, 'Corine', 'Minchinton', '4781842624');
insert into PACIENTI (pacienti_rodcis, pacienti_meno, pacienti_priezvisko, pacienti_telefon) values (23, 'Arlan', 'Brushneen', '3694676664');
insert into PACIENTI (pacienti_rodcis, pacienti_meno, pacienti_priezvisko, pacienti_telefon) values (24, 'Hedda', 'O''Hartnedy', '6783495584');
insert into PACIENTI (pacienti_rodcis, pacienti_meno, pacienti_priezvisko, pacienti_telefon) values (25, 'Nolan', 'Tavener', '2133203325');
insert into PACIENTI (pacienti_rodcis, pacienti_meno, pacienti_priezvisko, pacienti_telefon) values (26, 'Kimmie', 'Pavese', '3769954478');
insert into PACIENTI (pacienti_rodcis, pacienti_meno, pacienti_priezvisko, pacienti_telefon) values (27, 'Jacklyn', 'Whorlow', '8372293602');
insert into PACIENTI (pacienti_rodcis, pacienti_meno, pacienti_priezvisko, pacienti_telefon) values (28, 'Padraic', 'Grosvenor', '8819816045');
insert into PACIENTI (pacienti_rodcis, pacienti_meno, pacienti_priezvisko, pacienti_telefon) values (29, 'Hadrian', 'Qusklay', '5533109135');
insert into PACIENTI (pacienti_rodcis, pacienti_meno, pacienti_priezvisko, pacienti_telefon) values (30, 'Yance', 'Weben', '9736028435');
insert into PACIENTI (pacienti_rodcis, pacienti_meno, pacienti_priezvisko, pacienti_telefon) values (31, 'Giulia', 'Mucci', '5646903563');
insert into PACIENTI (pacienti_rodcis, pacienti_meno, pacienti_priezvisko, pacienti_telefon) values (32, 'Craggie', 'Scrannage', '4861453573');
insert into PACIENTI (pacienti_rodcis, pacienti_meno, pacienti_priezvisko, pacienti_telefon) values (33, 'Anetta', 'Leathley', '9522628692');
insert into PACIENTI (pacienti_rodcis, pacienti_meno, pacienti_priezvisko, pacienti_telefon) values (34, 'Sissie', 'Quarrington', '6444629177');
insert into PACIENTI (pacienti_rodcis, pacienti_meno, pacienti_priezvisko, pacienti_telefon) values (35, 'Demetria', 'Crichten', '5541094983');
insert into PACIENTI (pacienti_rodcis, pacienti_meno, pacienti_priezvisko, pacienti_telefon) values (36, 'Bobbye', 'Sunner', '8765306766');
insert into PACIENTI (pacienti_rodcis, pacienti_meno, pacienti_priezvisko, pacienti_telefon) values (37, 'Derward', 'Harken', '7152959825');
insert into PACIENTI (pacienti_rodcis, pacienti_meno, pacienti_priezvisko, pacienti_telefon) values (38, 'Lavena', 'Kershow', '1911591763');
insert into PACIENTI (pacienti_rodcis, pacienti_meno, pacienti_priezvisko, pacienti_telefon) values (39, 'Vilma', 'Kelsall', '4024679468');
insert into PACIENTI (pacienti_rodcis, pacienti_meno, pacienti_priezvisko, pacienti_telefon) values (40, 'Erv', 'McGilvray', '2044166029');
insert into PACIENTI (pacienti_rodcis, pacienti_meno, pacienti_priezvisko, pacienti_telefon) values (41, 'Reinwald', 'Dore', '8976192605');
insert into PACIENTI (pacienti_rodcis, pacienti_meno, pacienti_priezvisko, pacienti_telefon) values (42, 'Letisha', 'Halt', '6855841873');
insert into PACIENTI (pacienti_rodcis, pacienti_meno, pacienti_priezvisko, pacienti_telefon) values (43, 'Corenda', 'Killough', null);
insert into PACIENTI (pacienti_rodcis, pacienti_meno, pacienti_priezvisko, pacienti_telefon) values (44, 'Wilfrid', 'Effemy', '2487157256');
insert into PACIENTI (pacienti_rodcis, pacienti_meno, pacienti_priezvisko, pacienti_telefon) values (45, 'Lizbeth', 'Vanderplas', '8027565799');
insert into PACIENTI (pacienti_rodcis, pacienti_meno, pacienti_priezvisko, pacienti_telefon) values (46, 'Damien', 'Puddefoot', '9076749570');
insert into PACIENTI (pacienti_rodcis, pacienti_meno, pacienti_priezvisko, pacienti_telefon) values (47, 'Elysha', 'Mazzeo', '5484866634');
insert into PACIENTI (pacienti_rodcis, pacienti_meno, pacienti_priezvisko, pacienti_telefon) values (48, 'Gillan', 'Lounds', '1271355555');
insert into PACIENTI (pacienti_rodcis, pacienti_meno, pacienti_priezvisko, pacienti_telefon) values (49, 'Arch', 'Laingmaid', '1963097500');
insert into PACIENTI (pacienti_rodcis, pacienti_meno, pacienti_priezvisko, pacienti_telefon) values (50, 'Jessa', 'Bignell', null);
insert into PACIENTI (pacienti_rodcis, pacienti_meno, pacienti_priezvisko, pacienti_telefon) values (51, 'Ariela', 'Farndon', '4558585484');
insert into PACIENTI (pacienti_rodcis, pacienti_meno, pacienti_priezvisko, pacienti_telefon) values (52, 'Claus', 'Sutworth', '8057182777');
insert into PACIENTI (pacienti_rodcis, pacienti_meno, pacienti_priezvisko, pacienti_telefon) values (53, 'Angy', 'Guerro', null);
insert into PACIENTI (pacienti_rodcis, pacienti_meno, pacienti_priezvisko, pacienti_telefon) values (54, 'Danya', 'Silverstone', '7077475644');
insert into PACIENTI (pacienti_rodcis, pacienti_meno, pacienti_priezvisko, pacienti_telefon) values (55, 'Moore', 'Euplate', '5543630754');
insert into PACIENTI (pacienti_rodcis, pacienti_meno, pacienti_priezvisko, pacienti_telefon) values (56, 'Caitlin', 'Bea', '6299990533');
insert into PACIENTI (pacienti_rodcis, pacienti_meno, pacienti_priezvisko, pacienti_telefon) values (57, 'Kincaid', 'Baudinelli', '2517761042');
insert into PACIENTI (pacienti_rodcis, pacienti_meno, pacienti_priezvisko, pacienti_telefon) values (58, 'Rozalin', 'Smithe', '1917158900');
insert into PACIENTI (pacienti_rodcis, pacienti_meno, pacienti_priezvisko, pacienti_telefon) values (59, 'Elmira', 'Thrustle', '8779617710');
insert into PACIENTI (pacienti_rodcis, pacienti_meno, pacienti_priezvisko, pacienti_telefon) values (60, 'Mortie', 'Bowell', '6032717540');
insert into PACIENTI (pacienti_rodcis, pacienti_meno, pacienti_priezvisko, pacienti_telefon) values (61, 'Jenilee', 'Mountstephen', '6932654012');
insert into PACIENTI (pacienti_rodcis, pacienti_meno, pacienti_priezvisko, pacienti_telefon) values (62, 'Lorinda', 'Renowden', '1666174434');
insert into PACIENTI (pacienti_rodcis, pacienti_meno, pacienti_priezvisko, pacienti_telefon) values (63, 'Cassandre', 'Seldner', '3012159213');
insert into PACIENTI (pacienti_rodcis, pacienti_meno, pacienti_priezvisko, pacienti_telefon) values (64, 'Timothee', 'Dimbleby', null);
insert into PACIENTI (pacienti_rodcis, pacienti_meno, pacienti_priezvisko, pacienti_telefon) values (65, 'Camala', 'Hughf', '1796546620');
insert into PACIENTI (pacienti_rodcis, pacienti_meno, pacienti_priezvisko, pacienti_telefon) values (66, 'Lavina', 'Conduit', '2046333605');
insert into PACIENTI (pacienti_rodcis, pacienti_meno, pacienti_priezvisko, pacienti_telefon) values (67, 'Nannie', 'Hannan', '2952690446');
insert into PACIENTI (pacienti_rodcis, pacienti_meno, pacienti_priezvisko, pacienti_telefon) values (68, 'Allayne', 'Knox', '8494229964');
insert into PACIENTI (pacienti_rodcis, pacienti_meno, pacienti_priezvisko, pacienti_telefon) values (69, 'Quincy', 'Olenin', '2186447441');
insert into PACIENTI (pacienti_rodcis, pacienti_meno, pacienti_priezvisko, pacienti_telefon) values (70, 'Marna', 'Rollo', '4696310075');
insert into PACIENTI (pacienti_rodcis, pacienti_meno, pacienti_priezvisko, pacienti_telefon) values (71, 'Sax', 'Ithell', '7203121376');
insert into PACIENTI (pacienti_rodcis, pacienti_meno, pacienti_priezvisko, pacienti_telefon) values (72, 'Marilee', 'Beinisch', '5263587885');
insert into PACIENTI (pacienti_rodcis, pacienti_meno, pacienti_priezvisko, pacienti_telefon) values (73, 'Halsy', 'Toulmin', '2607469182');
insert into PACIENTI (pacienti_rodcis, pacienti_meno, pacienti_priezvisko, pacienti_telefon) values (74, 'Roshelle', 'Le Marquand', '3599486693');
insert into PACIENTI (pacienti_rodcis, pacienti_meno, pacienti_priezvisko, pacienti_telefon) values (75, 'Beale', 'Caustick', '1168977474');
insert into PACIENTI (pacienti_rodcis, pacienti_meno, pacienti_priezvisko, pacienti_telefon) values (76, 'Truda', 'Thatcher', '2156358209');
insert into PACIENTI (pacienti_rodcis, pacienti_meno, pacienti_priezvisko, pacienti_telefon) values (77, 'Hilda', 'Reinard', null);
insert into PACIENTI (pacienti_rodcis, pacienti_meno, pacienti_priezvisko, pacienti_telefon) values (78, 'Carny', 'Dobrowolski', '2266893148');
insert into PACIENTI (pacienti_rodcis, pacienti_meno, pacienti_priezvisko, pacienti_telefon) values (79, 'Henrie', 'Ride', '2943108049');
insert into PACIENTI (pacienti_rodcis, pacienti_meno, pacienti_priezvisko, pacienti_telefon) values (80, 'Peria', 'Le Breton', '2573878184');
insert into PACIENTI (pacienti_rodcis, pacienti_meno, pacienti_priezvisko, pacienti_telefon) values (81, 'Orelle', 'Llorente', '1151822927');
insert into PACIENTI (pacienti_rodcis, pacienti_meno, pacienti_priezvisko, pacienti_telefon) values (82, 'Sada', 'Winthrop', '7776047042');
insert into PACIENTI (pacienti_rodcis, pacienti_meno, pacienti_priezvisko, pacienti_telefon) values (83, 'Otis', 'Jelly', '1586792840');
insert into PACIENTI (pacienti_rodcis, pacienti_meno, pacienti_priezvisko, pacienti_telefon) values (84, 'Randa', 'Eyer', '6437069167');
insert into PACIENTI (pacienti_rodcis, pacienti_meno, pacienti_priezvisko, pacienti_telefon) values (85, 'Trumaine', 'Gowar', null);
insert into PACIENTI (pacienti_rodcis, pacienti_meno, pacienti_priezvisko, pacienti_telefon) values (86, 'Garvey', 'Kegg', null);
insert into PACIENTI (pacienti_rodcis, pacienti_meno, pacienti_priezvisko, pacienti_telefon) values (87, 'Thomasa', 'Robart', null);
insert into PACIENTI (pacienti_rodcis, pacienti_meno, pacienti_priezvisko, pacienti_telefon) values (88, 'Sergio', 'Bygraves', '5869285839');
insert into PACIENTI (pacienti_rodcis, pacienti_meno, pacienti_priezvisko, pacienti_telefon) values (89, 'Betty', 'Voaden', '8634999056');
insert into PACIENTI (pacienti_rodcis, pacienti_meno, pacienti_priezvisko, pacienti_telefon) values (90, 'Darill', 'Dunbabin', '2394757163');
insert into PACIENTI (pacienti_rodcis, pacienti_meno, pacienti_priezvisko, pacienti_telefon) values (91, 'Hastie', 'Iskow', '2118923390');
insert into PACIENTI (pacienti_rodcis, pacienti_meno, pacienti_priezvisko, pacienti_telefon) values (92, 'Lennie', 'Glencrosche', '9518314598');
insert into PACIENTI (pacienti_rodcis, pacienti_meno, pacienti_priezvisko, pacienti_telefon) values (93, 'Brett', 'Galway', '9348511766');
insert into PACIENTI (pacienti_rodcis, pacienti_meno, pacienti_priezvisko, pacienti_telefon) values (94, 'Harriett', 'Carse', '7816646250');
insert into PACIENTI (pacienti_rodcis, pacienti_meno, pacienti_priezvisko, pacienti_telefon) values (95, 'Cicily', 'Pettegree', '8772460054');
insert into PACIENTI (pacienti_rodcis, pacienti_meno, pacienti_priezvisko, pacienti_telefon) values (96, 'Dita', 'Beal', '9829842185');
insert into PACIENTI (pacienti_rodcis, pacienti_meno, pacienti_priezvisko, pacienti_telefon) values (97, 'Con', 'Ramsted', '8841674503');
insert into PACIENTI (pacienti_rodcis, pacienti_meno, pacienti_priezvisko, pacienti_telefon) values (98, 'Roseanne', 'Ackermann', '2644932777');
insert into PACIENTI (pacienti_rodcis, pacienti_meno, pacienti_priezvisko, pacienti_telefon) values (99, 'Tiffani', 'Berrington', '8767986176');
insert into PACIENTI (pacienti_rodcis, pacienti_meno, pacienti_priezvisko, pacienti_telefon) values (100, 'Gianna', 'Houlden', null);
insert into PACIENTI (pacienti_rodcis, pacienti_meno, pacienti_priezvisko, pacienti_telefon) values (101, 'Caron', 'Froude', '3496742663');
insert into PACIENTI (pacienti_rodcis, pacienti_meno, pacienti_priezvisko, pacienti_telefon) values (102, 'Dietrich', 'Mallabar', null);
insert into PACIENTI (pacienti_rodcis, pacienti_meno, pacienti_priezvisko, pacienti_telefon) values (103, 'Gunilla', 'Sarvar', '1416584774');
insert into PACIENTI (pacienti_rodcis, pacienti_meno, pacienti_priezvisko, pacienti_telefon) values (104, 'Mollie', 'Onslow', '6834147984');
insert into PACIENTI (pacienti_rodcis, pacienti_meno, pacienti_priezvisko, pacienti_telefon) values (105, 'Ky', 'Cockle', '1908684305');
insert into PACIENTI (pacienti_rodcis, pacienti_meno, pacienti_priezvisko, pacienti_telefon) values (106, 'Jill', 'Ros', '6446324704');
insert into PACIENTI (pacienti_rodcis, pacienti_meno, pacienti_priezvisko, pacienti_telefon) values (107, 'Zilvia', 'McGilroy', '8838754324');
insert into PACIENTI (pacienti_rodcis, pacienti_meno, pacienti_priezvisko, pacienti_telefon) values (108, 'Gabriela', 'Di Maria', '4851044712');
insert into PACIENTI (pacienti_rodcis, pacienti_meno, pacienti_priezvisko, pacienti_telefon) values (109, 'Jose', 'Kingshott', '5357968929');
insert into PACIENTI (pacienti_rodcis, pacienti_meno, pacienti_priezvisko, pacienti_telefon) values (110, 'Bonnie', 'Rudeforth', '7957512366');
insert into PACIENTI (pacienti_rodcis, pacienti_meno, pacienti_priezvisko, pacienti_telefon) values (111, 'Jilli', 'Jenkison', '8409311832');
insert into PACIENTI (pacienti_rodcis, pacienti_meno, pacienti_priezvisko, pacienti_telefon) values (112, 'Gracia', 'Meneghelli', '9357443551');
insert into PACIENTI (pacienti_rodcis, pacienti_meno, pacienti_priezvisko, pacienti_telefon) values (113, 'Gaynor', 'Harraway', '6775058915');
insert into PACIENTI (pacienti_rodcis, pacienti_meno, pacienti_priezvisko, pacienti_telefon) values (114, 'Mariquilla', 'Hawtry', '7796284748');
insert into PACIENTI (pacienti_rodcis, pacienti_meno, pacienti_priezvisko, pacienti_telefon) values (115, 'Gail', 'Uglow', '3186577889');
insert into PACIENTI (pacienti_rodcis, pacienti_meno, pacienti_priezvisko, pacienti_telefon) values (116, 'Isac', 'Leiden', '2272537432');
insert into PACIENTI (pacienti_rodcis, pacienti_meno, pacienti_priezvisko, pacienti_telefon) values (117, 'Rubi', 'Grishelyov', '2907618307');
insert into PACIENTI (pacienti_rodcis, pacienti_meno, pacienti_priezvisko, pacienti_telefon) values (118, 'Kylen', 'Sandercock', '7962600104');
insert into PACIENTI (pacienti_rodcis, pacienti_meno, pacienti_priezvisko, pacienti_telefon) values (119, 'Kittie', 'Forte', null);
insert into PACIENTI (pacienti_rodcis, pacienti_meno, pacienti_priezvisko, pacienti_telefon) values (120, 'Kissiah', 'Russen', '1028477898');
insert into PACIENTI (pacienti_rodcis, pacienti_meno, pacienti_priezvisko, pacienti_telefon) values (121, 'Merrill', 'Measey', '1132916557');
insert into PACIENTI (pacienti_rodcis, pacienti_meno, pacienti_priezvisko, pacienti_telefon) values (122, 'Yoshiko', 'Matherson', '8498915529');
insert into PACIENTI (pacienti_rodcis, pacienti_meno, pacienti_priezvisko, pacienti_telefon) values (123, 'Erwin', 'Gaskin', '1079428666');
insert into PACIENTI (pacienti_rodcis, pacienti_meno, pacienti_priezvisko, pacienti_telefon) values (124, 'Alfonse', 'Jecock', '3745181603');
insert into PACIENTI (pacienti_rodcis, pacienti_meno, pacienti_priezvisko, pacienti_telefon) values (125, 'Lilla', 'MacEveley', '5083410594');
insert into PACIENTI (pacienti_rodcis, pacienti_meno, pacienti_priezvisko, pacienti_telefon) values (126, 'Brien', 'Swaden', '9454575660');
insert into PACIENTI (pacienti_rodcis, pacienti_meno, pacienti_priezvisko, pacienti_telefon) values (127, 'Candra', 'Kleinschmidt', '2257425740');
insert into PACIENTI (pacienti_rodcis, pacienti_meno, pacienti_priezvisko, pacienti_telefon) values (128, 'Mureil', 'Dysert', '4095412721');
insert into PACIENTI (pacienti_rodcis, pacienti_meno, pacienti_priezvisko, pacienti_telefon) values (129, 'Adele', 'Canavan', null);
insert into PACIENTI (pacienti_rodcis, pacienti_meno, pacienti_priezvisko, pacienti_telefon) values (130, 'Evania', 'Caird', '1496206262');
insert into PACIENTI (pacienti_rodcis, pacienti_meno, pacienti_priezvisko, pacienti_telefon) values (131, 'Toni', 'Dadson', null);
insert into PACIENTI (pacienti_rodcis, pacienti_meno, pacienti_priezvisko, pacienti_telefon) values (132, 'Basil', 'Ellit', '2651215502');
insert into PACIENTI (pacienti_rodcis, pacienti_meno, pacienti_priezvisko, pacienti_telefon) values (133, 'Ardath', 'Dibsdale', null);
insert into PACIENTI (pacienti_rodcis, pacienti_meno, pacienti_priezvisko, pacienti_telefon) values (134, 'Bianka', 'McCerery', '4025494140');
insert into PACIENTI (pacienti_rodcis, pacienti_meno, pacienti_priezvisko, pacienti_telefon) values (135, 'Roz', 'Mustoe', '1878257467');
insert into PACIENTI (pacienti_rodcis, pacienti_meno, pacienti_priezvisko, pacienti_telefon) values (136, 'Eldon', 'Hasslocher', '4051730726');
insert into PACIENTI (pacienti_rodcis, pacienti_meno, pacienti_priezvisko, pacienti_telefon) values (137, 'Estrella', 'Diche', '7636102118');
insert into PACIENTI (pacienti_rodcis, pacienti_meno, pacienti_priezvisko, pacienti_telefon) values (138, 'Etta', 'Dulton', '8115470312');
insert into PACIENTI (pacienti_rodcis, pacienti_meno, pacienti_priezvisko, pacienti_telefon) values (139, 'Carmina', 'Inston', '2129738989');
insert into PACIENTI (pacienti_rodcis, pacienti_meno, pacienti_priezvisko, pacienti_telefon) values (140, 'Marlow', 'Dudenie', '3971150491');
insert into PACIENTI (pacienti_rodcis, pacienti_meno, pacienti_priezvisko, pacienti_telefon) values (141, 'Jemimah', 'Ivanov', '7011120465');
insert into PACIENTI (pacienti_rodcis, pacienti_meno, pacienti_priezvisko, pacienti_telefon) values (142, 'Missy', 'Elgie', '2382687702');
insert into PACIENTI (pacienti_rodcis, pacienti_meno, pacienti_priezvisko, pacienti_telefon) values (143, 'Coralyn', 'Parren', '8469720366');
insert into PACIENTI (pacienti_rodcis, pacienti_meno, pacienti_priezvisko, pacienti_telefon) values (144, 'Haven', 'Kayes', null);
insert into PACIENTI (pacienti_rodcis, pacienti_meno, pacienti_priezvisko, pacienti_telefon) values (145, 'Josiah', 'Alliott', '8288632743');
insert into PACIENTI (pacienti_rodcis, pacienti_meno, pacienti_priezvisko, pacienti_telefon) values (146, 'Walsh', 'Meikle', '9163285803');
insert into PACIENTI (pacienti_rodcis, pacienti_meno, pacienti_priezvisko, pacienti_telefon) values (147, 'Lizzy', 'Phippen', '1348525292');
insert into PACIENTI (pacienti_rodcis, pacienti_meno, pacienti_priezvisko, pacienti_telefon) values (148, 'Lanita', 'Cinelli', '8564559685');
insert into PACIENTI (pacienti_rodcis, pacienti_meno, pacienti_priezvisko, pacienti_telefon) values (149, 'Malcolm', 'Pharrow', '5518468801');
insert into PACIENTI (pacienti_rodcis, pacienti_meno, pacienti_priezvisko, pacienti_telefon) values (150, 'Christan', 'D''Ugo', '8996908853');
insert into PACIENTI (pacienti_rodcis, pacienti_meno, pacienti_priezvisko, pacienti_telefon) values (151, 'Alvinia', 'Gartenfeld', '4339175805');
insert into PACIENTI (pacienti_rodcis, pacienti_meno, pacienti_priezvisko, pacienti_telefon) values (152, 'Horst', 'Niblo', '8586392312');
insert into PACIENTI (pacienti_rodcis, pacienti_meno, pacienti_priezvisko, pacienti_telefon) values (153, 'Shannan', 'Hedylstone', null);
insert into PACIENTI (pacienti_rodcis, pacienti_meno, pacienti_priezvisko, pacienti_telefon) values (154, 'Denny', 'Van Niekerk', '1385691485');
insert into PACIENTI (pacienti_rodcis, pacienti_meno, pacienti_priezvisko, pacienti_telefon) values (155, 'Brander', 'Budcock', '7569772272');
insert into PACIENTI (pacienti_rodcis, pacienti_meno, pacienti_priezvisko, pacienti_telefon) values (156, 'Pascal', 'Crosen', '2975473207');
insert into PACIENTI (pacienti_rodcis, pacienti_meno, pacienti_priezvisko, pacienti_telefon) values (157, 'Michel', 'Dearle-Palser', '3954320045');
insert into PACIENTI (pacienti_rodcis, pacienti_meno, pacienti_priezvisko, pacienti_telefon) values (158, 'Dani', 'Duffy', '4199055600');
insert into PACIENTI (pacienti_rodcis, pacienti_meno, pacienti_priezvisko, pacienti_telefon) values (159, 'Ruttger', 'Hammerstone', '8584003101');
insert into PACIENTI (pacienti_rodcis, pacienti_meno, pacienti_priezvisko, pacienti_telefon) values (160, 'Livvyy', 'Casine', '1578540121');
insert into PACIENTI (pacienti_rodcis, pacienti_meno, pacienti_priezvisko, pacienti_telefon) values (161, 'Charley', 'Hakking', '7751607582');
insert into PACIENTI (pacienti_rodcis, pacienti_meno, pacienti_priezvisko, pacienti_telefon) values (162, 'Gene', 'Colaton', '7162973856');
insert into PACIENTI (pacienti_rodcis, pacienti_meno, pacienti_priezvisko, pacienti_telefon) values (163, 'Liesa', 'Turpey', '2515031596');
insert into PACIENTI (pacienti_rodcis, pacienti_meno, pacienti_priezvisko, pacienti_telefon) values (164, 'Netti', 'Checkley', '5982713014');
insert into PACIENTI (pacienti_rodcis, pacienti_meno, pacienti_priezvisko, pacienti_telefon) values (165, 'Danila', 'Kohnemann', '5278073027');
insert into PACIENTI (pacienti_rodcis, pacienti_meno, pacienti_priezvisko, pacienti_telefon) values (166, 'Lorrie', 'Lyman', null);
insert into PACIENTI (pacienti_rodcis, pacienti_meno, pacienti_priezvisko, pacienti_telefon) values (167, 'Manon', 'Simounet', '9159416192');
insert into PACIENTI (pacienti_rodcis, pacienti_meno, pacienti_priezvisko, pacienti_telefon) values (168, 'Abbott', 'Lesly', '6272791212');
insert into PACIENTI (pacienti_rodcis, pacienti_meno, pacienti_priezvisko, pacienti_telefon) values (169, 'Mallory', 'Welbourn', '2246031105');
insert into PACIENTI (pacienti_rodcis, pacienti_meno, pacienti_priezvisko, pacienti_telefon) values (170, 'Marcille', 'Mattia', '6629285142');
insert into PACIENTI (pacienti_rodcis, pacienti_meno, pacienti_priezvisko, pacienti_telefon) values (171, 'Teresa', 'Kliemann', '2236330182');
insert into PACIENTI (pacienti_rodcis, pacienti_meno, pacienti_priezvisko, pacienti_telefon) values (172, 'Kathrine', 'Lewty', '8959165396');
insert into PACIENTI (pacienti_rodcis, pacienti_meno, pacienti_priezvisko, pacienti_telefon) values (173, 'Cherlyn', 'Cunniam', '9648663774');
insert into PACIENTI (pacienti_rodcis, pacienti_meno, pacienti_priezvisko, pacienti_telefon) values (174, 'Malory', 'Arne', '1651496251');
insert into PACIENTI (pacienti_rodcis, pacienti_meno, pacienti_priezvisko, pacienti_telefon) values (175, 'Kalli', 'Bazelle', '2092540805');
insert into PACIENTI (pacienti_rodcis, pacienti_meno, pacienti_priezvisko, pacienti_telefon) values (176, 'Lucine', 'Marde', '4135340962');
insert into PACIENTI (pacienti_rodcis, pacienti_meno, pacienti_priezvisko, pacienti_telefon) values (177, 'Marj', 'Seers', '7159517033');
insert into PACIENTI (pacienti_rodcis, pacienti_meno, pacienti_priezvisko, pacienti_telefon) values (178, 'Peri', 'Gritland', '9703452085');
insert into PACIENTI (pacienti_rodcis, pacienti_meno, pacienti_priezvisko, pacienti_telefon) values (179, 'Bron', 'Norcock', '7446677459');
insert into PACIENTI (pacienti_rodcis, pacienti_meno, pacienti_priezvisko, pacienti_telefon) values (180, 'David', 'Adlem', '6934091048');
insert into PACIENTI (pacienti_rodcis, pacienti_meno, pacienti_priezvisko, pacienti_telefon) values (181, 'Marcela', 'Todd', '6724308573');
insert into PACIENTI (pacienti_rodcis, pacienti_meno, pacienti_priezvisko, pacienti_telefon) values (182, 'Nonah', 'Clevely', '6357977069');
insert into PACIENTI (pacienti_rodcis, pacienti_meno, pacienti_priezvisko, pacienti_telefon) values (183, 'Lani', 'Barneveld', '4517183478');
insert into PACIENTI (pacienti_rodcis, pacienti_meno, pacienti_priezvisko, pacienti_telefon) values (184, 'Myles', 'Bexley', '7704381874');
insert into PACIENTI (pacienti_rodcis, pacienti_meno, pacienti_priezvisko, pacienti_telefon) values (185, 'Isabella', 'Moral', '6535540884');
insert into PACIENTI (pacienti_rodcis, pacienti_meno, pacienti_priezvisko, pacienti_telefon) values (186, 'Corrina', 'Charlon', null);
insert into PACIENTI (pacienti_rodcis, pacienti_meno, pacienti_priezvisko, pacienti_telefon) values (187, 'Allard', 'Beathem', '9073813642');
insert into PACIENTI (pacienti_rodcis, pacienti_meno, pacienti_priezvisko, pacienti_telefon) values (188, 'Toni', 'Dunsford', '9438555939');
insert into PACIENTI (pacienti_rodcis, pacienti_meno, pacienti_priezvisko, pacienti_telefon) values (189, 'Norry', 'Janusik', '4239382584');
insert into PACIENTI (pacienti_rodcis, pacienti_meno, pacienti_priezvisko, pacienti_telefon) values (190, 'Kane', 'Quantrill', '9532123007');
insert into PACIENTI (pacienti_rodcis, pacienti_meno, pacienti_priezvisko, pacienti_telefon) values (191, 'Earvin', 'Spears', '4529641228');
insert into PACIENTI (pacienti_rodcis, pacienti_meno, pacienti_priezvisko, pacienti_telefon) values (192, 'Gavin', 'Trouncer', '8686731328');
insert into PACIENTI (pacienti_rodcis, pacienti_meno, pacienti_priezvisko, pacienti_telefon) values (193, 'Sharon', 'Dettmar', '7604098903');
insert into PACIENTI (pacienti_rodcis, pacienti_meno, pacienti_priezvisko, pacienti_telefon) values (194, 'Renate', 'Paal', '7714914482');
insert into PACIENTI (pacienti_rodcis, pacienti_meno, pacienti_priezvisko, pacienti_telefon) values (195, 'Sloane', 'Windeatt', '5304038303');
insert into PACIENTI (pacienti_rodcis, pacienti_meno, pacienti_priezvisko, pacienti_telefon) values (196, 'Fidelio', 'Furness', '8282712269');
insert into PACIENTI (pacienti_rodcis, pacienti_meno, pacienti_priezvisko, pacienti_telefon) values (197, 'Tarah', 'Cawdell', '4073410158');
insert into PACIENTI (pacienti_rodcis, pacienti_meno, pacienti_priezvisko, pacienti_telefon) values (198, 'Tomlin', 'Maylour', '1178652598');
insert into PACIENTI (pacienti_rodcis, pacienti_meno, pacienti_priezvisko, pacienti_telefon) values (199, 'Kelly', 'Lyokhin', '3187408620');
insert into PACIENTI (pacienti_rodcis, pacienti_meno, pacienti_priezvisko, pacienti_telefon) values (200, 'Burl', 'Dobrowolski', '5443630679');
insert into PACIENTI (pacienti_rodcis, pacienti_meno, pacienti_priezvisko, pacienti_telefon) values (201, 'Alayne', 'Faunt', '5372384504');
insert into PACIENTI (pacienti_rodcis, pacienti_meno, pacienti_priezvisko, pacienti_telefon) values (202, 'Giulia', 'Lambis', '2975137941');
insert into PACIENTI (pacienti_rodcis, pacienti_meno, pacienti_priezvisko, pacienti_telefon) values (203, 'Stephanie', 'Barwood', '5023323253');
insert into PACIENTI (pacienti_rodcis, pacienti_meno, pacienti_priezvisko, pacienti_telefon) values (204, 'Tobie', 'Tatton', '5378037180');
insert into PACIENTI (pacienti_rodcis, pacienti_meno, pacienti_priezvisko, pacienti_telefon) values (205, 'Stefan', 'Freear', '4901107050');
insert into PACIENTI (pacienti_rodcis, pacienti_meno, pacienti_priezvisko, pacienti_telefon) values (206, 'Lexi', 'Muzzillo', '1954800866');
insert into PACIENTI (pacienti_rodcis, pacienti_meno, pacienti_priezvisko, pacienti_telefon) values (207, 'Druci', 'Critchlow', '5596532065');
insert into PACIENTI (pacienti_rodcis, pacienti_meno, pacienti_priezvisko, pacienti_telefon) values (208, 'Camala', 'Beckers', '9414395371');
insert into PACIENTI (pacienti_rodcis, pacienti_meno, pacienti_priezvisko, pacienti_telefon) values (209, 'Yorgos', 'Dommett', '1028309749');
insert into PACIENTI (pacienti_rodcis, pacienti_meno, pacienti_priezvisko, pacienti_telefon) values (210, 'Lewie', 'Abbatini', '1385227929');
insert into PACIENTI (pacienti_rodcis, pacienti_meno, pacienti_priezvisko, pacienti_telefon) values (211, 'Analise', 'Harkin', '5748394576');
insert into PACIENTI (pacienti_rodcis, pacienti_meno, pacienti_priezvisko, pacienti_telefon) values (212, 'Georas', 'Grimestone', '7804361998');
insert into PACIENTI (pacienti_rodcis, pacienti_meno, pacienti_priezvisko, pacienti_telefon) values (213, 'Barris', 'Paradis', '5892189375');
insert into PACIENTI (pacienti_rodcis, pacienti_meno, pacienti_priezvisko, pacienti_telefon) values (214, 'Morna', 'Piddington', '2784747343');
insert into PACIENTI (pacienti_rodcis, pacienti_meno, pacienti_priezvisko, pacienti_telefon) values (215, 'Mable', 'Brantl', '5315522668');
insert into PACIENTI (pacienti_rodcis, pacienti_meno, pacienti_priezvisko, pacienti_telefon) values (216, 'Pembroke', 'Goaks', '5623495034');
insert into PACIENTI (pacienti_rodcis, pacienti_meno, pacienti_priezvisko, pacienti_telefon) values (217, 'Glori', 'Hattigan', '9154641061');
insert into PACIENTI (pacienti_rodcis, pacienti_meno, pacienti_priezvisko, pacienti_telefon) values (218, 'Weider', 'Cockcroft', '2937438137');
insert into PACIENTI (pacienti_rodcis, pacienti_meno, pacienti_priezvisko, pacienti_telefon) values (219, 'Shelby', 'Blaszkiewicz', '4647502018');
insert into PACIENTI (pacienti_rodcis, pacienti_meno, pacienti_priezvisko, pacienti_telefon) values (220, 'Benedicto', 'Kirkbright', '5415683252');
insert into PACIENTI (pacienti_rodcis, pacienti_meno, pacienti_priezvisko, pacienti_telefon) values (221, 'Pier', 'Wehnerr', '2286999921');
insert into PACIENTI (pacienti_rodcis, pacienti_meno, pacienti_priezvisko, pacienti_telefon) values (222, 'Kizzee', 'Tickel', '9325926478');
insert into PACIENTI (pacienti_rodcis, pacienti_meno, pacienti_priezvisko, pacienti_telefon) values (223, 'Corilla', 'Kincla', '3887859886');
insert into PACIENTI (pacienti_rodcis, pacienti_meno, pacienti_priezvisko, pacienti_telefon) values (224, 'Lina', 'Gutowska', '9413449716');
insert into PACIENTI (pacienti_rodcis, pacienti_meno, pacienti_priezvisko, pacienti_telefon) values (225, 'Godfrey', 'Presslee', '5882101555');
insert into PACIENTI (pacienti_rodcis, pacienti_meno, pacienti_priezvisko, pacienti_telefon) values (226, 'Alair', 'Beaten', '5915107598');
insert into PACIENTI (pacienti_rodcis, pacienti_meno, pacienti_priezvisko, pacienti_telefon) values (227, 'Gaylor', 'Howieson', '2574432801');
insert into PACIENTI (pacienti_rodcis, pacienti_meno, pacienti_priezvisko, pacienti_telefon) values (228, 'Justinn', 'Giriardelli', '7532179910');
insert into PACIENTI (pacienti_rodcis, pacienti_meno, pacienti_priezvisko, pacienti_telefon) values (229, 'Veronika', 'Christofides', '3322697928');
insert into PACIENTI (pacienti_rodcis, pacienti_meno, pacienti_priezvisko, pacienti_telefon) values (230, 'Gale', 'Clemencet', '9825155626');
insert into PACIENTI (pacienti_rodcis, pacienti_meno, pacienti_priezvisko, pacienti_telefon) values (231, 'Sawyer', 'Doxsey', '2974837139');
insert into PACIENTI (pacienti_rodcis, pacienti_meno, pacienti_priezvisko, pacienti_telefon) values (232, 'Clemente', 'Berns', '7985041363');
insert into PACIENTI (pacienti_rodcis, pacienti_meno, pacienti_priezvisko, pacienti_telefon) values (233, 'Margret', 'Peare', '7638443662');
insert into PACIENTI (pacienti_rodcis, pacienti_meno, pacienti_priezvisko, pacienti_telefon) values (234, 'Ermina', 'Morrell', '2548581259');
insert into PACIENTI (pacienti_rodcis, pacienti_meno, pacienti_priezvisko, pacienti_telefon) values (235, 'Shaine', 'Lynagh', '2838468214');
insert into PACIENTI (pacienti_rodcis, pacienti_meno, pacienti_priezvisko, pacienti_telefon) values (236, 'Joshia', 'O''Shevlan', '7708050589');
insert into PACIENTI (pacienti_rodcis, pacienti_meno, pacienti_priezvisko, pacienti_telefon) values (237, 'Trudie', 'Creak', '1078425141');
insert into PACIENTI (pacienti_rodcis, pacienti_meno, pacienti_priezvisko, pacienti_telefon) values (238, 'Lindsey', 'Goldston', '5671861824');
insert into PACIENTI (pacienti_rodcis, pacienti_meno, pacienti_priezvisko, pacienti_telefon) values (239, 'Lorenzo', 'Shallcrass', '5147339677');
insert into PACIENTI (pacienti_rodcis, pacienti_meno, pacienti_priezvisko, pacienti_telefon) values (240, 'Guss', 'Morforth', '4473693676');
insert into PACIENTI (pacienti_rodcis, pacienti_meno, pacienti_priezvisko, pacienti_telefon) values (241, 'Derrek', 'Gout', '6238532267');
insert into PACIENTI (pacienti_rodcis, pacienti_meno, pacienti_priezvisko, pacienti_telefon) values (242, 'Kasper', 'Mesias', '9032831911');
insert into PACIENTI (pacienti_rodcis, pacienti_meno, pacienti_priezvisko, pacienti_telefon) values (243, 'Lorraine', 'Tirrey', null);
insert into PACIENTI (pacienti_rodcis, pacienti_meno, pacienti_priezvisko, pacienti_telefon) values (244, 'Beverlie', 'Chasteau', '6903381372');
insert into PACIENTI (pacienti_rodcis, pacienti_meno, pacienti_priezvisko, pacienti_telefon) values (245, 'Josi', 'Winscomb', null);
insert into PACIENTI (pacienti_rodcis, pacienti_meno, pacienti_priezvisko, pacienti_telefon) values (246, 'Blakelee', 'Fruchon', '9794267639');
insert into PACIENTI (pacienti_rodcis, pacienti_meno, pacienti_priezvisko, pacienti_telefon) values (247, 'August', 'Drinan', '6901763926');
insert into PACIENTI (pacienti_rodcis, pacienti_meno, pacienti_priezvisko, pacienti_telefon) values (248, 'Eda', 'Jobern', '4196046832');
insert into PACIENTI (pacienti_rodcis, pacienti_meno, pacienti_priezvisko, pacienti_telefon) values (249, 'Angy', 'Tuffield', '1595041725');
insert into PACIENTI (pacienti_rodcis, pacienti_meno, pacienti_priezvisko, pacienti_telefon) values (250, 'Dolley', 'Blackborough', '1149049096');
insert into PACIENTI (pacienti_rodcis, pacienti_meno, pacienti_priezvisko, pacienti_telefon) values (251, 'Illa', 'Larham', '7379438033');
insert into PACIENTI (pacienti_rodcis, pacienti_meno, pacienti_priezvisko, pacienti_telefon) values (252, 'Allyn', 'Adiscot', '4927244094');
insert into PACIENTI (pacienti_rodcis, pacienti_meno, pacienti_priezvisko, pacienti_telefon) values (253, 'Gerladina', 'Sedman', '2644218231');
insert into PACIENTI (pacienti_rodcis, pacienti_meno, pacienti_priezvisko, pacienti_telefon) values (254, 'Arthur', 'Whistlecraft', '3846252512');
insert into PACIENTI (pacienti_rodcis, pacienti_meno, pacienti_priezvisko, pacienti_telefon) values (255, 'Merrile', 'Aspin', '9461760458');
insert into PACIENTI (pacienti_rodcis, pacienti_meno, pacienti_priezvisko, pacienti_telefon) values (256, 'Baryram', 'Bau', '1266168145');
insert into PACIENTI (pacienti_rodcis, pacienti_meno, pacienti_priezvisko, pacienti_telefon) values (257, 'Durante', 'Oake', '3223551919');
insert into PACIENTI (pacienti_rodcis, pacienti_meno, pacienti_priezvisko, pacienti_telefon) values (258, 'Dory', 'Gurnett', '4291544081');
insert into PACIENTI (pacienti_rodcis, pacienti_meno, pacienti_priezvisko, pacienti_telefon) values (259, 'Herrick', 'Pointing', '4467568053');
insert into PACIENTI (pacienti_rodcis, pacienti_meno, pacienti_priezvisko, pacienti_telefon) values (260, 'Ahmed', 'Isson', '8447430399');
insert into PACIENTI (pacienti_rodcis, pacienti_meno, pacienti_priezvisko, pacienti_telefon) values (261, 'Nathan', 'Benoix', '9998220649');
insert into PACIENTI (pacienti_rodcis, pacienti_meno, pacienti_priezvisko, pacienti_telefon) values (262, 'Amber', 'Poulston', '1441013810');
insert into PACIENTI (pacienti_rodcis, pacienti_meno, pacienti_priezvisko, pacienti_telefon) values (263, 'Stanly', 'McKean', '6143086748');
insert into PACIENTI (pacienti_rodcis, pacienti_meno, pacienti_priezvisko, pacienti_telefon) values (264, 'Gipsy', 'Davey', '4251706931');
insert into PACIENTI (pacienti_rodcis, pacienti_meno, pacienti_priezvisko, pacienti_telefon) values (265, 'Danette', 'Persian', '7068342214');
insert into PACIENTI (pacienti_rodcis, pacienti_meno, pacienti_priezvisko, pacienti_telefon) values (266, 'Ilaire', 'Mellem', '5388671626');
insert into PACIENTI (pacienti_rodcis, pacienti_meno, pacienti_priezvisko, pacienti_telefon) values (267, 'Fleurette', 'Corbett', '8269213332');
insert into PACIENTI (pacienti_rodcis, pacienti_meno, pacienti_priezvisko, pacienti_telefon) values (268, 'Tiffy', 'Weller', '2862111832');
insert into PACIENTI (pacienti_rodcis, pacienti_meno, pacienti_priezvisko, pacienti_telefon) values (269, 'Shari', 'Johnston', '8752848315');
insert into PACIENTI (pacienti_rodcis, pacienti_meno, pacienti_priezvisko, pacienti_telefon) values (270, 'Immanuel', 'De Malchar', '3267585548');
insert into PACIENTI (pacienti_rodcis, pacienti_meno, pacienti_priezvisko, pacienti_telefon) values (271, 'Prissie', 'Silverston', '2539783934');
insert into PACIENTI (pacienti_rodcis, pacienti_meno, pacienti_priezvisko, pacienti_telefon) values (272, 'Roda', 'Towey', '6223180621');
insert into PACIENTI (pacienti_rodcis, pacienti_meno, pacienti_priezvisko, pacienti_telefon) values (273, 'Robinia', 'Deviney', '6658962176');
insert into PACIENTI (pacienti_rodcis, pacienti_meno, pacienti_priezvisko, pacienti_telefon) values (274, 'Stepha', 'Plewman', '3889112336');
insert into PACIENTI (pacienti_rodcis, pacienti_meno, pacienti_priezvisko, pacienti_telefon) values (275, 'Woodman', 'Noton', null);
insert into PACIENTI (pacienti_rodcis, pacienti_meno, pacienti_priezvisko, pacienti_telefon) values (276, 'Alanna', 'Enser', '8336946536');
insert into PACIENTI (pacienti_rodcis, pacienti_meno, pacienti_priezvisko, pacienti_telefon) values (277, 'Hilda', 'Schoroder', null);
insert into PACIENTI (pacienti_rodcis, pacienti_meno, pacienti_priezvisko, pacienti_telefon) values (278, 'Jehanna', 'Winslade', '6073429986');
insert into PACIENTI (pacienti_rodcis, pacienti_meno, pacienti_priezvisko, pacienti_telefon) values (279, 'Farris', 'McClenaghan', '9133747497');
insert into PACIENTI (pacienti_rodcis, pacienti_meno, pacienti_priezvisko, pacienti_telefon) values (280, 'Devin', 'Pheazey', '8599873182');
insert into PACIENTI (pacienti_rodcis, pacienti_meno, pacienti_priezvisko, pacienti_telefon) values (281, 'Conni', 'Infante', '7557540768');
insert into PACIENTI (pacienti_rodcis, pacienti_meno, pacienti_priezvisko, pacienti_telefon) values (282, 'Vicky', 'Tasker', '9946891007');
insert into PACIENTI (pacienti_rodcis, pacienti_meno, pacienti_priezvisko, pacienti_telefon) values (283, 'Anatole', 'Lambol', null);
insert into PACIENTI (pacienti_rodcis, pacienti_meno, pacienti_priezvisko, pacienti_telefon) values (284, 'Alyce', 'Powdrell', '1965064107');
insert into PACIENTI (pacienti_rodcis, pacienti_meno, pacienti_priezvisko, pacienti_telefon) values (285, 'Ardene', 'Cheesman', null);
insert into PACIENTI (pacienti_rodcis, pacienti_meno, pacienti_priezvisko, pacienti_telefon) values (286, 'Claudianus', 'Thunnerclef', '5607207473');
insert into PACIENTI (pacienti_rodcis, pacienti_meno, pacienti_priezvisko, pacienti_telefon) values (287, 'Aldo', 'Rubinovici', '8027720609');
insert into PACIENTI (pacienti_rodcis, pacienti_meno, pacienti_priezvisko, pacienti_telefon) values (288, 'Willey', 'Dreakin', '9328814746');
insert into PACIENTI (pacienti_rodcis, pacienti_meno, pacienti_priezvisko, pacienti_telefon) values (289, 'Jacinda', 'Caseley', '7107641146');
insert into PACIENTI (pacienti_rodcis, pacienti_meno, pacienti_priezvisko, pacienti_telefon) values (290, 'Allard', 'Burling', '7282627822');
insert into PACIENTI (pacienti_rodcis, pacienti_meno, pacienti_priezvisko, pacienti_telefon) values (291, 'Janella', 'Crawforth', '4509126467');
insert into PACIENTI (pacienti_rodcis, pacienti_meno, pacienti_priezvisko, pacienti_telefon) values (292, 'Alaric', 'Gosswell', '4021263499');
insert into PACIENTI (pacienti_rodcis, pacienti_meno, pacienti_priezvisko, pacienti_telefon) values (293, 'Marleah', 'Moehler', '4756810047');
insert into PACIENTI (pacienti_rodcis, pacienti_meno, pacienti_priezvisko, pacienti_telefon) values (294, 'Brana', 'Joslow', '3026927555');
insert into PACIENTI (pacienti_rodcis, pacienti_meno, pacienti_priezvisko, pacienti_telefon) values (295, 'Zach', 'Brickner', null);
insert into PACIENTI (pacienti_rodcis, pacienti_meno, pacienti_priezvisko, pacienti_telefon) values (296, 'Celisse', 'Fuchs', null);
insert into PACIENTI (pacienti_rodcis, pacienti_meno, pacienti_priezvisko, pacienti_telefon) values (297, 'Manny', 'Pashley', null);
insert into PACIENTI (pacienti_rodcis, pacienti_meno, pacienti_priezvisko, pacienti_telefon) values (298, 'Ginni', 'Lindsay', '3018079551');
insert into PACIENTI (pacienti_rodcis, pacienti_meno, pacienti_priezvisko, pacienti_telefon) values (299, 'Engelbert', 'Scarlon', '2251803904');
insert into PACIENTI (pacienti_rodcis, pacienti_meno, pacienti_priezvisko, pacienti_telefon) values (300, 'Barnabas', 'Langhor', '4314125213');
insert into PACIENTI (pacienti_rodcis, pacienti_meno, pacienti_priezvisko, pacienti_telefon) values (301, 'Margie', 'Logie', '1851584117');
insert into PACIENTI (pacienti_rodcis, pacienti_meno, pacienti_priezvisko, pacienti_telefon) values (302, 'Goddart', 'Scholey', '4991856911');
insert into PACIENTI (pacienti_rodcis, pacienti_meno, pacienti_priezvisko, pacienti_telefon) values (303, 'Dedie', 'Obin', '9667971696');
insert into PACIENTI (pacienti_rodcis, pacienti_meno, pacienti_priezvisko, pacienti_telefon) values (304, 'Zollie', 'MacFie', '9524319272');
insert into PACIENTI (pacienti_rodcis, pacienti_meno, pacienti_priezvisko, pacienti_telefon) values (305, 'Izzy', 'Thunderchief', '5367078192');
insert into PACIENTI (pacienti_rodcis, pacienti_meno, pacienti_priezvisko, pacienti_telefon) values (306, 'Sissy', 'Akast', '1854227574');
insert into PACIENTI (pacienti_rodcis, pacienti_meno, pacienti_priezvisko, pacienti_telefon) values (307, 'Peirce', 'Solon', null);
insert into PACIENTI (pacienti_rodcis, pacienti_meno, pacienti_priezvisko, pacienti_telefon) values (308, 'Veda', 'Iorizzo', '9084421153');
insert into PACIENTI (pacienti_rodcis, pacienti_meno, pacienti_priezvisko, pacienti_telefon) values (309, 'Lari', 'Poundsford', '7849934604');
insert into PACIENTI (pacienti_rodcis, pacienti_meno, pacienti_priezvisko, pacienti_telefon) values (310, 'Olivero', 'Plowes', '8182611124');
insert into PACIENTI (pacienti_rodcis, pacienti_meno, pacienti_priezvisko, pacienti_telefon) values (311, 'Federico', 'Bradforth', '2561207342');
insert into PACIENTI (pacienti_rodcis, pacienti_meno, pacienti_priezvisko, pacienti_telefon) values (312, 'Veronica', 'Van der Mark', '7726648616');
insert into PACIENTI (pacienti_rodcis, pacienti_meno, pacienti_priezvisko, pacienti_telefon) values (313, 'Craggie', 'Gilbride', '1835695365');
insert into PACIENTI (pacienti_rodcis, pacienti_meno, pacienti_priezvisko, pacienti_telefon) values (314, 'Dorelle', 'Mars', '1034945705');
insert into PACIENTI (pacienti_rodcis, pacienti_meno, pacienti_priezvisko, pacienti_telefon) values (315, 'Mariellen', 'Beade', '8023213486');
insert into PACIENTI (pacienti_rodcis, pacienti_meno, pacienti_priezvisko, pacienti_telefon) values (316, 'Beth', 'Caplin', '5304981131');
insert into PACIENTI (pacienti_rodcis, pacienti_meno, pacienti_priezvisko, pacienti_telefon) values (317, 'Shellie', 'Macenzy', '4164482326');
insert into PACIENTI (pacienti_rodcis, pacienti_meno, pacienti_priezvisko, pacienti_telefon) values (318, 'Edlin', 'Ciubutaro', '8869245598');
insert into PACIENTI (pacienti_rodcis, pacienti_meno, pacienti_priezvisko, pacienti_telefon) values (319, 'Claus', 'Lambertazzi', '6322538587');
insert into PACIENTI (pacienti_rodcis, pacienti_meno, pacienti_priezvisko, pacienti_telefon) values (320, 'Dorri', 'Metts', '9815467893');
insert into PACIENTI (pacienti_rodcis, pacienti_meno, pacienti_priezvisko, pacienti_telefon) values (321, 'Rockey', 'Fellini', '7576793406');
insert into PACIENTI (pacienti_rodcis, pacienti_meno, pacienti_priezvisko, pacienti_telefon) values (322, 'Heath', 'Hunston', null);
insert into PACIENTI (pacienti_rodcis, pacienti_meno, pacienti_priezvisko, pacienti_telefon) values (323, 'Alfi', 'Willmetts', '7981118087');
insert into PACIENTI (pacienti_rodcis, pacienti_meno, pacienti_priezvisko, pacienti_telefon) values (324, 'Penn', 'Pooley', '5271588509');
insert into PACIENTI (pacienti_rodcis, pacienti_meno, pacienti_priezvisko, pacienti_telefon) values (325, 'Vicki', 'Erwin', '7367593670');
insert into PACIENTI (pacienti_rodcis, pacienti_meno, pacienti_priezvisko, pacienti_telefon) values (326, 'Darla', 'Latey', '3059953744');
insert into PACIENTI (pacienti_rodcis, pacienti_meno, pacienti_priezvisko, pacienti_telefon) values (327, 'Nichols', 'Palfreeman', '6704019536');
insert into PACIENTI (pacienti_rodcis, pacienti_meno, pacienti_priezvisko, pacienti_telefon) values (328, 'Janella', 'Rameaux', '3259375720');
insert into PACIENTI (pacienti_rodcis, pacienti_meno, pacienti_priezvisko, pacienti_telefon) values (329, 'Ramon', 'Ferriman', '4512403987');
insert into PACIENTI (pacienti_rodcis, pacienti_meno, pacienti_priezvisko, pacienti_telefon) values (330, 'Joline', 'Kelledy', '9967846796');
insert into PACIENTI (pacienti_rodcis, pacienti_meno, pacienti_priezvisko, pacienti_telefon) values (331, 'Daphne', 'Fairfull', null);
insert into PACIENTI (pacienti_rodcis, pacienti_meno, pacienti_priezvisko, pacienti_telefon) values (332, 'Saunders', 'Daniely', '5466019805');
insert into PACIENTI (pacienti_rodcis, pacienti_meno, pacienti_priezvisko, pacienti_telefon) values (333, 'Veronike', 'Daley', null);
insert into PACIENTI (pacienti_rodcis, pacienti_meno, pacienti_priezvisko, pacienti_telefon) values (334, 'Iggy', 'Castleman', '1542868316');
insert into PACIENTI (pacienti_rodcis, pacienti_meno, pacienti_priezvisko, pacienti_telefon) values (335, 'Sadye', 'Aymer', null);
insert into PACIENTI (pacienti_rodcis, pacienti_meno, pacienti_priezvisko, pacienti_telefon) values (336, 'Kara-lynn', 'Apfel', '4599737170');
insert into PACIENTI (pacienti_rodcis, pacienti_meno, pacienti_priezvisko, pacienti_telefon) values (337, 'Zachariah', 'Shakespeare', null);
insert into PACIENTI (pacienti_rodcis, pacienti_meno, pacienti_priezvisko, pacienti_telefon) values (338, 'Trudy', 'Burbridge', null);
insert into PACIENTI (pacienti_rodcis, pacienti_meno, pacienti_priezvisko, pacienti_telefon) values (339, 'Cory', 'Onge', '8557359710');
insert into PACIENTI (pacienti_rodcis, pacienti_meno, pacienti_priezvisko, pacienti_telefon) values (340, 'Claretta', 'Edscer', '3403787650');
insert into PACIENTI (pacienti_rodcis, pacienti_meno, pacienti_priezvisko, pacienti_telefon) values (341, 'Alfonse', 'Onions', '1204883647');
insert into PACIENTI (pacienti_rodcis, pacienti_meno, pacienti_priezvisko, pacienti_telefon) values (342, 'Avie', 'Dobeson', '9499256790');
insert into PACIENTI (pacienti_rodcis, pacienti_meno, pacienti_priezvisko, pacienti_telefon) values (343, 'Keven', 'Haffenden', null);
insert into PACIENTI (pacienti_rodcis, pacienti_meno, pacienti_priezvisko, pacienti_telefon) values (344, 'Winonah', 'Jeaneau', null);
insert into PACIENTI (pacienti_rodcis, pacienti_meno, pacienti_priezvisko, pacienti_telefon) values (345, 'Tiffie', 'Brettle', '6216444069');
insert into PACIENTI (pacienti_rodcis, pacienti_meno, pacienti_priezvisko, pacienti_telefon) values (346, 'Natalie', 'Bundock', '6665922696');
insert into PACIENTI (pacienti_rodcis, pacienti_meno, pacienti_priezvisko, pacienti_telefon) values (347, 'Wanids', 'Skeldinge', '9282179893');
insert into PACIENTI (pacienti_rodcis, pacienti_meno, pacienti_priezvisko, pacienti_telefon) values (348, 'Ingeborg', 'Ruller', '3024083275');
insert into PACIENTI (pacienti_rodcis, pacienti_meno, pacienti_priezvisko, pacienti_telefon) values (349, 'Agnella', 'Pappi', '3866811178');
insert into PACIENTI (pacienti_rodcis, pacienti_meno, pacienti_priezvisko, pacienti_telefon) values (350, 'Vickie', 'Chamberlayne', '5978352451');
insert into PACIENTI (pacienti_rodcis, pacienti_meno, pacienti_priezvisko, pacienti_telefon) values (351, 'Chrotoem', 'D''Antonio', '1148066293');
insert into PACIENTI (pacienti_rodcis, pacienti_meno, pacienti_priezvisko, pacienti_telefon) values (352, 'Colin', 'Hedley', '8146092811');
insert into PACIENTI (pacienti_rodcis, pacienti_meno, pacienti_priezvisko, pacienti_telefon) values (353, 'Baudoin', 'McCombe', '8082184212');
insert into PACIENTI (pacienti_rodcis, pacienti_meno, pacienti_priezvisko, pacienti_telefon) values (354, 'Carree', 'Cornelius', '2237529167');
insert into PACIENTI (pacienti_rodcis, pacienti_meno, pacienti_priezvisko, pacienti_telefon) values (355, 'Odelia', 'McGlaughn', '3124039336');
insert into PACIENTI (pacienti_rodcis, pacienti_meno, pacienti_priezvisko, pacienti_telefon) values (356, 'Nicko', 'Mattingly', '8649342761');
insert into PACIENTI (pacienti_rodcis, pacienti_meno, pacienti_priezvisko, pacienti_telefon) values (357, 'Mischa', 'Fosberry', '3438228261');
insert into PACIENTI (pacienti_rodcis, pacienti_meno, pacienti_priezvisko, pacienti_telefon) values (358, 'Fayth', 'Coombes', '4527589273');
insert into PACIENTI (pacienti_rodcis, pacienti_meno, pacienti_priezvisko, pacienti_telefon) values (359, 'Lisa', 'Rushforth', '4578149576');
insert into PACIENTI (pacienti_rodcis, pacienti_meno, pacienti_priezvisko, pacienti_telefon) values (360, 'Tanny', 'Boichat', '8156619995');
insert into PACIENTI (pacienti_rodcis, pacienti_meno, pacienti_priezvisko, pacienti_telefon) values (361, 'Peg', 'Latty', '2123322876');
insert into PACIENTI (pacienti_rodcis, pacienti_meno, pacienti_priezvisko, pacienti_telefon) values (362, 'Willie', 'Drohane', '4334540788');
insert into PACIENTI (pacienti_rodcis, pacienti_meno, pacienti_priezvisko, pacienti_telefon) values (363, 'Delila', 'Halversen', '2735264812');
insert into PACIENTI (pacienti_rodcis, pacienti_meno, pacienti_priezvisko, pacienti_telefon) values (364, 'Christophe', 'Abramino', '6293406599');
insert into PACIENTI (pacienti_rodcis, pacienti_meno, pacienti_priezvisko, pacienti_telefon) values (365, 'Zia', 'McCrackem', '7311400830');
insert into PACIENTI (pacienti_rodcis, pacienti_meno, pacienti_priezvisko, pacienti_telefon) values (366, 'Lamont', 'Dallison', '8973822472');
insert into PACIENTI (pacienti_rodcis, pacienti_meno, pacienti_priezvisko, pacienti_telefon) values (367, 'Mathilde', 'Brookes', '3065456149');
insert into PACIENTI (pacienti_rodcis, pacienti_meno, pacienti_priezvisko, pacienti_telefon) values (368, 'Jessamine', 'Videler', '6553816691');
insert into PACIENTI (pacienti_rodcis, pacienti_meno, pacienti_priezvisko, pacienti_telefon) values (369, 'Francoise', 'Klempke', '8093470657');
insert into PACIENTI (pacienti_rodcis, pacienti_meno, pacienti_priezvisko, pacienti_telefon) values (370, 'Tresa', 'Bagnall', '1796526665');
insert into PACIENTI (pacienti_rodcis, pacienti_meno, pacienti_priezvisko, pacienti_telefon) values (371, 'Reba', 'Baigent', null);
insert into PACIENTI (pacienti_rodcis, pacienti_meno, pacienti_priezvisko, pacienti_telefon) values (372, 'Hortensia', 'Barg', '3875162333');
insert into PACIENTI (pacienti_rodcis, pacienti_meno, pacienti_priezvisko, pacienti_telefon) values (373, 'Tobey', 'Grigoriscu', '6421452998');
insert into PACIENTI (pacienti_rodcis, pacienti_meno, pacienti_priezvisko, pacienti_telefon) values (374, 'Corny', 'Povele', '9794143110');
insert into PACIENTI (pacienti_rodcis, pacienti_meno, pacienti_priezvisko, pacienti_telefon) values (375, 'Inna', 'Boarder', null);
insert into PACIENTI (pacienti_rodcis, pacienti_meno, pacienti_priezvisko, pacienti_telefon) values (376, 'Britney', 'Seys', '8497091090');
insert into PACIENTI (pacienti_rodcis, pacienti_meno, pacienti_priezvisko, pacienti_telefon) values (377, 'Freddy', 'Gadd', '6644474882');
insert into PACIENTI (pacienti_rodcis, pacienti_meno, pacienti_priezvisko, pacienti_telefon) values (378, 'Vinnie', 'Das', '5992330157');
insert into PACIENTI (pacienti_rodcis, pacienti_meno, pacienti_priezvisko, pacienti_telefon) values (379, 'Tana', 'Balaizot', '4232950008');
insert into PACIENTI (pacienti_rodcis, pacienti_meno, pacienti_priezvisko, pacienti_telefon) values (380, 'Michaela', 'Woodall', '2336555522');
insert into PACIENTI (pacienti_rodcis, pacienti_meno, pacienti_priezvisko, pacienti_telefon) values (381, 'Jolee', 'Troctor', '6854748386');
insert into PACIENTI (pacienti_rodcis, pacienti_meno, pacienti_priezvisko, pacienti_telefon) values (382, 'Drusi', 'Crosby', '9872616654');
insert into PACIENTI (pacienti_rodcis, pacienti_meno, pacienti_priezvisko, pacienti_telefon) values (383, 'Cary', 'Harring', '1612485190');
insert into PACIENTI (pacienti_rodcis, pacienti_meno, pacienti_priezvisko, pacienti_telefon) values (384, 'Eli', 'Chiddy', '1969717437');
insert into PACIENTI (pacienti_rodcis, pacienti_meno, pacienti_priezvisko, pacienti_telefon) values (385, 'Adella', 'Adlam', '1783375292');
insert into PACIENTI (pacienti_rodcis, pacienti_meno, pacienti_priezvisko, pacienti_telefon) values (386, 'Aubert', 'Champkin', '6676181900');
insert into PACIENTI (pacienti_rodcis, pacienti_meno, pacienti_priezvisko, pacienti_telefon) values (387, 'Allison', 'Starmore', null);
insert into PACIENTI (pacienti_rodcis, pacienti_meno, pacienti_priezvisko, pacienti_telefon) values (388, 'Lorri', 'Prosch', '3342676430');
insert into PACIENTI (pacienti_rodcis, pacienti_meno, pacienti_priezvisko, pacienti_telefon) values (389, 'Ruthy', 'Windous', '9706144986');
insert into PACIENTI (pacienti_rodcis, pacienti_meno, pacienti_priezvisko, pacienti_telefon) values (390, 'Shayla', 'Newsham', '9501577339');
insert into PACIENTI (pacienti_rodcis, pacienti_meno, pacienti_priezvisko, pacienti_telefon) values (391, 'Joshuah', 'Midgley', '8621142366');
insert into PACIENTI (pacienti_rodcis, pacienti_meno, pacienti_priezvisko, pacienti_telefon) values (392, 'Celisse', 'Chessum', '1417681579');
insert into PACIENTI (pacienti_rodcis, pacienti_meno, pacienti_priezvisko, pacienti_telefon) values (393, 'Ilse', 'Wilkowski', '7882794860');
insert into PACIENTI (pacienti_rodcis, pacienti_meno, pacienti_priezvisko, pacienti_telefon) values (394, 'Arlette', 'Lockwood', '5877183617');
insert into PACIENTI (pacienti_rodcis, pacienti_meno, pacienti_priezvisko, pacienti_telefon) values (395, 'Clair', 'Janeway', '8173515574');
insert into PACIENTI (pacienti_rodcis, pacienti_meno, pacienti_priezvisko, pacienti_telefon) values (396, 'Pauli', 'Reimer', '7185730226');
insert into PACIENTI (pacienti_rodcis, pacienti_meno, pacienti_priezvisko, pacienti_telefon) values (397, 'Elana', 'Danilovitch', '3969550912');
insert into PACIENTI (pacienti_rodcis, pacienti_meno, pacienti_priezvisko, pacienti_telefon) values (398, 'Miriam', 'Chadwyck', '2815896931');
insert into PACIENTI (pacienti_rodcis, pacienti_meno, pacienti_priezvisko, pacienti_telefon) values (399, 'Shalna', 'Jarville', '8728097192');
insert into PACIENTI (pacienti_rodcis, pacienti_meno, pacienti_priezvisko, pacienti_telefon) values (400, 'Ware', 'Collman', '1555693027');
insert into PACIENTI (pacienti_rodcis, pacienti_meno, pacienti_priezvisko, pacienti_telefon) values (401, 'Garvey', 'Portwaine', '6286670289');
insert into PACIENTI (pacienti_rodcis, pacienti_meno, pacienti_priezvisko, pacienti_telefon) values (402, 'Jeanelle', 'Von Welden', '3662619918');
insert into PACIENTI (pacienti_rodcis, pacienti_meno, pacienti_priezvisko, pacienti_telefon) values (403, 'Janeczka', 'Clamp', '7266023477');
insert into PACIENTI (pacienti_rodcis, pacienti_meno, pacienti_priezvisko, pacienti_telefon) values (404, 'Mildred', 'Dobey', '7798218191');
insert into PACIENTI (pacienti_rodcis, pacienti_meno, pacienti_priezvisko, pacienti_telefon) values (405, 'Tad', 'Ackerley', '7889499210');
insert into PACIENTI (pacienti_rodcis, pacienti_meno, pacienti_priezvisko, pacienti_telefon) values (406, 'Lebbie', 'Hiom', '8454770286');
insert into PACIENTI (pacienti_rodcis, pacienti_meno, pacienti_priezvisko, pacienti_telefon) values (407, 'Monti', 'Lars', '5118073996');
insert into PACIENTI (pacienti_rodcis, pacienti_meno, pacienti_priezvisko, pacienti_telefon) values (408, 'Hiram', 'Collisson', '1336634584');
insert into PACIENTI (pacienti_rodcis, pacienti_meno, pacienti_priezvisko, pacienti_telefon) values (409, 'Bernardina', 'Bowra', '8544241466');
insert into PACIENTI (pacienti_rodcis, pacienti_meno, pacienti_priezvisko, pacienti_telefon) values (410, 'Berna', 'Verralls', '5992655850');
insert into PACIENTI (pacienti_rodcis, pacienti_meno, pacienti_priezvisko, pacienti_telefon) values (411, 'Barbette', 'Helliar', '9252749324');
insert into PACIENTI (pacienti_rodcis, pacienti_meno, pacienti_priezvisko, pacienti_telefon) values (412, 'Susanne', 'Mingardo', '2777021092');
insert into PACIENTI (pacienti_rodcis, pacienti_meno, pacienti_priezvisko, pacienti_telefon) values (413, 'Thorsten', 'Aleshkov', '7702173186');
insert into PACIENTI (pacienti_rodcis, pacienti_meno, pacienti_priezvisko, pacienti_telefon) values (414, 'Elita', 'Govenlock', '2596554953');
insert into PACIENTI (pacienti_rodcis, pacienti_meno, pacienti_priezvisko, pacienti_telefon) values (415, 'Sergio', 'Crofts', '1553454623');
insert into PACIENTI (pacienti_rodcis, pacienti_meno, pacienti_priezvisko, pacienti_telefon) values (416, 'Kelsi', 'Lucock', '7246869413');
insert into PACIENTI (pacienti_rodcis, pacienti_meno, pacienti_priezvisko, pacienti_telefon) values (417, 'Dari', 'Chilver', '8795103890');
insert into PACIENTI (pacienti_rodcis, pacienti_meno, pacienti_priezvisko, pacienti_telefon) values (418, 'Demetre', 'Bracken', null);
insert into PACIENTI (pacienti_rodcis, pacienti_meno, pacienti_priezvisko, pacienti_telefon) values (419, 'Delphine', 'Raycroft', '9062392268');
insert into PACIENTI (pacienti_rodcis, pacienti_meno, pacienti_priezvisko, pacienti_telefon) values (420, 'Shauna', 'Sykes', '3006885091');
insert into PACIENTI (pacienti_rodcis, pacienti_meno, pacienti_priezvisko, pacienti_telefon) values (421, 'Louise', 'Heams', '7914299802');
insert into PACIENTI (pacienti_rodcis, pacienti_meno, pacienti_priezvisko, pacienti_telefon) values (422, 'Abelard', 'Bittlestone', '6728827869');
insert into PACIENTI (pacienti_rodcis, pacienti_meno, pacienti_priezvisko, pacienti_telefon) values (423, 'Arleta', 'Donet', '5634356716');
insert into PACIENTI (pacienti_rodcis, pacienti_meno, pacienti_priezvisko, pacienti_telefon) values (424, 'Waiter', 'Suggett', '5647194893');
insert into PACIENTI (pacienti_rodcis, pacienti_meno, pacienti_priezvisko, pacienti_telefon) values (425, 'Maurita', 'Stephenson', null);
insert into PACIENTI (pacienti_rodcis, pacienti_meno, pacienti_priezvisko, pacienti_telefon) values (426, 'Letitia', 'Jochanany', '5553956221');
insert into PACIENTI (pacienti_rodcis, pacienti_meno, pacienti_priezvisko, pacienti_telefon) values (427, 'Nicoli', 'Lambrechts', '1086403541');
insert into PACIENTI (pacienti_rodcis, pacienti_meno, pacienti_priezvisko, pacienti_telefon) values (428, 'Buiron', 'Vassman', '3496327005');
insert into PACIENTI (pacienti_rodcis, pacienti_meno, pacienti_priezvisko, pacienti_telefon) values (429, 'Hartwell', 'Vittel', '7896503884');
insert into PACIENTI (pacienti_rodcis, pacienti_meno, pacienti_priezvisko, pacienti_telefon) values (430, 'Prince', 'Higginbottam', '7839273050');
insert into PACIENTI (pacienti_rodcis, pacienti_meno, pacienti_priezvisko, pacienti_telefon) values (431, 'Goober', 'Bootland', '3013267996');
insert into PACIENTI (pacienti_rodcis, pacienti_meno, pacienti_priezvisko, pacienti_telefon) values (432, 'Marcelline', 'Sirey', '8964558965');
insert into PACIENTI (pacienti_rodcis, pacienti_meno, pacienti_priezvisko, pacienti_telefon) values (433, 'Vicky', 'Kopelman', null);
insert into PACIENTI (pacienti_rodcis, pacienti_meno, pacienti_priezvisko, pacienti_telefon) values (434, 'Giffer', 'Dalliwater', '4202167239');
insert into PACIENTI (pacienti_rodcis, pacienti_meno, pacienti_priezvisko, pacienti_telefon) values (435, 'Angelica', 'Grigoliis', '7352585487');
insert into PACIENTI (pacienti_rodcis, pacienti_meno, pacienti_priezvisko, pacienti_telefon) values (436, 'Mable', 'Donett', '3414967149');
insert into PACIENTI (pacienti_rodcis, pacienti_meno, pacienti_priezvisko, pacienti_telefon) values (437, 'Cherianne', 'Wilkenson', '9972289646');
insert into PACIENTI (pacienti_rodcis, pacienti_meno, pacienti_priezvisko, pacienti_telefon) values (438, 'Dame', 'Greiswood', '7214302456');
insert into PACIENTI (pacienti_rodcis, pacienti_meno, pacienti_priezvisko, pacienti_telefon) values (439, 'Barnett', 'Northedge', '8621423947');
insert into PACIENTI (pacienti_rodcis, pacienti_meno, pacienti_priezvisko, pacienti_telefon) values (440, 'Ronnie', 'Spencley', '7958996544');
insert into PACIENTI (pacienti_rodcis, pacienti_meno, pacienti_priezvisko, pacienti_telefon) values (441, 'Rebe', 'Briance', '8503694384');
insert into PACIENTI (pacienti_rodcis, pacienti_meno, pacienti_priezvisko, pacienti_telefon) values (442, 'Temple', 'Febry', '9166845635');
insert into PACIENTI (pacienti_rodcis, pacienti_meno, pacienti_priezvisko, pacienti_telefon) values (443, 'Morey', 'O''Corren', '6298371891');
insert into PACIENTI (pacienti_rodcis, pacienti_meno, pacienti_priezvisko, pacienti_telefon) values (444, 'Ogdan', 'Goddard', '9807360651');
insert into PACIENTI (pacienti_rodcis, pacienti_meno, pacienti_priezvisko, pacienti_telefon) values (445, 'Mufi', 'Klimkowski', '7944665682');
insert into PACIENTI (pacienti_rodcis, pacienti_meno, pacienti_priezvisko, pacienti_telefon) values (446, 'Elysia', 'Siggers', '7209676186');
insert into PACIENTI (pacienti_rodcis, pacienti_meno, pacienti_priezvisko, pacienti_telefon) values (447, 'Seumas', 'Delf', '3471254047');
insert into PACIENTI (pacienti_rodcis, pacienti_meno, pacienti_priezvisko, pacienti_telefon) values (448, 'Darill', 'Dobkin', '2938657746');
insert into PACIENTI (pacienti_rodcis, pacienti_meno, pacienti_priezvisko, pacienti_telefon) values (449, 'Cloris', 'Klauber', '7284656495');
insert into PACIENTI (pacienti_rodcis, pacienti_meno, pacienti_priezvisko, pacienti_telefon) values (450, 'Vinnie', 'Pine', '6267988095');
insert into PACIENTI (pacienti_rodcis, pacienti_meno, pacienti_priezvisko, pacienti_telefon) values (451, 'Rollin', 'Eriksson', '5438097378');
insert into PACIENTI (pacienti_rodcis, pacienti_meno, pacienti_priezvisko, pacienti_telefon) values (452, 'Faustina', 'Maddigan', '5409263203');
insert into PACIENTI (pacienti_rodcis, pacienti_meno, pacienti_priezvisko, pacienti_telefon) values (453, 'Dorena', 'Diamond', '8148443473');
insert into PACIENTI (pacienti_rodcis, pacienti_meno, pacienti_priezvisko, pacienti_telefon) values (454, 'Cortie', 'Viscovi', '6179517991');
insert into PACIENTI (pacienti_rodcis, pacienti_meno, pacienti_priezvisko, pacienti_telefon) values (455, 'Elna', 'Sybe', null);
insert into PACIENTI (pacienti_rodcis, pacienti_meno, pacienti_priezvisko, pacienti_telefon) values (456, 'Aimil', 'Malarkey', '3943692237');
insert into PACIENTI (pacienti_rodcis, pacienti_meno, pacienti_priezvisko, pacienti_telefon) values (457, 'Glynnis', 'Sumpton', '9945949526');
insert into PACIENTI (pacienti_rodcis, pacienti_meno, pacienti_priezvisko, pacienti_telefon) values (458, 'Tony', 'Foxworthy', '1288395846');
insert into PACIENTI (pacienti_rodcis, pacienti_meno, pacienti_priezvisko, pacienti_telefon) values (459, 'Raquel', 'Blaszkiewicz', '6477091980');
insert into PACIENTI (pacienti_rodcis, pacienti_meno, pacienti_priezvisko, pacienti_telefon) values (460, 'Dyann', 'Hedger', '7159437739');
insert into PACIENTI (pacienti_rodcis, pacienti_meno, pacienti_priezvisko, pacienti_telefon) values (461, 'Devan', 'Climie', '7043427161');
insert into PACIENTI (pacienti_rodcis, pacienti_meno, pacienti_priezvisko, pacienti_telefon) values (462, 'Moise', 'Hull', '8153281276');
insert into PACIENTI (pacienti_rodcis, pacienti_meno, pacienti_priezvisko, pacienti_telefon) values (463, 'Livvyy', 'Hedney', '6492976591');
insert into PACIENTI (pacienti_rodcis, pacienti_meno, pacienti_priezvisko, pacienti_telefon) values (464, 'Cass', 'Nasi', '6386124821');
insert into PACIENTI (pacienti_rodcis, pacienti_meno, pacienti_priezvisko, pacienti_telefon) values (465, 'Viviana', 'Cantillon', '2534859661');
insert into PACIENTI (pacienti_rodcis, pacienti_meno, pacienti_priezvisko, pacienti_telefon) values (466, 'Iolande', 'Tinklin', '1049005927');
insert into PACIENTI (pacienti_rodcis, pacienti_meno, pacienti_priezvisko, pacienti_telefon) values (467, 'Ulrica', 'Pidgley', '3671184448');
insert into PACIENTI (pacienti_rodcis, pacienti_meno, pacienti_priezvisko, pacienti_telefon) values (468, 'Karita', 'Hammerson', '5199544441');
insert into PACIENTI (pacienti_rodcis, pacienti_meno, pacienti_priezvisko, pacienti_telefon) values (469, 'Linea', 'Ibbs', '2027627942');
insert into PACIENTI (pacienti_rodcis, pacienti_meno, pacienti_priezvisko, pacienti_telefon) values (470, 'Ardath', 'Harverson', '3133397589');
insert into PACIENTI (pacienti_rodcis, pacienti_meno, pacienti_priezvisko, pacienti_telefon) values (471, 'Irwin', 'Fowlston', '9389736050');
insert into PACIENTI (pacienti_rodcis, pacienti_meno, pacienti_priezvisko, pacienti_telefon) values (472, 'Natal', 'Bottinelli', '4885894645');
insert into PACIENTI (pacienti_rodcis, pacienti_meno, pacienti_priezvisko, pacienti_telefon) values (473, 'Carlyle', 'Creeghan', '7933363320');
insert into PACIENTI (pacienti_rodcis, pacienti_meno, pacienti_priezvisko, pacienti_telefon) values (474, 'Wolf', 'Brumpton', '3563069310');
insert into PACIENTI (pacienti_rodcis, pacienti_meno, pacienti_priezvisko, pacienti_telefon) values (475, 'Myca', 'Collington', '2369847570');
insert into PACIENTI (pacienti_rodcis, pacienti_meno, pacienti_priezvisko, pacienti_telefon) values (476, 'Laurence', 'O''Sheeryne', '4662267964');
insert into PACIENTI (pacienti_rodcis, pacienti_meno, pacienti_priezvisko, pacienti_telefon) values (477, 'Tab', 'Zamora', '1871739505');
insert into PACIENTI (pacienti_rodcis, pacienti_meno, pacienti_priezvisko, pacienti_telefon) values (478, 'Nicolis', 'Seelbach', '7055258319');
insert into PACIENTI (pacienti_rodcis, pacienti_meno, pacienti_priezvisko, pacienti_telefon) values (479, 'Michel', 'Headly', '9177652980');
insert into PACIENTI (pacienti_rodcis, pacienti_meno, pacienti_priezvisko, pacienti_telefon) values (480, 'Ichabod', 'Roads', '5881529795');
insert into PACIENTI (pacienti_rodcis, pacienti_meno, pacienti_priezvisko, pacienti_telefon) values (481, 'Jackie', 'Madine', '5397414435');
insert into PACIENTI (pacienti_rodcis, pacienti_meno, pacienti_priezvisko, pacienti_telefon) values (482, 'Tracy', 'Roman', '7821525916');
insert into PACIENTI (pacienti_rodcis, pacienti_meno, pacienti_priezvisko, pacienti_telefon) values (483, 'Hershel', 'Zorzenoni', '6022113218');
insert into PACIENTI (pacienti_rodcis, pacienti_meno, pacienti_priezvisko, pacienti_telefon) values (484, 'Dari', 'Colquite', '5635287216');
insert into PACIENTI (pacienti_rodcis, pacienti_meno, pacienti_priezvisko, pacienti_telefon) values (485, 'Otis', 'Campey', '4378390208');
insert into PACIENTI (pacienti_rodcis, pacienti_meno, pacienti_priezvisko, pacienti_telefon) values (486, 'Herbie', 'Hayford', '9405194405');
insert into PACIENTI (pacienti_rodcis, pacienti_meno, pacienti_priezvisko, pacienti_telefon) values (487, 'Theodosia', 'Wason', null);
insert into PACIENTI (pacienti_rodcis, pacienti_meno, pacienti_priezvisko, pacienti_telefon) values (488, 'Dewie', 'De Lacey', '6512668102');
insert into PACIENTI (pacienti_rodcis, pacienti_meno, pacienti_priezvisko, pacienti_telefon) values (489, 'Gussie', 'Deesly', '1911137976');
insert into PACIENTI (pacienti_rodcis, pacienti_meno, pacienti_priezvisko, pacienti_telefon) values (490, 'Ryann', 'McCrie', '6051768621');
insert into PACIENTI (pacienti_rodcis, pacienti_meno, pacienti_priezvisko, pacienti_telefon) values (491, 'Enoch', 'Pollock', '4595692104');
insert into PACIENTI (pacienti_rodcis, pacienti_meno, pacienti_priezvisko, pacienti_telefon) values (492, 'Jany', 'Dews', '2049853719');
insert into PACIENTI (pacienti_rodcis, pacienti_meno, pacienti_priezvisko, pacienti_telefon) values (493, 'Dwight', 'Witcomb', '1072713015');
insert into PACIENTI (pacienti_rodcis, pacienti_meno, pacienti_priezvisko, pacienti_telefon) values (494, 'Cyb', 'Gyurkovics', '7075772417');
insert into PACIENTI (pacienti_rodcis, pacienti_meno, pacienti_priezvisko, pacienti_telefon) values (495, 'Pauli', 'Pachta', '9608854453');
insert into PACIENTI (pacienti_rodcis, pacienti_meno, pacienti_priezvisko, pacienti_telefon) values (496, 'Den', 'Creenan', '7171259963');
insert into PACIENTI (pacienti_rodcis, pacienti_meno, pacienti_priezvisko, pacienti_telefon) values (497, 'Rosaline', 'Schankelborg', '8878548782');
insert into PACIENTI (pacienti_rodcis, pacienti_meno, pacienti_priezvisko, pacienti_telefon) values (498, 'Thaine', 'Brattell', '1788463825');
insert into PACIENTI (pacienti_rodcis, pacienti_meno, pacienti_priezvisko, pacienti_telefon) values (499, 'Almira', 'Franck', null);
insert into PACIENTI (pacienti_rodcis, pacienti_meno, pacienti_priezvisko, pacienti_telefon) values (500, 'Stinky', 'MacRedmond', '5167391065');

insert into LEK_PAC (LEKARI_lekari_id, Pacienti_pacienti_rodcis) values (78, 203);
insert into LEK_PAC (LEKARI_lekari_id, Pacienti_pacienti_rodcis) values (296, 212);
insert into LEK_PAC (LEKARI_lekari_id, Pacienti_pacienti_rodcis) values (38, 447);
insert into LEK_PAC (LEKARI_lekari_id, Pacienti_pacienti_rodcis) values (193, 246);
insert into LEK_PAC (LEKARI_lekari_id, Pacienti_pacienti_rodcis) values (101, 17);
insert into LEK_PAC (LEKARI_lekari_id, Pacienti_pacienti_rodcis) values (147, 476);
insert into LEK_PAC (LEKARI_lekari_id, Pacienti_pacienti_rodcis) values (187, 384);
insert into LEK_PAC (LEKARI_lekari_id, Pacienti_pacienti_rodcis) values (161, 123);
insert into LEK_PAC (LEKARI_lekari_id, Pacienti_pacienti_rodcis) values (268, 60);
insert into LEK_PAC (LEKARI_lekari_id, Pacienti_pacienti_rodcis) values (243, 247);
insert into LEK_PAC (LEKARI_lekari_id, Pacienti_pacienti_rodcis) values (163, 447);
insert into LEK_PAC (LEKARI_lekari_id, Pacienti_pacienti_rodcis) values (148, 174);
insert into LEK_PAC (LEKARI_lekari_id, Pacienti_pacienti_rodcis) values (269, 205);
insert into LEK_PAC (LEKARI_lekari_id, Pacienti_pacienti_rodcis) values (269, 118);
insert into LEK_PAC (LEKARI_lekari_id, Pacienti_pacienti_rodcis) values (134, 234);
insert into LEK_PAC (LEKARI_lekari_id, Pacienti_pacienti_rodcis) values (58, 149);
insert into LEK_PAC (LEKARI_lekari_id, Pacienti_pacienti_rodcis) values (264, 471);
insert into LEK_PAC (LEKARI_lekari_id, Pacienti_pacienti_rodcis) values (54, 106);
insert into LEK_PAC (LEKARI_lekari_id, Pacienti_pacienti_rodcis) values (181, 426);
insert into LEK_PAC (LEKARI_lekari_id, Pacienti_pacienti_rodcis) values (75, 270);
insert into LEK_PAC (LEKARI_lekari_id, Pacienti_pacienti_rodcis) values (175, 45);
insert into LEK_PAC (LEKARI_lekari_id, Pacienti_pacienti_rodcis) values (77, 492);
insert into LEK_PAC (LEKARI_lekari_id, Pacienti_pacienti_rodcis) values (252, 2);
insert into LEK_PAC (LEKARI_lekari_id, Pacienti_pacienti_rodcis) values (34, 423);
insert into LEK_PAC (LEKARI_lekari_id, Pacienti_pacienti_rodcis) values (93, 324);
insert into LEK_PAC (LEKARI_lekari_id, Pacienti_pacienti_rodcis) values (99, 62);
insert into LEK_PAC (LEKARI_lekari_id, Pacienti_pacienti_rodcis) values (162, 494);
insert into LEK_PAC (LEKARI_lekari_id, Pacienti_pacienti_rodcis) values (23, 352);
insert into LEK_PAC (LEKARI_lekari_id, Pacienti_pacienti_rodcis) values (133, 159);
insert into LEK_PAC (LEKARI_lekari_id, Pacienti_pacienti_rodcis) values (94, 101);
insert into LEK_PAC (LEKARI_lekari_id, Pacienti_pacienti_rodcis) values (12, 125);
insert into LEK_PAC (LEKARI_lekari_id, Pacienti_pacienti_rodcis) values (125, 17);
insert into LEK_PAC (LEKARI_lekari_id, Pacienti_pacienti_rodcis) values (82, 449);
insert into LEK_PAC (LEKARI_lekari_id, Pacienti_pacienti_rodcis) values (25, 404);
insert into LEK_PAC (LEKARI_lekari_id, Pacienti_pacienti_rodcis) values (231, 411);
insert into LEK_PAC (LEKARI_lekari_id, Pacienti_pacienti_rodcis) values (217, 89);
insert into LEK_PAC (LEKARI_lekari_id, Pacienti_pacienti_rodcis) values (3, 329);
insert into LEK_PAC (LEKARI_lekari_id, Pacienti_pacienti_rodcis) values (99, 56);
insert into LEK_PAC (LEKARI_lekari_id, Pacienti_pacienti_rodcis) values (49, 242);
insert into LEK_PAC (LEKARI_lekari_id, Pacienti_pacienti_rodcis) values (107, 253);
insert into LEK_PAC (LEKARI_lekari_id, Pacienti_pacienti_rodcis) values (58, 129);
insert into LEK_PAC (LEKARI_lekari_id, Pacienti_pacienti_rodcis) values (107, 99);
insert into LEK_PAC (LEKARI_lekari_id, Pacienti_pacienti_rodcis) values (234, 23);
insert into LEK_PAC (LEKARI_lekari_id, Pacienti_pacienti_rodcis) values (223, 444);
insert into LEK_PAC (LEKARI_lekari_id, Pacienti_pacienti_rodcis) values (260, 185);
insert into LEK_PAC (LEKARI_lekari_id, Pacienti_pacienti_rodcis) values (275, 213);
insert into LEK_PAC (LEKARI_lekari_id, Pacienti_pacienti_rodcis) values (256, 137);
insert into LEK_PAC (LEKARI_lekari_id, Pacienti_pacienti_rodcis) values (165, 261);
insert into LEK_PAC (LEKARI_lekari_id, Pacienti_pacienti_rodcis) values (160, 406);
insert into LEK_PAC (LEKARI_lekari_id, Pacienti_pacienti_rodcis) values (233, 29);
insert into LEK_PAC (LEKARI_lekari_id, Pacienti_pacienti_rodcis) values (235, 140);
insert into LEK_PAC (LEKARI_lekari_id, Pacienti_pacienti_rodcis) values (295, 115);
insert into LEK_PAC (LEKARI_lekari_id, Pacienti_pacienti_rodcis) values (256, 439);
insert into LEK_PAC (LEKARI_lekari_id, Pacienti_pacienti_rodcis) values (259, 173);
insert into LEK_PAC (LEKARI_lekari_id, Pacienti_pacienti_rodcis) values (29, 10);
insert into LEK_PAC (LEKARI_lekari_id, Pacienti_pacienti_rodcis) values (102, 177);
insert into LEK_PAC (LEKARI_lekari_id, Pacienti_pacienti_rodcis) values (155, 248);
insert into LEK_PAC (LEKARI_lekari_id, Pacienti_pacienti_rodcis) values (19, 232);
insert into LEK_PAC (LEKARI_lekari_id, Pacienti_pacienti_rodcis) values (59, 455);
insert into LEK_PAC (LEKARI_lekari_id, Pacienti_pacienti_rodcis) values (176, 453);
insert into LEK_PAC (LEKARI_lekari_id, Pacienti_pacienti_rodcis) values (95, 284);
insert into LEK_PAC (LEKARI_lekari_id, Pacienti_pacienti_rodcis) values (78, 257);
insert into LEK_PAC (LEKARI_lekari_id, Pacienti_pacienti_rodcis) values (289, 301);
insert into LEK_PAC (LEKARI_lekari_id, Pacienti_pacienti_rodcis) values (228, 283);
insert into LEK_PAC (LEKARI_lekari_id, Pacienti_pacienti_rodcis) values (163, 140);
insert into LEK_PAC (LEKARI_lekari_id, Pacienti_pacienti_rodcis) values (113, 22);
insert into LEK_PAC (LEKARI_lekari_id, Pacienti_pacienti_rodcis) values (226, 384);
insert into LEK_PAC (LEKARI_lekari_id, Pacienti_pacienti_rodcis) values (83, 291);
insert into LEK_PAC (LEKARI_lekari_id, Pacienti_pacienti_rodcis) values (110, 79);
insert into LEK_PAC (LEKARI_lekari_id, Pacienti_pacienti_rodcis) values (277, 479);
insert into LEK_PAC (LEKARI_lekari_id, Pacienti_pacienti_rodcis) values (57, 74);
insert into LEK_PAC (LEKARI_lekari_id, Pacienti_pacienti_rodcis) values (149, 392);
insert into LEK_PAC (LEKARI_lekari_id, Pacienti_pacienti_rodcis) values (172, 325);
insert into LEK_PAC (LEKARI_lekari_id, Pacienti_pacienti_rodcis) values (12, 178);
insert into LEK_PAC (LEKARI_lekari_id, Pacienti_pacienti_rodcis) values (252, 266);
insert into LEK_PAC (LEKARI_lekari_id, Pacienti_pacienti_rodcis) values (80, 471);
insert into LEK_PAC (LEKARI_lekari_id, Pacienti_pacienti_rodcis) values (70, 125);
insert into LEK_PAC (LEKARI_lekari_id, Pacienti_pacienti_rodcis) values (117, 481);
insert into LEK_PAC (LEKARI_lekari_id, Pacienti_pacienti_rodcis) values (224, 181);
insert into LEK_PAC (LEKARI_lekari_id, Pacienti_pacienti_rodcis) values (177, 375);
insert into LEK_PAC (LEKARI_lekari_id, Pacienti_pacienti_rodcis) values (58, 495);
insert into LEK_PAC (LEKARI_lekari_id, Pacienti_pacienti_rodcis) values (27, 376);
insert into LEK_PAC (LEKARI_lekari_id, Pacienti_pacienti_rodcis) values (292, 31);
insert into LEK_PAC (LEKARI_lekari_id, Pacienti_pacienti_rodcis) values (251, 330);
insert into LEK_PAC (LEKARI_lekari_id, Pacienti_pacienti_rodcis) values (261, 146);
insert into LEK_PAC (LEKARI_lekari_id, Pacienti_pacienti_rodcis) values (68, 385);
insert into LEK_PAC (LEKARI_lekari_id, Pacienti_pacienti_rodcis) values (239, 35);
insert into LEK_PAC (LEKARI_lekari_id, Pacienti_pacienti_rodcis) values (58, 352);
insert into LEK_PAC (LEKARI_lekari_id, Pacienti_pacienti_rodcis) values (111, 49);
insert into LEK_PAC (LEKARI_lekari_id, Pacienti_pacienti_rodcis) values (97, 62);
insert into LEK_PAC (LEKARI_lekari_id, Pacienti_pacienti_rodcis) values (145, 444);
insert into LEK_PAC (LEKARI_lekari_id, Pacienti_pacienti_rodcis) values (23, 367);
insert into LEK_PAC (LEKARI_lekari_id, Pacienti_pacienti_rodcis) values (61, 194);
insert into LEK_PAC (LEKARI_lekari_id, Pacienti_pacienti_rodcis) values (169, 271);
insert into LEK_PAC (LEKARI_lekari_id, Pacienti_pacienti_rodcis) values (154, 391);
insert into LEK_PAC (LEKARI_lekari_id, Pacienti_pacienti_rodcis) values (170, 259);
insert into LEK_PAC (LEKARI_lekari_id, Pacienti_pacienti_rodcis) values (60, 47);
insert into LEK_PAC (LEKARI_lekari_id, Pacienti_pacienti_rodcis) values (147, 127);
insert into LEK_PAC (LEKARI_lekari_id, Pacienti_pacienti_rodcis) values (277, 242);
insert into LEK_PAC (LEKARI_lekari_id, Pacienti_pacienti_rodcis) values (86, 466);
insert into LEK_PAC (LEKARI_lekari_id, Pacienti_pacienti_rodcis) values (23, 326);
insert into LEK_PAC (LEKARI_lekari_id, Pacienti_pacienti_rodcis) values (147, 370);
insert into LEK_PAC (LEKARI_lekari_id, Pacienti_pacienti_rodcis) values (221, 8);
insert into LEK_PAC (LEKARI_lekari_id, Pacienti_pacienti_rodcis) values (252, 279);
insert into LEK_PAC (LEKARI_lekari_id, Pacienti_pacienti_rodcis) values (196, 90);
insert into LEK_PAC (LEKARI_lekari_id, Pacienti_pacienti_rodcis) values (292, 200);
insert into LEK_PAC (LEKARI_lekari_id, Pacienti_pacienti_rodcis) values (196, 404);
insert into LEK_PAC (LEKARI_lekari_id, Pacienti_pacienti_rodcis) values (258, 225);
insert into LEK_PAC (LEKARI_lekari_id, Pacienti_pacienti_rodcis) values (25, 133);
insert into LEK_PAC (LEKARI_lekari_id, Pacienti_pacienti_rodcis) values (154, 376);
insert into LEK_PAC (LEKARI_lekari_id, Pacienti_pacienti_rodcis) values (59, 341);
insert into LEK_PAC (LEKARI_lekari_id, Pacienti_pacienti_rodcis) values (37, 79);
insert into LEK_PAC (LEKARI_lekari_id, Pacienti_pacienti_rodcis) values (199, 186);
insert into LEK_PAC (LEKARI_lekari_id, Pacienti_pacienti_rodcis) values (229, 93);
insert into LEK_PAC (LEKARI_lekari_id, Pacienti_pacienti_rodcis) values (232, 395);
insert into LEK_PAC (LEKARI_lekari_id, Pacienti_pacienti_rodcis) values (78, 60);
insert into LEK_PAC (LEKARI_lekari_id, Pacienti_pacienti_rodcis) values (264, 376);
insert into LEK_PAC (LEKARI_lekari_id, Pacienti_pacienti_rodcis) values (199, 55);
insert into LEK_PAC (LEKARI_lekari_id, Pacienti_pacienti_rodcis) values (194, 136);
insert into LEK_PAC (LEKARI_lekari_id, Pacienti_pacienti_rodcis) values (209, 128);
insert into LEK_PAC (LEKARI_lekari_id, Pacienti_pacienti_rodcis) values (126, 343);
insert into LEK_PAC (LEKARI_lekari_id, Pacienti_pacienti_rodcis) values (143, 419);
insert into LEK_PAC (LEKARI_lekari_id, Pacienti_pacienti_rodcis) values (165, 225);
insert into LEK_PAC (LEKARI_lekari_id, Pacienti_pacienti_rodcis) values (161, 484);
insert into LEK_PAC (LEKARI_lekari_id, Pacienti_pacienti_rodcis) values (76, 413);
insert into LEK_PAC (LEKARI_lekari_id, Pacienti_pacienti_rodcis) values (160, 127);
insert into LEK_PAC (LEKARI_lekari_id, Pacienti_pacienti_rodcis) values (118, 421);
insert into LEK_PAC (LEKARI_lekari_id, Pacienti_pacienti_rodcis) values (283, 234);
insert into LEK_PAC (LEKARI_lekari_id, Pacienti_pacienti_rodcis) values (79, 378);
insert into LEK_PAC (LEKARI_lekari_id, Pacienti_pacienti_rodcis) values (166, 157);
insert into LEK_PAC (LEKARI_lekari_id, Pacienti_pacienti_rodcis) values (95, 329);
insert into LEK_PAC (LEKARI_lekari_id, Pacienti_pacienti_rodcis) values (1, 484);
insert into LEK_PAC (LEKARI_lekari_id, Pacienti_pacienti_rodcis) values (154, 119);
insert into LEK_PAC (LEKARI_lekari_id, Pacienti_pacienti_rodcis) values (247, 174);
insert into LEK_PAC (LEKARI_lekari_id, Pacienti_pacienti_rodcis) values (141, 190);
insert into LEK_PAC (LEKARI_lekari_id, Pacienti_pacienti_rodcis) values (69, 118);
insert into LEK_PAC (LEKARI_lekari_id, Pacienti_pacienti_rodcis) values (53, 269);
insert into LEK_PAC (LEKARI_lekari_id, Pacienti_pacienti_rodcis) values (151, 499);
insert into LEK_PAC (LEKARI_lekari_id, Pacienti_pacienti_rodcis) values (192, 369);
insert into LEK_PAC (LEKARI_lekari_id, Pacienti_pacienti_rodcis) values (62, 183);
insert into LEK_PAC (LEKARI_lekari_id, Pacienti_pacienti_rodcis) values (268, 411);
insert into LEK_PAC (LEKARI_lekari_id, Pacienti_pacienti_rodcis) values (84, 149);
insert into LEK_PAC (LEKARI_lekari_id, Pacienti_pacienti_rodcis) values (43, 300);
insert into LEK_PAC (LEKARI_lekari_id, Pacienti_pacienti_rodcis) values (236, 468);
insert into LEK_PAC (LEKARI_lekari_id, Pacienti_pacienti_rodcis) values (258, 45);
insert into LEK_PAC (LEKARI_lekari_id, Pacienti_pacienti_rodcis) values (183, 379);
insert into LEK_PAC (LEKARI_lekari_id, Pacienti_pacienti_rodcis) values (259, 240);
insert into LEK_PAC (LEKARI_lekari_id, Pacienti_pacienti_rodcis) values (138, 143);
insert into LEK_PAC (LEKARI_lekari_id, Pacienti_pacienti_rodcis) values (210, 258);
insert into LEK_PAC (LEKARI_lekari_id, Pacienti_pacienti_rodcis) values (218, 407);
insert into LEK_PAC (LEKARI_lekari_id, Pacienti_pacienti_rodcis) values (293, 483);
insert into LEK_PAC (LEKARI_lekari_id, Pacienti_pacienti_rodcis) values (281, 307);
insert into LEK_PAC (LEKARI_lekari_id, Pacienti_pacienti_rodcis) values (127, 233);
insert into LEK_PAC (LEKARI_lekari_id, Pacienti_pacienti_rodcis) values (253, 201);
insert into LEK_PAC (LEKARI_lekari_id, Pacienti_pacienti_rodcis) values (286, 353);
insert into LEK_PAC (LEKARI_lekari_id, Pacienti_pacienti_rodcis) values (154, 384);
insert into LEK_PAC (LEKARI_lekari_id, Pacienti_pacienti_rodcis) values (112, 441);
insert into LEK_PAC (LEKARI_lekari_id, Pacienti_pacienti_rodcis) values (269, 334);
insert into LEK_PAC (LEKARI_lekari_id, Pacienti_pacienti_rodcis) values (200, 184);
insert into LEK_PAC (LEKARI_lekari_id, Pacienti_pacienti_rodcis) values (208, 326);
insert into LEK_PAC (LEKARI_lekari_id, Pacienti_pacienti_rodcis) values (216, 412);
insert into LEK_PAC (LEKARI_lekari_id, Pacienti_pacienti_rodcis) values (188, 86);
insert into LEK_PAC (LEKARI_lekari_id, Pacienti_pacienti_rodcis) values (98, 69);
insert into LEK_PAC (LEKARI_lekari_id, Pacienti_pacienti_rodcis) values (172, 220);
insert into LEK_PAC (LEKARI_lekari_id, Pacienti_pacienti_rodcis) values (178, 342);
insert into LEK_PAC (LEKARI_lekari_id, Pacienti_pacienti_rodcis) values (129, 89);
insert into LEK_PAC (LEKARI_lekari_id, Pacienti_pacienti_rodcis) values (158, 208);
insert into LEK_PAC (LEKARI_lekari_id, Pacienti_pacienti_rodcis) values (145, 246);
insert into LEK_PAC (LEKARI_lekari_id, Pacienti_pacienti_rodcis) values (252, 321);
insert into LEK_PAC (LEKARI_lekari_id, Pacienti_pacienti_rodcis) values (125, 368);
insert into LEK_PAC (LEKARI_lekari_id, Pacienti_pacienti_rodcis) values (13, 330);
insert into LEK_PAC (LEKARI_lekari_id, Pacienti_pacienti_rodcis) values (249, 20);
insert into LEK_PAC (LEKARI_lekari_id, Pacienti_pacienti_rodcis) values (243, 301);
insert into LEK_PAC (LEKARI_lekari_id, Pacienti_pacienti_rodcis) values (262, 497);
insert into LEK_PAC (LEKARI_lekari_id, Pacienti_pacienti_rodcis) values (32, 128);
insert into LEK_PAC (LEKARI_lekari_id, Pacienti_pacienti_rodcis) values (191, 41);
insert into LEK_PAC (LEKARI_lekari_id, Pacienti_pacienti_rodcis) values (260, 287);
insert into LEK_PAC (LEKARI_lekari_id, Pacienti_pacienti_rodcis) values (150, 61);
insert into LEK_PAC (LEKARI_lekari_id, Pacienti_pacienti_rodcis) values (146, 98);
insert into LEK_PAC (LEKARI_lekari_id, Pacienti_pacienti_rodcis) values (177, 454);
insert into LEK_PAC (LEKARI_lekari_id, Pacienti_pacienti_rodcis) values (263, 84);
insert into LEK_PAC (LEKARI_lekari_id, Pacienti_pacienti_rodcis) values (32, 172);
insert into LEK_PAC (LEKARI_lekari_id, Pacienti_pacienti_rodcis) values (79, 312);
insert into LEK_PAC (LEKARI_lekari_id, Pacienti_pacienti_rodcis) values (201, 438);
insert into LEK_PAC (LEKARI_lekari_id, Pacienti_pacienti_rodcis) values (107, 418);
insert into LEK_PAC (LEKARI_lekari_id, Pacienti_pacienti_rodcis) values (208, 461);
insert into LEK_PAC (LEKARI_lekari_id, Pacienti_pacienti_rodcis) values (227, 322);
insert into LEK_PAC (LEKARI_lekari_id, Pacienti_pacienti_rodcis) values (170, 317);
insert into LEK_PAC (LEKARI_lekari_id, Pacienti_pacienti_rodcis) values (123, 128);
insert into LEK_PAC (LEKARI_lekari_id, Pacienti_pacienti_rodcis) values (163, 225);
insert into LEK_PAC (LEKARI_lekari_id, Pacienti_pacienti_rodcis) values (208, 343);
insert into LEK_PAC (LEKARI_lekari_id, Pacienti_pacienti_rodcis) values (171, 147);
insert into LEK_PAC (LEKARI_lekari_id, Pacienti_pacienti_rodcis) values (224, 324);
insert into LEK_PAC (LEKARI_lekari_id, Pacienti_pacienti_rodcis) values (262, 489);
insert into LEK_PAC (LEKARI_lekari_id, Pacienti_pacienti_rodcis) values (48, 57);
insert into LEK_PAC (LEKARI_lekari_id, Pacienti_pacienti_rodcis) values (76, 403);
insert into LEK_PAC (LEKARI_lekari_id, Pacienti_pacienti_rodcis) values (82, 327);
insert into LEK_PAC (LEKARI_lekari_id, Pacienti_pacienti_rodcis) values (20, 340);
insert into LEK_PAC (LEKARI_lekari_id, Pacienti_pacienti_rodcis) values (194, 223);
insert into LEK_PAC (LEKARI_lekari_id, Pacienti_pacienti_rodcis) values (67, 160);
insert into LEK_PAC (LEKARI_lekari_id, Pacienti_pacienti_rodcis) values (179, 78);
insert into LEK_PAC (LEKARI_lekari_id, Pacienti_pacienti_rodcis) values (203, 465);
insert into LEK_PAC (LEKARI_lekari_id, Pacienti_pacienti_rodcis) values (296, 360);
insert into LEK_PAC (LEKARI_lekari_id, Pacienti_pacienti_rodcis) values (252, 270);
insert into LEK_PAC (LEKARI_lekari_id, Pacienti_pacienti_rodcis) values (297, 485);
insert into LEK_PAC (LEKARI_lekari_id, Pacienti_pacienti_rodcis) values (297, 488);
insert into LEK_PAC (LEKARI_lekari_id, Pacienti_pacienti_rodcis) values (129, 139);
insert into LEK_PAC (LEKARI_lekari_id, Pacienti_pacienti_rodcis) values (135, 479);
insert into LEK_PAC (LEKARI_lekari_id, Pacienti_pacienti_rodcis) values (226, 56);
insert into LEK_PAC (LEKARI_lekari_id, Pacienti_pacienti_rodcis) values (197, 170);
insert into LEK_PAC (LEKARI_lekari_id, Pacienti_pacienti_rodcis) values (108, 415);
insert into LEK_PAC (LEKARI_lekari_id, Pacienti_pacienti_rodcis) values (143, 215);
insert into LEK_PAC (LEKARI_lekari_id, Pacienti_pacienti_rodcis) values (81, 65);
insert into LEK_PAC (LEKARI_lekari_id, Pacienti_pacienti_rodcis) values (67, 370);
insert into LEK_PAC (LEKARI_lekari_id, Pacienti_pacienti_rodcis) values (48, 106);
insert into LEK_PAC (LEKARI_lekari_id, Pacienti_pacienti_rodcis) values (44, 140);
insert into LEK_PAC (LEKARI_lekari_id, Pacienti_pacienti_rodcis) values (92, 156);
insert into LEK_PAC (LEKARI_lekari_id, Pacienti_pacienti_rodcis) values (26, 42);
insert into LEK_PAC (LEKARI_lekari_id, Pacienti_pacienti_rodcis) values (271, 392);
insert into LEK_PAC (LEKARI_lekari_id, Pacienti_pacienti_rodcis) values (169, 117);
insert into LEK_PAC (LEKARI_lekari_id, Pacienti_pacienti_rodcis) values (110, 431);
insert into LEK_PAC (LEKARI_lekari_id, Pacienti_pacienti_rodcis) values (149, 78);
insert into LEK_PAC (LEKARI_lekari_id, Pacienti_pacienti_rodcis) values (156, 402);
insert into LEK_PAC (LEKARI_lekari_id, Pacienti_pacienti_rodcis) values (108, 85);
insert into LEK_PAC (LEKARI_lekari_id, Pacienti_pacienti_rodcis) values (32, 211);
insert into LEK_PAC (LEKARI_lekari_id, Pacienti_pacienti_rodcis) values (229, 305);
insert into LEK_PAC (LEKARI_lekari_id, Pacienti_pacienti_rodcis) values (160, 180);
insert into LEK_PAC (LEKARI_lekari_id, Pacienti_pacienti_rodcis) values (293, 271);
insert into LEK_PAC (LEKARI_lekari_id, Pacienti_pacienti_rodcis) values (28, 366);
insert into LEK_PAC (LEKARI_lekari_id, Pacienti_pacienti_rodcis) values (100, 119);
insert into LEK_PAC (LEKARI_lekari_id, Pacienti_pacienti_rodcis) values (237, 156);
insert into LEK_PAC (LEKARI_lekari_id, Pacienti_pacienti_rodcis) values (66, 107);
insert into LEK_PAC (LEKARI_lekari_id, Pacienti_pacienti_rodcis) values (96, 90);
insert into LEK_PAC (LEKARI_lekari_id, Pacienti_pacienti_rodcis) values (265, 200);
insert into LEK_PAC (LEKARI_lekari_id, Pacienti_pacienti_rodcis) values (28, 128);
insert into LEK_PAC (LEKARI_lekari_id, Pacienti_pacienti_rodcis) values (172, 431);
insert into LEK_PAC (LEKARI_lekari_id, Pacienti_pacienti_rodcis) values (216, 168);
insert into LEK_PAC (LEKARI_lekari_id, Pacienti_pacienti_rodcis) values (129, 157);
insert into LEK_PAC (LEKARI_lekari_id, Pacienti_pacienti_rodcis) values (95, 125);
insert into LEK_PAC (LEKARI_lekari_id, Pacienti_pacienti_rodcis) values (196, 23);
insert into LEK_PAC (LEKARI_lekari_id, Pacienti_pacienti_rodcis) values (251, 112);
insert into LEK_PAC (LEKARI_lekari_id, Pacienti_pacienti_rodcis) values (291, 71);
insert into LEK_PAC (LEKARI_lekari_id, Pacienti_pacienti_rodcis) values (118, 8);
insert into LEK_PAC (LEKARI_lekari_id, Pacienti_pacienti_rodcis) values (169, 187);
insert into LEK_PAC (LEKARI_lekari_id, Pacienti_pacienti_rodcis) values (123, 96);
insert into LEK_PAC (LEKARI_lekari_id, Pacienti_pacienti_rodcis) values (36, 483);
insert into LEK_PAC (LEKARI_lekari_id, Pacienti_pacienti_rodcis) values (299, 192);
insert into LEK_PAC (LEKARI_lekari_id, Pacienti_pacienti_rodcis) values (108, 447);
insert into LEK_PAC (LEKARI_lekari_id, Pacienti_pacienti_rodcis) values (69, 260);
insert into LEK_PAC (LEKARI_lekari_id, Pacienti_pacienti_rodcis) values (187, 224);
insert into LEK_PAC (LEKARI_lekari_id, Pacienti_pacienti_rodcis) values (184, 243);
insert into LEK_PAC (LEKARI_lekari_id, Pacienti_pacienti_rodcis) values (249, 137);
insert into LEK_PAC (LEKARI_lekari_id, Pacienti_pacienti_rodcis) values (136, 268);
insert into LEK_PAC (LEKARI_lekari_id, Pacienti_pacienti_rodcis) values (42, 140);
insert into LEK_PAC (LEKARI_lekari_id, Pacienti_pacienti_rodcis) values (27, 407);
insert into LEK_PAC (LEKARI_lekari_id, Pacienti_pacienti_rodcis) values (199, 160);
insert into LEK_PAC (LEKARI_lekari_id, Pacienti_pacienti_rodcis) values (172, 469);
insert into LEK_PAC (LEKARI_lekari_id, Pacienti_pacienti_rodcis) values (143, 471);
insert into LEK_PAC (LEKARI_lekari_id, Pacienti_pacienti_rodcis) values (92, 484);
insert into LEK_PAC (LEKARI_lekari_id, Pacienti_pacienti_rodcis) values (217, 79);
insert into LEK_PAC (LEKARI_lekari_id, Pacienti_pacienti_rodcis) values (239, 436);
insert into LEK_PAC (LEKARI_lekari_id, Pacienti_pacienti_rodcis) values (59, 177);
insert into LEK_PAC (LEKARI_lekari_id, Pacienti_pacienti_rodcis) values (49, 10);
insert into LEK_PAC (LEKARI_lekari_id, Pacienti_pacienti_rodcis) values (175, 98);
insert into LEK_PAC (LEKARI_lekari_id, Pacienti_pacienti_rodcis) values (63, 52);
insert into LEK_PAC (LEKARI_lekari_id, Pacienti_pacienti_rodcis) values (185, 393);
insert into LEK_PAC (LEKARI_lekari_id, Pacienti_pacienti_rodcis) values (122, 482);
insert into LEK_PAC (LEKARI_lekari_id, Pacienti_pacienti_rodcis) values (140, 323);
insert into LEK_PAC (LEKARI_lekari_id, Pacienti_pacienti_rodcis) values (102, 456);
insert into LEK_PAC (LEKARI_lekari_id, Pacienti_pacienti_rodcis) values (116, 452);
insert into LEK_PAC (LEKARI_lekari_id, Pacienti_pacienti_rodcis) values (176, 201);
insert into LEK_PAC (LEKARI_lekari_id, Pacienti_pacienti_rodcis) values (24, 112);
insert into LEK_PAC (LEKARI_lekari_id, Pacienti_pacienti_rodcis) values (39, 370);
insert into LEK_PAC (LEKARI_lekari_id, Pacienti_pacienti_rodcis) values (35, 73);
insert into LEK_PAC (LEKARI_lekari_id, Pacienti_pacienti_rodcis) values (280, 428);
insert into LEK_PAC (LEKARI_lekari_id, Pacienti_pacienti_rodcis) values (16, 192);
insert into LEK_PAC (LEKARI_lekari_id, Pacienti_pacienti_rodcis) values (122, 196);
insert into LEK_PAC (LEKARI_lekari_id, Pacienti_pacienti_rodcis) values (164, 323);
insert into LEK_PAC (LEKARI_lekari_id, Pacienti_pacienti_rodcis) values (120, 398);
insert into LEK_PAC (LEKARI_lekari_id, Pacienti_pacienti_rodcis) values (191, 83);
insert into LEK_PAC (LEKARI_lekari_id, Pacienti_pacienti_rodcis) values (218, 450);
insert into LEK_PAC (LEKARI_lekari_id, Pacienti_pacienti_rodcis) values (231, 142);
insert into LEK_PAC (LEKARI_lekari_id, Pacienti_pacienti_rodcis) values (275, 95);
insert into LEK_PAC (LEKARI_lekari_id, Pacienti_pacienti_rodcis) values (18, 129);
insert into LEK_PAC (LEKARI_lekari_id, Pacienti_pacienti_rodcis) values (75, 57);
insert into LEK_PAC (LEKARI_lekari_id, Pacienti_pacienti_rodcis) values (289, 182);
insert into LEK_PAC (LEKARI_lekari_id, Pacienti_pacienti_rodcis) values (217, 413);
insert into LEK_PAC (LEKARI_lekari_id, Pacienti_pacienti_rodcis) values (37, 363);
insert into LEK_PAC (LEKARI_lekari_id, Pacienti_pacienti_rodcis) values (55, 488);
insert into LEK_PAC (LEKARI_lekari_id, Pacienti_pacienti_rodcis) values (4, 36);
insert into LEK_PAC (LEKARI_lekari_id, Pacienti_pacienti_rodcis) values (35, 140);
insert into LEK_PAC (LEKARI_lekari_id, Pacienti_pacienti_rodcis) values (34, 412);
insert into LEK_PAC (LEKARI_lekari_id, Pacienti_pacienti_rodcis) values (295, 409);
insert into LEK_PAC (LEKARI_lekari_id, Pacienti_pacienti_rodcis) values (294, 491);
insert into LEK_PAC (LEKARI_lekari_id, Pacienti_pacienti_rodcis) values (282, 273);
insert into LEK_PAC (LEKARI_lekari_id, Pacienti_pacienti_rodcis) values (132, 251);
insert into LEK_PAC (LEKARI_lekari_id, Pacienti_pacienti_rodcis) values (252, 434);
insert into LEK_PAC (LEKARI_lekari_id, Pacienti_pacienti_rodcis) values (254, 27);
insert into LEK_PAC (LEKARI_lekari_id, Pacienti_pacienti_rodcis) values (65, 162);
insert into LEK_PAC (LEKARI_lekari_id, Pacienti_pacienti_rodcis) values (123, 471);
insert into LEK_PAC (LEKARI_lekari_id, Pacienti_pacienti_rodcis) values (139, 7);
insert into LEK_PAC (LEKARI_lekari_id, Pacienti_pacienti_rodcis) values (102, 413);
insert into LEK_PAC (LEKARI_lekari_id, Pacienti_pacienti_rodcis) values (127, 50);
insert into LEK_PAC (LEKARI_lekari_id, Pacienti_pacienti_rodcis) values (221, 434);
insert into LEK_PAC (LEKARI_lekari_id, Pacienti_pacienti_rodcis) values (152, 123);
insert into LEK_PAC (LEKARI_lekari_id, Pacienti_pacienti_rodcis) values (200, 213);
insert into LEK_PAC (LEKARI_lekari_id, Pacienti_pacienti_rodcis) values (297, 184);
insert into LEK_PAC (LEKARI_lekari_id, Pacienti_pacienti_rodcis) values (190, 159);
insert into LEK_PAC (LEKARI_lekari_id, Pacienti_pacienti_rodcis) values (41, 428);
insert into LEK_PAC (LEKARI_lekari_id, Pacienti_pacienti_rodcis) values (53, 310);
insert into LEK_PAC (LEKARI_lekari_id, Pacienti_pacienti_rodcis) values (46, 219);
insert into LEK_PAC (LEKARI_lekari_id, Pacienti_pacienti_rodcis) values (64, 214);
insert into LEK_PAC (LEKARI_lekari_id, Pacienti_pacienti_rodcis) values (82, 209);
insert into LEK_PAC (LEKARI_lekari_id, Pacienti_pacienti_rodcis) values (145, 209);
insert into LEK_PAC (LEKARI_lekari_id, Pacienti_pacienti_rodcis) values (255, 286);
insert into LEK_PAC (LEKARI_lekari_id, Pacienti_pacienti_rodcis) values (132, 230);
insert into LEK_PAC (LEKARI_lekari_id, Pacienti_pacienti_rodcis) values (164, 246);
insert into LEK_PAC (LEKARI_lekari_id, Pacienti_pacienti_rodcis) values (217, 271);
insert into LEK_PAC (LEKARI_lekari_id, Pacienti_pacienti_rodcis) values (59, 429);
insert into LEK_PAC (LEKARI_lekari_id, Pacienti_pacienti_rodcis) values (233, 67);
insert into LEK_PAC (LEKARI_lekari_id, Pacienti_pacienti_rodcis) values (117, 128);
insert into LEK_PAC (LEKARI_lekari_id, Pacienti_pacienti_rodcis) values (15, 289);
insert into LEK_PAC (LEKARI_lekari_id, Pacienti_pacienti_rodcis) values (206, 172);
insert into LEK_PAC (LEKARI_lekari_id, Pacienti_pacienti_rodcis) values (249, 113);
insert into LEK_PAC (LEKARI_lekari_id, Pacienti_pacienti_rodcis) values (211, 351);
insert into LEK_PAC (LEKARI_lekari_id, Pacienti_pacienti_rodcis) values (91, 223);
insert into LEK_PAC (LEKARI_lekari_id, Pacienti_pacienti_rodcis) values (8, 333);
insert into LEK_PAC (LEKARI_lekari_id, Pacienti_pacienti_rodcis) values (112, 410);
insert into LEK_PAC (LEKARI_lekari_id, Pacienti_pacienti_rodcis) values (284, 271);
insert into LEK_PAC (LEKARI_lekari_id, Pacienti_pacienti_rodcis) values (121, 156);
insert into LEK_PAC (LEKARI_lekari_id, Pacienti_pacienti_rodcis) values (188, 108);
insert into LEK_PAC (LEKARI_lekari_id, Pacienti_pacienti_rodcis) values (230, 435);
insert into LEK_PAC (LEKARI_lekari_id, Pacienti_pacienti_rodcis) values (151, 200);
insert into LEK_PAC (LEKARI_lekari_id, Pacienti_pacienti_rodcis) values (277, 346);
insert into LEK_PAC (LEKARI_lekari_id, Pacienti_pacienti_rodcis) values (95, 400);
insert into LEK_PAC (LEKARI_lekari_id, Pacienti_pacienti_rodcis) values (34, 176);
insert into LEK_PAC (LEKARI_lekari_id, Pacienti_pacienti_rodcis) values (107, 139);
insert into LEK_PAC (LEKARI_lekari_id, Pacienti_pacienti_rodcis) values (38, 333);
insert into LEK_PAC (LEKARI_lekari_id, Pacienti_pacienti_rodcis) values (154, 86);
insert into LEK_PAC (LEKARI_lekari_id, Pacienti_pacienti_rodcis) values (249, 133);
insert into LEK_PAC (LEKARI_lekari_id, Pacienti_pacienti_rodcis) values (245, 85);
insert into LEK_PAC (LEKARI_lekari_id, Pacienti_pacienti_rodcis) values (33, 326);
insert into LEK_PAC (LEKARI_lekari_id, Pacienti_pacienti_rodcis) values (291, 261);
insert into LEK_PAC (LEKARI_lekari_id, Pacienti_pacienti_rodcis) values (285, 460);
insert into LEK_PAC (LEKARI_lekari_id, Pacienti_pacienti_rodcis) values (174, 454);
insert into LEK_PAC (LEKARI_lekari_id, Pacienti_pacienti_rodcis) values (25, 449);
insert into LEK_PAC (LEKARI_lekari_id, Pacienti_pacienti_rodcis) values (178, 375);
insert into LEK_PAC (LEKARI_lekari_id, Pacienti_pacienti_rodcis) values (257, 50);
insert into LEK_PAC (LEKARI_lekari_id, Pacienti_pacienti_rodcis) values (215, 391);
insert into LEK_PAC (LEKARI_lekari_id, Pacienti_pacienti_rodcis) values (227, 475);
insert into LEK_PAC (LEKARI_lekari_id, Pacienti_pacienti_rodcis) values (190, 17);
insert into LEK_PAC (LEKARI_lekari_id, Pacienti_pacienti_rodcis) values (286, 250);
insert into LEK_PAC (LEKARI_lekari_id, Pacienti_pacienti_rodcis) values (262, 337);
insert into LEK_PAC (LEKARI_lekari_id, Pacienti_pacienti_rodcis) values (83, 146);
insert into LEK_PAC (LEKARI_lekari_id, Pacienti_pacienti_rodcis) values (98, 380);
insert into LEK_PAC (LEKARI_lekari_id, Pacienti_pacienti_rodcis) values (159, 322);
insert into LEK_PAC (LEKARI_lekari_id, Pacienti_pacienti_rodcis) values (284, 189);
insert into LEK_PAC (LEKARI_lekari_id, Pacienti_pacienti_rodcis) values (149, 361);
insert into LEK_PAC (LEKARI_lekari_id, Pacienti_pacienti_rodcis) values (32, 147);
insert into LEK_PAC (LEKARI_lekari_id, Pacienti_pacienti_rodcis) values (167, 386);
insert into LEK_PAC (LEKARI_lekari_id, Pacienti_pacienti_rodcis) values (214, 101);
insert into LEK_PAC (LEKARI_lekari_id, Pacienti_pacienti_rodcis) values (4, 86);
insert into LEK_PAC (LEKARI_lekari_id, Pacienti_pacienti_rodcis) values (261, 368);
insert into LEK_PAC (LEKARI_lekari_id, Pacienti_pacienti_rodcis) values (60, 410);
insert into LEK_PAC (LEKARI_lekari_id, Pacienti_pacienti_rodcis) values (3, 228);
insert into LEK_PAC (LEKARI_lekari_id, Pacienti_pacienti_rodcis) values (164, 142);
insert into LEK_PAC (LEKARI_lekari_id, Pacienti_pacienti_rodcis) values (98, 420);
insert into LEK_PAC (LEKARI_lekari_id, Pacienti_pacienti_rodcis) values (145, 136);
insert into LEK_PAC (LEKARI_lekari_id, Pacienti_pacienti_rodcis) values (66, 7);
insert into LEK_PAC (LEKARI_lekari_id, Pacienti_pacienti_rodcis) values (27, 446);
insert into LEK_PAC (LEKARI_lekari_id, Pacienti_pacienti_rodcis) values (33, 68);
insert into LEK_PAC (LEKARI_lekari_id, Pacienti_pacienti_rodcis) values (16, 308);
insert into LEK_PAC (LEKARI_lekari_id, Pacienti_pacienti_rodcis) values (192, 458);
insert into LEK_PAC (LEKARI_lekari_id, Pacienti_pacienti_rodcis) values (247, 109);
insert into LEK_PAC (LEKARI_lekari_id, Pacienti_pacienti_rodcis) values (30, 213);
insert into LEK_PAC (LEKARI_lekari_id, Pacienti_pacienti_rodcis) values (16, 52);
insert into LEK_PAC (LEKARI_lekari_id, Pacienti_pacienti_rodcis) values (265, 36);
insert into LEK_PAC (LEKARI_lekari_id, Pacienti_pacienti_rodcis) values (209, 274);
insert into LEK_PAC (LEKARI_lekari_id, Pacienti_pacienti_rodcis) values (170, 39);
insert into LEK_PAC (LEKARI_lekari_id, Pacienti_pacienti_rodcis) values (51, 79);
insert into LEK_PAC (LEKARI_lekari_id, Pacienti_pacienti_rodcis) values (280, 328);
insert into LEK_PAC (LEKARI_lekari_id, Pacienti_pacienti_rodcis) values (243, 257);
insert into LEK_PAC (LEKARI_lekari_id, Pacienti_pacienti_rodcis) values (134, 315);
insert into LEK_PAC (LEKARI_lekari_id, Pacienti_pacienti_rodcis) values (163, 215);
insert into LEK_PAC (LEKARI_lekari_id, Pacienti_pacienti_rodcis) values (59, 358);
insert into LEK_PAC (LEKARI_lekari_id, Pacienti_pacienti_rodcis) values (22, 279);
insert into LEK_PAC (LEKARI_lekari_id, Pacienti_pacienti_rodcis) values (176, 263);
insert into LEK_PAC (LEKARI_lekari_id, Pacienti_pacienti_rodcis) values (63, 405);
insert into LEK_PAC (LEKARI_lekari_id, Pacienti_pacienti_rodcis) values (259, 42);
insert into LEK_PAC (LEKARI_lekari_id, Pacienti_pacienti_rodcis) values (40, 56);
insert into LEK_PAC (LEKARI_lekari_id, Pacienti_pacienti_rodcis) values (205, 84);
insert into LEK_PAC (LEKARI_lekari_id, Pacienti_pacienti_rodcis) values (176, 375);
insert into LEK_PAC (LEKARI_lekari_id, Pacienti_pacienti_rodcis) values (200, 420);
insert into LEK_PAC (LEKARI_lekari_id, Pacienti_pacienti_rodcis) values (113, 91);
insert into LEK_PAC (LEKARI_lekari_id, Pacienti_pacienti_rodcis) values (261, 470);
insert into LEK_PAC (LEKARI_lekari_id, Pacienti_pacienti_rodcis) values (16, 82);
insert into LEK_PAC (LEKARI_lekari_id, Pacienti_pacienti_rodcis) values (73, 179);
insert into LEK_PAC (LEKARI_lekari_id, Pacienti_pacienti_rodcis) values (56, 432);
insert into LEK_PAC (LEKARI_lekari_id, Pacienti_pacienti_rodcis) values (203, 291);
insert into LEK_PAC (LEKARI_lekari_id, Pacienti_pacienti_rodcis) values (235, 257);
insert into LEK_PAC (LEKARI_lekari_id, Pacienti_pacienti_rodcis) values (229, 424);
insert into LEK_PAC (LEKARI_lekari_id, Pacienti_pacienti_rodcis) values (123, 114);
insert into LEK_PAC (LEKARI_lekari_id, Pacienti_pacienti_rodcis) values (178, 41);
insert into LEK_PAC (LEKARI_lekari_id, Pacienti_pacienti_rodcis) values (57, 313);
insert into LEK_PAC (LEKARI_lekari_id, Pacienti_pacienti_rodcis) values (80, 342);
insert into LEK_PAC (LEKARI_lekari_id, Pacienti_pacienti_rodcis) values (115, 12);
insert into LEK_PAC (LEKARI_lekari_id, Pacienti_pacienti_rodcis) values (109, 96);
insert into LEK_PAC (LEKARI_lekari_id, Pacienti_pacienti_rodcis) values (299, 202);
insert into LEK_PAC (LEKARI_lekari_id, Pacienti_pacienti_rodcis) values (205, 397);
insert into LEK_PAC (LEKARI_lekari_id, Pacienti_pacienti_rodcis) values (195, 201);
insert into LEK_PAC (LEKARI_lekari_id, Pacienti_pacienti_rodcis) values (96, 220);
insert into LEK_PAC (LEKARI_lekari_id, Pacienti_pacienti_rodcis) values (257, 217);
insert into LEK_PAC (LEKARI_lekari_id, Pacienti_pacienti_rodcis) values (265, 85);
insert into LEK_PAC (LEKARI_lekari_id, Pacienti_pacienti_rodcis) values (227, 211);
insert into LEK_PAC (LEKARI_lekari_id, Pacienti_pacienti_rodcis) values (240, 85);
insert into LEK_PAC (LEKARI_lekari_id, Pacienti_pacienti_rodcis) values (53, 151);
insert into LEK_PAC (LEKARI_lekari_id, Pacienti_pacienti_rodcis) values (264, 428);
insert into LEK_PAC (LEKARI_lekari_id, Pacienti_pacienti_rodcis) values (98, 354);
insert into LEK_PAC (LEKARI_lekari_id, Pacienti_pacienti_rodcis) values (143, 48);
insert into LEK_PAC (LEKARI_lekari_id, Pacienti_pacienti_rodcis) values (188, 391);
insert into LEK_PAC (LEKARI_lekari_id, Pacienti_pacienti_rodcis) values (214, 66);
insert into LEK_PAC (LEKARI_lekari_id, Pacienti_pacienti_rodcis) values (289, 493);
insert into LEK_PAC (LEKARI_lekari_id, Pacienti_pacienti_rodcis) values (125, 174);
insert into LEK_PAC (LEKARI_lekari_id, Pacienti_pacienti_rodcis) values (242, 161);
insert into LEK_PAC (LEKARI_lekari_id, Pacienti_pacienti_rodcis) values (96, 475);
insert into LEK_PAC (LEKARI_lekari_id, Pacienti_pacienti_rodcis) values (295, 102);
insert into LEK_PAC (LEKARI_lekari_id, Pacienti_pacienti_rodcis) values (145, 241);
insert into LEK_PAC (LEKARI_lekari_id, Pacienti_pacienti_rodcis) values (160, 296);
insert into LEK_PAC (LEKARI_lekari_id, Pacienti_pacienti_rodcis) values (221, 250);
insert into LEK_PAC (LEKARI_lekari_id, Pacienti_pacienti_rodcis) values (225, 470);
insert into LEK_PAC (LEKARI_lekari_id, Pacienti_pacienti_rodcis) values (234, 251);
insert into LEK_PAC (LEKARI_lekari_id, Pacienti_pacienti_rodcis) values (279, 48);
insert into LEK_PAC (LEKARI_lekari_id, Pacienti_pacienti_rodcis) values (97, 380);
insert into LEK_PAC (LEKARI_lekari_id, Pacienti_pacienti_rodcis) values (271, 442);
insert into LEK_PAC (LEKARI_lekari_id, Pacienti_pacienti_rodcis) values (58, 437);
insert into LEK_PAC (LEKARI_lekari_id, Pacienti_pacienti_rodcis) values (278, 448);
insert into LEK_PAC (LEKARI_lekari_id, Pacienti_pacienti_rodcis) values (165, 246);
insert into LEK_PAC (LEKARI_lekari_id, Pacienti_pacienti_rodcis) values (100, 477);
insert into LEK_PAC (LEKARI_lekari_id, Pacienti_pacienti_rodcis) values (244, 419);
insert into LEK_PAC (LEKARI_lekari_id, Pacienti_pacienti_rodcis) values (235, 500);
insert into LEK_PAC (LEKARI_lekari_id, Pacienti_pacienti_rodcis) values (201, 145);
insert into LEK_PAC (LEKARI_lekari_id, Pacienti_pacienti_rodcis) values (115, 78);
insert into LEK_PAC (LEKARI_lekari_id, Pacienti_pacienti_rodcis) values (213, 43);
insert into LEK_PAC (LEKARI_lekari_id, Pacienti_pacienti_rodcis) values (198, 395);
insert into LEK_PAC (LEKARI_lekari_id, Pacienti_pacienti_rodcis) values (223, 120);
insert into LEK_PAC (LEKARI_lekari_id, Pacienti_pacienti_rodcis) values (216, 194);
insert into LEK_PAC (LEKARI_lekari_id, Pacienti_pacienti_rodcis) values (209, 359);
insert into LEK_PAC (LEKARI_lekari_id, Pacienti_pacienti_rodcis) values (157, 419);
insert into LEK_PAC (LEKARI_lekari_id, Pacienti_pacienti_rodcis) values (190, 436);
insert into LEK_PAC (LEKARI_lekari_id, Pacienti_pacienti_rodcis) values (156, 305);
insert into LEK_PAC (LEKARI_lekari_id, Pacienti_pacienti_rodcis) values (124, 423);
insert into LEK_PAC (LEKARI_lekari_id, Pacienti_pacienti_rodcis) values (261, 474);
insert into LEK_PAC (LEKARI_lekari_id, Pacienti_pacienti_rodcis) values (187, 204);
insert into LEK_PAC (LEKARI_lekari_id, Pacienti_pacienti_rodcis) values (154, 348);
insert into LEK_PAC (LEKARI_lekari_id, Pacienti_pacienti_rodcis) values (281, 243);
insert into LEK_PAC (LEKARI_lekari_id, Pacienti_pacienti_rodcis) values (68, 207);
insert into LEK_PAC (LEKARI_lekari_id, Pacienti_pacienti_rodcis) values (246, 231);
insert into LEK_PAC (LEKARI_lekari_id, Pacienti_pacienti_rodcis) values (75, 408);
insert into LEK_PAC (LEKARI_lekari_id, Pacienti_pacienti_rodcis) values (176, 310);
insert into LEK_PAC (LEKARI_lekari_id, Pacienti_pacienti_rodcis) values (157, 79);
insert into LEK_PAC (LEKARI_lekari_id, Pacienti_pacienti_rodcis) values (80, 167);
insert into LEK_PAC (LEKARI_lekari_id, Pacienti_pacienti_rodcis) values (46, 346);
insert into LEK_PAC (LEKARI_lekari_id, Pacienti_pacienti_rodcis) values (296, 302);
insert into LEK_PAC (LEKARI_lekari_id, Pacienti_pacienti_rodcis) values (24, 110);
insert into LEK_PAC (LEKARI_lekari_id, Pacienti_pacienti_rodcis) values (33, 456);
insert into LEK_PAC (LEKARI_lekari_id, Pacienti_pacienti_rodcis) values (70, 248);
insert into LEK_PAC (LEKARI_lekari_id, Pacienti_pacienti_rodcis) values (162, 160);
insert into LEK_PAC (LEKARI_lekari_id, Pacienti_pacienti_rodcis) values (244, 305);
insert into LEK_PAC (LEKARI_lekari_id, Pacienti_pacienti_rodcis) values (78, 500);
insert into LEK_PAC (LEKARI_lekari_id, Pacienti_pacienti_rodcis) values (7, 95);
insert into LEK_PAC (LEKARI_lekari_id, Pacienti_pacienti_rodcis) values (146, 117);
insert into LEK_PAC (LEKARI_lekari_id, Pacienti_pacienti_rodcis) values (256, 466);
insert into LEK_PAC (LEKARI_lekari_id, Pacienti_pacienti_rodcis) values (7, 493);
insert into LEK_PAC (LEKARI_lekari_id, Pacienti_pacienti_rodcis) values (265, 93);
insert into LEK_PAC (LEKARI_lekari_id, Pacienti_pacienti_rodcis) values (231, 338);
insert into LEK_PAC (LEKARI_lekari_id, Pacienti_pacienti_rodcis) values (111, 350);
insert into LEK_PAC (LEKARI_lekari_id, Pacienti_pacienti_rodcis) values (65, 220);
insert into LEK_PAC (LEKARI_lekari_id, Pacienti_pacienti_rodcis) values (74, 185);
insert into LEK_PAC (LEKARI_lekari_id, Pacienti_pacienti_rodcis) values (193, 291);
insert into LEK_PAC (LEKARI_lekari_id, Pacienti_pacienti_rodcis) values (159, 168);
insert into LEK_PAC (LEKARI_lekari_id, Pacienti_pacienti_rodcis) values (292, 127);
insert into LEK_PAC (LEKARI_lekari_id, Pacienti_pacienti_rodcis) values (207, 226);
insert into LEK_PAC (LEKARI_lekari_id, Pacienti_pacienti_rodcis) values (22, 346);
insert into LEK_PAC (LEKARI_lekari_id, Pacienti_pacienti_rodcis) values (281, 148);
insert into LEK_PAC (LEKARI_lekari_id, Pacienti_pacienti_rodcis) values (75, 140);
insert into LEK_PAC (LEKARI_lekari_id, Pacienti_pacienti_rodcis) values (141, 57);
insert into LEK_PAC (LEKARI_lekari_id, Pacienti_pacienti_rodcis) values (191, 373);
insert into LEK_PAC (LEKARI_lekari_id, Pacienti_pacienti_rodcis) values (117, 58);
insert into LEK_PAC (LEKARI_lekari_id, Pacienti_pacienti_rodcis) values (258, 16);
insert into LEK_PAC (LEKARI_lekari_id, Pacienti_pacienti_rodcis) values (2, 451);
insert into LEK_PAC (LEKARI_lekari_id, Pacienti_pacienti_rodcis) values (205, 50);
insert into LEK_PAC (LEKARI_lekari_id, Pacienti_pacienti_rodcis) values (129, 260);
insert into LEK_PAC (LEKARI_lekari_id, Pacienti_pacienti_rodcis) values (60, 58);
insert into LEK_PAC (LEKARI_lekari_id, Pacienti_pacienti_rodcis) values (157, 281);
insert into LEK_PAC (LEKARI_lekari_id, Pacienti_pacienti_rodcis) values (80, 153);
insert into LEK_PAC (LEKARI_lekari_id, Pacienti_pacienti_rodcis) values (180, 430);
insert into LEK_PAC (LEKARI_lekari_id, Pacienti_pacienti_rodcis) values (26, 112);
insert into LEK_PAC (LEKARI_lekari_id, Pacienti_pacienti_rodcis) values (104, 31);
insert into LEK_PAC (LEKARI_lekari_id, Pacienti_pacienti_rodcis) values (222, 184);
insert into LEK_PAC (LEKARI_lekari_id, Pacienti_pacienti_rodcis) values (140, 49);
insert into LEK_PAC (LEKARI_lekari_id, Pacienti_pacienti_rodcis) values (127, 402);
insert into LEK_PAC (LEKARI_lekari_id, Pacienti_pacienti_rodcis) values (183, 331);
insert into LEK_PAC (LEKARI_lekari_id, Pacienti_pacienti_rodcis) values (210, 477);
insert into LEK_PAC (LEKARI_lekari_id, Pacienti_pacienti_rodcis) values (15, 12);
insert into LEK_PAC (LEKARI_lekari_id, Pacienti_pacienti_rodcis) values (283, 473);
insert into LEK_PAC (LEKARI_lekari_id, Pacienti_pacienti_rodcis) values (254, 261);
insert into LEK_PAC (LEKARI_lekari_id, Pacienti_pacienti_rodcis) values (3, 234);
insert into LEK_PAC (LEKARI_lekari_id, Pacienti_pacienti_rodcis) values (151, 219);
insert into LEK_PAC (LEKARI_lekari_id, Pacienti_pacienti_rodcis) values (203, 84);
insert into LEK_PAC (LEKARI_lekari_id, Pacienti_pacienti_rodcis) values (53, 32);
insert into LEK_PAC (LEKARI_lekari_id, Pacienti_pacienti_rodcis) values (216, 38);
insert into LEK_PAC (LEKARI_lekari_id, Pacienti_pacienti_rodcis) values (40, 418);
insert into LEK_PAC (LEKARI_lekari_id, Pacienti_pacienti_rodcis) values (99, 238);
insert into LEK_PAC (LEKARI_lekari_id, Pacienti_pacienti_rodcis) values (3, 11);
insert into LEK_PAC (LEKARI_lekari_id, Pacienti_pacienti_rodcis) values (242, 190);
insert into LEK_PAC (LEKARI_lekari_id, Pacienti_pacienti_rodcis) values (280, 324);
insert into LEK_PAC (LEKARI_lekari_id, Pacienti_pacienti_rodcis) values (207, 455);
insert into LEK_PAC (LEKARI_lekari_id, Pacienti_pacienti_rodcis) values (141, 241);
insert into LEK_PAC (LEKARI_lekari_id, Pacienti_pacienti_rodcis) values (151, 194);
insert into LEK_PAC (LEKARI_lekari_id, Pacienti_pacienti_rodcis) values (74, 240);
insert into LEK_PAC (LEKARI_lekari_id, Pacienti_pacienti_rodcis) values (79, 20);
insert into LEK_PAC (LEKARI_lekari_id, Pacienti_pacienti_rodcis) values (224, 37);
insert into LEK_PAC (LEKARI_lekari_id, Pacienti_pacienti_rodcis) values (272, 325);
insert into LEK_PAC (LEKARI_lekari_id, Pacienti_pacienti_rodcis) values (204, 7);
insert into LEK_PAC (LEKARI_lekari_id, Pacienti_pacienti_rodcis) values (227, 385);
insert into LEK_PAC (LEKARI_lekari_id, Pacienti_pacienti_rodcis) values (114, 30);
insert into LEK_PAC (LEKARI_lekari_id, Pacienti_pacienti_rodcis) values (276, 351);
insert into LEK_PAC (LEKARI_lekari_id, Pacienti_pacienti_rodcis) values (169, 100);
insert into LEK_PAC (LEKARI_lekari_id, Pacienti_pacienti_rodcis) values (115, 226);
insert into LEK_PAC (LEKARI_lekari_id, Pacienti_pacienti_rodcis) values (276, 10);
insert into LEK_PAC (LEKARI_lekari_id, Pacienti_pacienti_rodcis) values (128, 281);
insert into LEK_PAC (LEKARI_lekari_id, Pacienti_pacienti_rodcis) values (275, 390);
insert into LEK_PAC (LEKARI_lekari_id, Pacienti_pacienti_rodcis) values (123, 318);
insert into LEK_PAC (LEKARI_lekari_id, Pacienti_pacienti_rodcis) values (128, 247);
insert into LEK_PAC (LEKARI_lekari_id, Pacienti_pacienti_rodcis) values (234, 92);
insert into LEK_PAC (LEKARI_lekari_id, Pacienti_pacienti_rodcis) values (138, 278);
insert into LEK_PAC (LEKARI_lekari_id, Pacienti_pacienti_rodcis) values (38, 299);
insert into LEK_PAC (LEKARI_lekari_id, Pacienti_pacienti_rodcis) values (21, 365);
insert into LEK_PAC (LEKARI_lekari_id, Pacienti_pacienti_rodcis) values (1, 78);
insert into LEK_PAC (LEKARI_lekari_id, Pacienti_pacienti_rodcis) values (84, 244);
insert into LEK_PAC (LEKARI_lekari_id, Pacienti_pacienti_rodcis) values (193, 156);
insert into LEK_PAC (LEKARI_lekari_id, Pacienti_pacienti_rodcis) values (141, 250);
insert into LEK_PAC (LEKARI_lekari_id, Pacienti_pacienti_rodcis) values (193, 104);
insert into LEK_PAC (LEKARI_lekari_id, Pacienti_pacienti_rodcis) values (187, 473);
insert into LEK_PAC (LEKARI_lekari_id, Pacienti_pacienti_rodcis) values (118, 394);
insert into LEK_PAC (LEKARI_lekari_id, Pacienti_pacienti_rodcis) values (185, 44);
insert into LEK_PAC (LEKARI_lekari_id, Pacienti_pacienti_rodcis) values (279, 473);
insert into LEK_PAC (LEKARI_lekari_id, Pacienti_pacienti_rodcis) values (229, 239);
insert into LEK_PAC (LEKARI_lekari_id, Pacienti_pacienti_rodcis) values (61, 257);
insert into LEK_PAC (LEKARI_lekari_id, Pacienti_pacienti_rodcis) values (250, 383);
insert into LEK_PAC (LEKARI_lekari_id, Pacienti_pacienti_rodcis) values (38, 115);
insert into LEK_PAC (LEKARI_lekari_id, Pacienti_pacienti_rodcis) values (233, 476);
insert into LEK_PAC (LEKARI_lekari_id, Pacienti_pacienti_rodcis) values (182, 256);
insert into LEK_PAC (LEKARI_lekari_id, Pacienti_pacienti_rodcis) values (50, 433);
insert into LEK_PAC (LEKARI_lekari_id, Pacienti_pacienti_rodcis) values (158, 342);
insert into LEK_PAC (LEKARI_lekari_id, Pacienti_pacienti_rodcis) values (56, 412);
insert into LEK_PAC (LEKARI_lekari_id, Pacienti_pacienti_rodcis) values (6, 263);
insert into LEK_PAC (LEKARI_lekari_id, Pacienti_pacienti_rodcis) values (225, 266);
insert into LEK_PAC (LEKARI_lekari_id, Pacienti_pacienti_rodcis) values (102, 341);
insert into LEK_PAC (LEKARI_lekari_id, Pacienti_pacienti_rodcis) values (32, 155);
insert into LEK_PAC (LEKARI_lekari_id, Pacienti_pacienti_rodcis) values (196, 303);
insert into LEK_PAC (LEKARI_lekari_id, Pacienti_pacienti_rodcis) values (158, 472);
insert into LEK_PAC (LEKARI_lekari_id, Pacienti_pacienti_rodcis) values (157, 115);
insert into LEK_PAC (LEKARI_lekari_id, Pacienti_pacienti_rodcis) values (195, 267);
insert into LEK_PAC (LEKARI_lekari_id, Pacienti_pacienti_rodcis) values (27, 108);
insert into LEK_PAC (LEKARI_lekari_id, Pacienti_pacienti_rodcis) values (154, 342);
insert into LEK_PAC (LEKARI_lekari_id, Pacienti_pacienti_rodcis) values (36, 62);
insert into LEK_PAC (LEKARI_lekari_id, Pacienti_pacienti_rodcis) values (284, 373);
insert into LEK_PAC (LEKARI_lekari_id, Pacienti_pacienti_rodcis) values (70, 124);
insert into LEK_PAC (LEKARI_lekari_id, Pacienti_pacienti_rodcis) values (95, 50);
insert into LEK_PAC (LEKARI_lekari_id, Pacienti_pacienti_rodcis) values (76, 305);
insert into LEK_PAC (LEKARI_lekari_id, Pacienti_pacienti_rodcis) values (241, 191);
insert into LEK_PAC (LEKARI_lekari_id, Pacienti_pacienti_rodcis) values (259, 485);
insert into LEK_PAC (LEKARI_lekari_id, Pacienti_pacienti_rodcis) values (56, 462);
insert into LEK_PAC (LEKARI_lekari_id, Pacienti_pacienti_rodcis) values (240, 87);
insert into LEK_PAC (LEKARI_lekari_id, Pacienti_pacienti_rodcis) values (241, 266);
insert into LEK_PAC (LEKARI_lekari_id, Pacienti_pacienti_rodcis) values (32, 329);
insert into LEK_PAC (LEKARI_lekari_id, Pacienti_pacienti_rodcis) values (284, 496);
insert into LEK_PAC (LEKARI_lekari_id, Pacienti_pacienti_rodcis) values (200, 324);
insert into LEK_PAC (LEKARI_lekari_id, Pacienti_pacienti_rodcis) values (169, 212);
insert into LEK_PAC (LEKARI_lekari_id, Pacienti_pacienti_rodcis) values (280, 70);
insert into LEK_PAC (LEKARI_lekari_id, Pacienti_pacienti_rodcis) values (213, 357);
insert into LEK_PAC (LEKARI_lekari_id, Pacienti_pacienti_rodcis) values (48, 37);
insert into LEK_PAC (LEKARI_lekari_id, Pacienti_pacienti_rodcis) values (247, 87);
insert into LEK_PAC (LEKARI_lekari_id, Pacienti_pacienti_rodcis) values (48, 41);
insert into LEK_PAC (LEKARI_lekari_id, Pacienti_pacienti_rodcis) values (136, 184);
insert into LEK_PAC (LEKARI_lekari_id, Pacienti_pacienti_rodcis) values (234, 474);
insert into LEK_PAC (LEKARI_lekari_id, Pacienti_pacienti_rodcis) values (209, 148);
insert into LEK_PAC (LEKARI_lekari_id, Pacienti_pacienti_rodcis) values (129, 226);
insert into LEK_PAC (LEKARI_lekari_id, Pacienti_pacienti_rodcis) values (237, 434);
insert into LEK_PAC (LEKARI_lekari_id, Pacienti_pacienti_rodcis) values (42, 471);
insert into LEK_PAC (LEKARI_lekari_id, Pacienti_pacienti_rodcis) values (156, 88);
insert into LEK_PAC (LEKARI_lekari_id, Pacienti_pacienti_rodcis) values (33, 239);
insert into LEK_PAC (LEKARI_lekari_id, Pacienti_pacienti_rodcis) values (91, 74);
insert into LEK_PAC (LEKARI_lekari_id, Pacienti_pacienti_rodcis) values (37, 41);
insert into LEK_PAC (LEKARI_lekari_id, Pacienti_pacienti_rodcis) values (209, 494);
insert into LEK_PAC (LEKARI_lekari_id, Pacienti_pacienti_rodcis) values (20, 16);
insert into LEK_PAC (LEKARI_lekari_id, Pacienti_pacienti_rodcis) values (8, 361);
insert into LEK_PAC (LEKARI_lekari_id, Pacienti_pacienti_rodcis) values (176, 289);
insert into LEK_PAC (LEKARI_lekari_id, Pacienti_pacienti_rodcis) values (80, 137);
insert into LEK_PAC (LEKARI_lekari_id, Pacienti_pacienti_rodcis) values (60, 104);
insert into LEK_PAC (LEKARI_lekari_id, Pacienti_pacienti_rodcis) values (167, 436);
insert into LEK_PAC (LEKARI_lekari_id, Pacienti_pacienti_rodcis) values (21, 75);
insert into LEK_PAC (LEKARI_lekari_id, Pacienti_pacienti_rodcis) values (3, 188);
insert into LEK_PAC (LEKARI_lekari_id, Pacienti_pacienti_rodcis) values (281, 19);
insert into LEK_PAC (LEKARI_lekari_id, Pacienti_pacienti_rodcis) values (105, 279);
insert into LEK_PAC (LEKARI_lekari_id, Pacienti_pacienti_rodcis) values (40, 340);
insert into LEK_PAC (LEKARI_lekari_id, Pacienti_pacienti_rodcis) values (41, 325);
insert into LEK_PAC (LEKARI_lekari_id, Pacienti_pacienti_rodcis) values (279, 252);
insert into LEK_PAC (LEKARI_lekari_id, Pacienti_pacienti_rodcis) values (156, 20);
insert into LEK_PAC (LEKARI_lekari_id, Pacienti_pacienti_rodcis) values (274, 82);
insert into LEK_PAC (LEKARI_lekari_id, Pacienti_pacienti_rodcis) values (162, 239);
insert into LEK_PAC (LEKARI_lekari_id, Pacienti_pacienti_rodcis) values (126, 430);
insert into LEK_PAC (LEKARI_lekari_id, Pacienti_pacienti_rodcis) values (40, 305);
insert into LEK_PAC (LEKARI_lekari_id, Pacienti_pacienti_rodcis) values (190, 91);
insert into LEK_PAC (LEKARI_lekari_id, Pacienti_pacienti_rodcis) values (147, 278);
insert into LEK_PAC (LEKARI_lekari_id, Pacienti_pacienti_rodcis) values (26, 450);
insert into LEK_PAC (LEKARI_lekari_id, Pacienti_pacienti_rodcis) values (222, 74);
insert into LEK_PAC (LEKARI_lekari_id, Pacienti_pacienti_rodcis) values (298, 267);
insert into LEK_PAC (LEKARI_lekari_id, Pacienti_pacienti_rodcis) values (40, 27);
insert into LEK_PAC (LEKARI_lekari_id, Pacienti_pacienti_rodcis) values (185, 422);
insert into LEK_PAC (LEKARI_lekari_id, Pacienti_pacienti_rodcis) values (218, 107);
insert into LEK_PAC (LEKARI_lekari_id, Pacienti_pacienti_rodcis) values (184, 395);
insert into LEK_PAC (LEKARI_lekari_id, Pacienti_pacienti_rodcis) values (246, 233);
insert into LEK_PAC (LEKARI_lekari_id, Pacienti_pacienti_rodcis) values (296, 300);
insert into LEK_PAC (LEKARI_lekari_id, Pacienti_pacienti_rodcis) values (79, 460);
insert into LEK_PAC (LEKARI_lekari_id, Pacienti_pacienti_rodcis) values (108, 248);
insert into LEK_PAC (LEKARI_lekari_id, Pacienti_pacienti_rodcis) values (75, 145);
insert into LEK_PAC (LEKARI_lekari_id, Pacienti_pacienti_rodcis) values (240, 254);
insert into LEK_PAC (LEKARI_lekari_id, Pacienti_pacienti_rodcis) values (11, 32);
insert into LEK_PAC (LEKARI_lekari_id, Pacienti_pacienti_rodcis) values (6, 382);
insert into LEK_PAC (LEKARI_lekari_id, Pacienti_pacienti_rodcis) values (184, 35);
insert into LEK_PAC (LEKARI_lekari_id, Pacienti_pacienti_rodcis) values (211, 380);
insert into LEK_PAC (LEKARI_lekari_id, Pacienti_pacienti_rodcis) values (229, 459);
insert into LEK_PAC (LEKARI_lekari_id, Pacienti_pacienti_rodcis) values (180, 402);
insert into LEK_PAC (LEKARI_lekari_id, Pacienti_pacienti_rodcis) values (198, 228);
insert into LEK_PAC (LEKARI_lekari_id, Pacienti_pacienti_rodcis) values (182, 35);
insert into LEK_PAC (LEKARI_lekari_id, Pacienti_pacienti_rodcis) values (13, 230);
insert into LEK_PAC (LEKARI_lekari_id, Pacienti_pacienti_rodcis) values (286, 86);
insert into LEK_PAC (LEKARI_lekari_id, Pacienti_pacienti_rodcis) values (71, 427);
insert into LEK_PAC (LEKARI_lekari_id, Pacienti_pacienti_rodcis) values (111, 16);
insert into LEK_PAC (LEKARI_lekari_id, Pacienti_pacienti_rodcis) values (237, 70);
insert into LEK_PAC (LEKARI_lekari_id, Pacienti_pacienti_rodcis) values (83, 109);
insert into LEK_PAC (LEKARI_lekari_id, Pacienti_pacienti_rodcis) values (144, 420);
insert into LEK_PAC (LEKARI_lekari_id, Pacienti_pacienti_rodcis) values (281, 292);
insert into LEK_PAC (LEKARI_lekari_id, Pacienti_pacienti_rodcis) values (55, 31);
insert into LEK_PAC (LEKARI_lekari_id, Pacienti_pacienti_rodcis) values (151, 121);
insert into LEK_PAC (LEKARI_lekari_id, Pacienti_pacienti_rodcis) values (205, 339);
insert into LEK_PAC (LEKARI_lekari_id, Pacienti_pacienti_rodcis) values (252, 41);
insert into LEK_PAC (LEKARI_lekari_id, Pacienti_pacienti_rodcis) values (19, 189);
insert into LEK_PAC (LEKARI_lekari_id, Pacienti_pacienti_rodcis) values (83, 461);
insert into LEK_PAC (LEKARI_lekari_id, Pacienti_pacienti_rodcis) values (247, 158);
insert into LEK_PAC (LEKARI_lekari_id, Pacienti_pacienti_rodcis) values (188, 106);
insert into LEK_PAC (LEKARI_lekari_id, Pacienti_pacienti_rodcis) values (271, 439);
insert into LEK_PAC (LEKARI_lekari_id, Pacienti_pacienti_rodcis) values (12, 111);
insert into LEK_PAC (LEKARI_lekari_id, Pacienti_pacienti_rodcis) values (181, 217);
insert into LEK_PAC (LEKARI_lekari_id, Pacienti_pacienti_rodcis) values (124, 238);
insert into LEK_PAC (LEKARI_lekari_id, Pacienti_pacienti_rodcis) values (62, 58);
insert into LEK_PAC (LEKARI_lekari_id, Pacienti_pacienti_rodcis) values (3, 207);
insert into LEK_PAC (LEKARI_lekari_id, Pacienti_pacienti_rodcis) values (191, 249);
insert into LEK_PAC (LEKARI_lekari_id, Pacienti_pacienti_rodcis) values (237, 13);
insert into LEK_PAC (LEKARI_lekari_id, Pacienti_pacienti_rodcis) values (171, 54);
insert into LEK_PAC (LEKARI_lekari_id, Pacienti_pacienti_rodcis) values (116, 359);
insert into LEK_PAC (LEKARI_lekari_id, Pacienti_pacienti_rodcis) values (35, 122);
insert into LEK_PAC (LEKARI_lekari_id, Pacienti_pacienti_rodcis) values (191, 474);
insert into LEK_PAC (LEKARI_lekari_id, Pacienti_pacienti_rodcis) values (160, 147);
insert into LEK_PAC (LEKARI_lekari_id, Pacienti_pacienti_rodcis) values (133, 202);
insert into LEK_PAC (LEKARI_lekari_id, Pacienti_pacienti_rodcis) values (117, 26);
insert into LEK_PAC (LEKARI_lekari_id, Pacienti_pacienti_rodcis) values (149, 61);
insert into LEK_PAC (LEKARI_lekari_id, Pacienti_pacienti_rodcis) values (57, 75);
insert into LEK_PAC (LEKARI_lekari_id, Pacienti_pacienti_rodcis) values (189, 245);
insert into LEK_PAC (LEKARI_lekari_id, Pacienti_pacienti_rodcis) values (53, 282);
insert into LEK_PAC (LEKARI_lekari_id, Pacienti_pacienti_rodcis) values (264, 132);
insert into LEK_PAC (LEKARI_lekari_id, Pacienti_pacienti_rodcis) values (108, 461);
insert into LEK_PAC (LEKARI_lekari_id, Pacienti_pacienti_rodcis) values (264, 401);
insert into LEK_PAC (LEKARI_lekari_id, Pacienti_pacienti_rodcis) values (211, 409);
insert into LEK_PAC (LEKARI_lekari_id, Pacienti_pacienti_rodcis) values (171, 62);
insert into LEK_PAC (LEKARI_lekari_id, Pacienti_pacienti_rodcis) values (173, 476);
insert into LEK_PAC (LEKARI_lekari_id, Pacienti_pacienti_rodcis) values (129, 4);
insert into LEK_PAC (LEKARI_lekari_id, Pacienti_pacienti_rodcis) values (110, 320);
insert into LEK_PAC (LEKARI_lekari_id, Pacienti_pacienti_rodcis) values (116, 464);
insert into LEK_PAC (LEKARI_lekari_id, Pacienti_pacienti_rodcis) values (2, 43);
insert into LEK_PAC (LEKARI_lekari_id, Pacienti_pacienti_rodcis) values (69, 308);
insert into LEK_PAC (LEKARI_lekari_id, Pacienti_pacienti_rodcis) values (10, 432);
insert into LEK_PAC (LEKARI_lekari_id, Pacienti_pacienti_rodcis) values (245, 430);
insert into LEK_PAC (LEKARI_lekari_id, Pacienti_pacienti_rodcis) values (68, 220);
insert into LEK_PAC (LEKARI_lekari_id, Pacienti_pacienti_rodcis) values (26, 100);
insert into LEK_PAC (LEKARI_lekari_id, Pacienti_pacienti_rodcis) values (225, 71);
insert into LEK_PAC (LEKARI_lekari_id, Pacienti_pacienti_rodcis) values (292, 75);
insert into LEK_PAC (LEKARI_lekari_id, Pacienti_pacienti_rodcis) values (125, 119);
insert into LEK_PAC (LEKARI_lekari_id, Pacienti_pacienti_rodcis) values (84, 60);
insert into LEK_PAC (LEKARI_lekari_id, Pacienti_pacienti_rodcis) values (154, 148);
insert into LEK_PAC (LEKARI_lekari_id, Pacienti_pacienti_rodcis) values (179, 173);
insert into LEK_PAC (LEKARI_lekari_id, Pacienti_pacienti_rodcis) values (65, 99);
insert into LEK_PAC (LEKARI_lekari_id, Pacienti_pacienti_rodcis) values (286, 132);
insert into LEK_PAC (LEKARI_lekari_id, Pacienti_pacienti_rodcis) values (36, 446);
insert into LEK_PAC (LEKARI_lekari_id, Pacienti_pacienti_rodcis) values (108, 158);
insert into LEK_PAC (LEKARI_lekari_id, Pacienti_pacienti_rodcis) values (284, 487);
insert into LEK_PAC (LEKARI_lekari_id, Pacienti_pacienti_rodcis) values (238, 364);
insert into LEK_PAC (LEKARI_lekari_id, Pacienti_pacienti_rodcis) values (228, 284);
insert into LEK_PAC (LEKARI_lekari_id, Pacienti_pacienti_rodcis) values (287, 348);
insert into LEK_PAC (LEKARI_lekari_id, Pacienti_pacienti_rodcis) values (151, 52);
insert into LEK_PAC (LEKARI_lekari_id, Pacienti_pacienti_rodcis) values (283, 405);
insert into LEK_PAC (LEKARI_lekari_id, Pacienti_pacienti_rodcis) values (263, 24);
insert into LEK_PAC (LEKARI_lekari_id, Pacienti_pacienti_rodcis) values (239, 36);
insert into LEK_PAC (LEKARI_lekari_id, Pacienti_pacienti_rodcis) values (158, 316);
insert into LEK_PAC (LEKARI_lekari_id, Pacienti_pacienti_rodcis) values (55, 77);
insert into LEK_PAC (LEKARI_lekari_id, Pacienti_pacienti_rodcis) values (293, 420);
insert into LEK_PAC (LEKARI_lekari_id, Pacienti_pacienti_rodcis) values (254, 251);
insert into LEK_PAC (LEKARI_lekari_id, Pacienti_pacienti_rodcis) values (92, 207);
insert into LEK_PAC (LEKARI_lekari_id, Pacienti_pacienti_rodcis) values (258, 208);
insert into LEK_PAC (LEKARI_lekari_id, Pacienti_pacienti_rodcis) values (293, 55);
insert into LEK_PAC (LEKARI_lekari_id, Pacienti_pacienti_rodcis) values (10, 208);
insert into LEK_PAC (LEKARI_lekari_id, Pacienti_pacienti_rodcis) values (109, 23);
insert into LEK_PAC (LEKARI_lekari_id, Pacienti_pacienti_rodcis) values (22, 254);
insert into LEK_PAC (LEKARI_lekari_id, Pacienti_pacienti_rodcis) values (204, 263);
insert into LEK_PAC (LEKARI_lekari_id, Pacienti_pacienti_rodcis) values (204, 14);
insert into LEK_PAC (LEKARI_lekari_id, Pacienti_pacienti_rodcis) values (155, 86);
insert into LEK_PAC (LEKARI_lekari_id, Pacienti_pacienti_rodcis) values (1, 464);
insert into LEK_PAC (LEKARI_lekari_id, Pacienti_pacienti_rodcis) values (101, 328);
insert into LEK_PAC (LEKARI_lekari_id, Pacienti_pacienti_rodcis) values (235, 319);
insert into LEK_PAC (LEKARI_lekari_id, Pacienti_pacienti_rodcis) values (151, 117);
insert into LEK_PAC (LEKARI_lekari_id, Pacienti_pacienti_rodcis) values (226, 294);
insert into LEK_PAC (LEKARI_lekari_id, Pacienti_pacienti_rodcis) values (177, 141);
insert into LEK_PAC (LEKARI_lekari_id, Pacienti_pacienti_rodcis) values (2, 271);
insert into LEK_PAC (LEKARI_lekari_id, Pacienti_pacienti_rodcis) values (270, 175);
insert into LEK_PAC (LEKARI_lekari_id, Pacienti_pacienti_rodcis) values (204, 357);
insert into LEK_PAC (LEKARI_lekari_id, Pacienti_pacienti_rodcis) values (99, 68);
insert into LEK_PAC (LEKARI_lekari_id, Pacienti_pacienti_rodcis) values (108, 63);
insert into LEK_PAC (LEKARI_lekari_id, Pacienti_pacienti_rodcis) values (148, 388);
insert into LEK_PAC (LEKARI_lekari_id, Pacienti_pacienti_rodcis) values (116, 83);
insert into LEK_PAC (LEKARI_lekari_id, Pacienti_pacienti_rodcis) values (88, 24);
insert into LEK_PAC (LEKARI_lekari_id, Pacienti_pacienti_rodcis) values (137, 419);
insert into LEK_PAC (LEKARI_lekari_id, Pacienti_pacienti_rodcis) values (59, 196);
insert into LEK_PAC (LEKARI_lekari_id, Pacienti_pacienti_rodcis) values (299, 218);
insert into LEK_PAC (LEKARI_lekari_id, Pacienti_pacienti_rodcis) values (112, 389);
insert into LEK_PAC (LEKARI_lekari_id, Pacienti_pacienti_rodcis) values (241, 320);
insert into LEK_PAC (LEKARI_lekari_id, Pacienti_pacienti_rodcis) values (164, 234);
insert into LEK_PAC (LEKARI_lekari_id, Pacienti_pacienti_rodcis) values (78, 461);
insert into LEK_PAC (LEKARI_lekari_id, Pacienti_pacienti_rodcis) values (74, 38);
insert into LEK_PAC (LEKARI_lekari_id, Pacienti_pacienti_rodcis) values (282, 94);
insert into LEK_PAC (LEKARI_lekari_id, Pacienti_pacienti_rodcis) values (9, 284);
insert into LEK_PAC (LEKARI_lekari_id, Pacienti_pacienti_rodcis) values (157, 8);
insert into LEK_PAC (LEKARI_lekari_id, Pacienti_pacienti_rodcis) values (52, 16);
insert into LEK_PAC (LEKARI_lekari_id, Pacienti_pacienti_rodcis) values (180, 244);
insert into LEK_PAC (LEKARI_lekari_id, Pacienti_pacienti_rodcis) values (13, 389);
insert into LEK_PAC (LEKARI_lekari_id, Pacienti_pacienti_rodcis) values (71, 460);
insert into LEK_PAC (LEKARI_lekari_id, Pacienti_pacienti_rodcis) values (101, 299);
insert into LEK_PAC (LEKARI_lekari_id, Pacienti_pacienti_rodcis) values (13, 106);
insert into LEK_PAC (LEKARI_lekari_id, Pacienti_pacienti_rodcis) values (276, 161);
insert into LEK_PAC (LEKARI_lekari_id, Pacienti_pacienti_rodcis) values (298, 436);
insert into LEK_PAC (LEKARI_lekari_id, Pacienti_pacienti_rodcis) values (228, 425);
insert into LEK_PAC (LEKARI_lekari_id, Pacienti_pacienti_rodcis) values (47, 56);
insert into LEK_PAC (LEKARI_lekari_id, Pacienti_pacienti_rodcis) values (296, 283);
insert into LEK_PAC (LEKARI_lekari_id, Pacienti_pacienti_rodcis) values (139, 93);
insert into LEK_PAC (LEKARI_lekari_id, Pacienti_pacienti_rodcis) values (149, 337);
insert into LEK_PAC (LEKARI_lekari_id, Pacienti_pacienti_rodcis) values (286, 335);
insert into LEK_PAC (LEKARI_lekari_id, Pacienti_pacienti_rodcis) values (13, 9);
insert into LEK_PAC (LEKARI_lekari_id, Pacienti_pacienti_rodcis) values (263, 261);
insert into LEK_PAC (LEKARI_lekari_id, Pacienti_pacienti_rodcis) values (297, 245);
insert into LEK_PAC (LEKARI_lekari_id, Pacienti_pacienti_rodcis) values (19, 122);
insert into LEK_PAC (LEKARI_lekari_id, Pacienti_pacienti_rodcis) values (273, 251);
insert into LEK_PAC (LEKARI_lekari_id, Pacienti_pacienti_rodcis) values (92, 252);
insert into LEK_PAC (LEKARI_lekari_id, Pacienti_pacienti_rodcis) values (172, 88);
insert into LEK_PAC (LEKARI_lekari_id, Pacienti_pacienti_rodcis) values (94, 358);
insert into LEK_PAC (LEKARI_lekari_id, Pacienti_pacienti_rodcis) values (161, 129);
insert into LEK_PAC (LEKARI_lekari_id, Pacienti_pacienti_rodcis) values (233, 336);
insert into LEK_PAC (LEKARI_lekari_id, Pacienti_pacienti_rodcis) values (195, 53);
insert into LEK_PAC (LEKARI_lekari_id, Pacienti_pacienti_rodcis) values (17, 211);
insert into LEK_PAC (LEKARI_lekari_id, Pacienti_pacienti_rodcis) values (202, 411);
insert into LEK_PAC (LEKARI_lekari_id, Pacienti_pacienti_rodcis) values (121, 169);
insert into LEK_PAC (LEKARI_lekari_id, Pacienti_pacienti_rodcis) values (115, 472);
insert into LEK_PAC (LEKARI_lekari_id, Pacienti_pacienti_rodcis) values (101, 121);
insert into LEK_PAC (LEKARI_lekari_id, Pacienti_pacienti_rodcis) values (18, 82);
insert into LEK_PAC (LEKARI_lekari_id, Pacienti_pacienti_rodcis) values (81, 226);
insert into LEK_PAC (LEKARI_lekari_id, Pacienti_pacienti_rodcis) values (136, 368);
insert into LEK_PAC (LEKARI_lekari_id, Pacienti_pacienti_rodcis) values (7, 234);
insert into LEK_PAC (LEKARI_lekari_id, Pacienti_pacienti_rodcis) values (13, 300);
insert into LEK_PAC (LEKARI_lekari_id, Pacienti_pacienti_rodcis) values (204, 389);
insert into LEK_PAC (LEKARI_lekari_id, Pacienti_pacienti_rodcis) values (174, 165);
insert into LEK_PAC (LEKARI_lekari_id, Pacienti_pacienti_rodcis) values (122, 347);
insert into LEK_PAC (LEKARI_lekari_id, Pacienti_pacienti_rodcis) values (140, 72);
insert into LEK_PAC (LEKARI_lekari_id, Pacienti_pacienti_rodcis) values (91, 286);
insert into LEK_PAC (LEKARI_lekari_id, Pacienti_pacienti_rodcis) values (296, 440);
insert into LEK_PAC (LEKARI_lekari_id, Pacienti_pacienti_rodcis) values (58, 74);
insert into LEK_PAC (LEKARI_lekari_id, Pacienti_pacienti_rodcis) values (156, 444);
insert into LEK_PAC (LEKARI_lekari_id, Pacienti_pacienti_rodcis) values (176, 29);
insert into LEK_PAC (LEKARI_lekari_id, Pacienti_pacienti_rodcis) values (292, 353);
insert into LEK_PAC (LEKARI_lekari_id, Pacienti_pacienti_rodcis) values (50, 1);
insert into LEK_PAC (LEKARI_lekari_id, Pacienti_pacienti_rodcis) values (13, 256);
insert into LEK_PAC (LEKARI_lekari_id, Pacienti_pacienti_rodcis) values (121, 99);
insert into LEK_PAC (LEKARI_lekari_id, Pacienti_pacienti_rodcis) values (131, 141);
insert into LEK_PAC (LEKARI_lekari_id, Pacienti_pacienti_rodcis) values (12, 231);
insert into LEK_PAC (LEKARI_lekari_id, Pacienti_pacienti_rodcis) values (55, 138);
insert into LEK_PAC (LEKARI_lekari_id, Pacienti_pacienti_rodcis) values (186, 204);
insert into LEK_PAC (LEKARI_lekari_id, Pacienti_pacienti_rodcis) values (300, 337);
insert into LEK_PAC (LEKARI_lekari_id, Pacienti_pacienti_rodcis) values (65, 308);
insert into LEK_PAC (LEKARI_lekari_id, Pacienti_pacienti_rodcis) values (153, 55);
insert into LEK_PAC (LEKARI_lekari_id, Pacienti_pacienti_rodcis) values (272, 150);
insert into LEK_PAC (LEKARI_lekari_id, Pacienti_pacienti_rodcis) values (263, 74);
